lat,lon,image_id,color
6.5026285930762,3.1995747659743,136612031828406,#FF0000
6.5001770364446,3.1991749635899,1109205409929225,#FF0000
6.5001380252474,3.1991782128241,294289222327563,#FF0000
6.5000763900211,3.1991547283135,3159581987642999,#FF0000
6.5000025290989,3.1991661428498,335153887947966,#FF0000
6.5019508246035,3.1995337574215,341396134686383,#FF0000
6.5001250598584,3.1990822170879,476224083630920,#FF0000
6.5002754071798,3.1991988552589,1845214512342161,#FF0000
6.5004843442084,3.1992498352552,1859650014229703,#FF0000
6.5003100806123,3.19910229,296689705278612,#FF0000
6.5002782617114,3.1992046321559,479025379884202,#FF0000
6.5004303515786,3.1992305195192,485664816115248,#FF0000
6.501769262733,3.1994881013111,513308750462521,#FF0000
6.5005169081792,3.1991321478092,515208919509778,#FF0000
6.5007368988105,3.1992770950085,530134382138523,#FF0000
6.5003869416877,3.1992031486325,674151003887290,#FF0000
6.5015623961616,3.1993505993939,265706768631432,#FF0000
6.5005965570917,3.1992421821485,690832601659011,#FF0000
6.5006096078801,3.1992645229765,724607042223867,#FF0000
6.5008591070577,3.1993023779703,7590629497615618,#FF0000
6.5007279063655,3.1991740698152,785054142209843,#FF0000
6.5007740102242,3.1992731860996,895986967624784,#FF0000
6.5012086586588,3.1993728396988,138953124916385,#FF0000
6.5033897698609,3.1998297695884,3355843507982981,#FF0000
6.5025388949382,3.1996415726084,515324773167872,#FF0000
6.5009810391984,3.1993322334936,1479671619148011,#FF0000
6.5014114948678,3.1994181311402,1848274785333680,#FF0000
6.5009372727406,3.1993122642132,488584315745503,#FF0000
6.5013158159363,3.1993904700881,491011465475958,#FF0000
6.5022701536409,3.1995908382735,2701352106835705,#FF0000
6.5012365586446,3.1993939415865,5247923988636343,#FF0000
6.501465006436,3.1994292585366,529195435482497,#FF0000
6.5011112869186,3.1993635627297,788068262173237,#FF0000
6.5015774555289,3.1994365646902,805582983735837,#FF0000
6.5013464436255,3.19941999792,807403210219292,#FF0000
6.5015036384391,3.1994525576927,833882957223384,#FF0000
6.5015864830208,3.1994547625941,183161520343572,#FF0000
6.5013376345455,3.1993003072728,463993128237575,#FF0000
6.5035425023946,3.1998350719637,740374793624239,#FF0000
6.5009232118049,3.1992120890732,579701549662034,#FF0000
6.501127658191,3.1992548826131,771093707113344,#FF0000
6.5017795858639,3.199392939267,1006070143262802,#FF0000
6.5021241501302,3.1995659909289,1106328923549442,#FF0000
6.5019771429807,3.1995040417416,194165779220603,#FF0000
6.5021267713433,3.1995395352657,308115187594561,#FF0000
6.5034594724346,3.199740183501,140748214648208,#FF0000
6.5016962201705,3.199465098723,315562463420948,#FF0000
6.5018666630213,3.1995071628842,3309026929381231,#FF0000
6.5019883325736,3.1994388516619,341131967442751,#FF0000
6.5042757305747,3.1999934307588,223953579087836,#FF0000
6.502231401401,3.1995612365329,4933022173414096,#FF0000
6.5021941932528,3.1994805335347,501763211061480,#FF0000
6.503045948,3.1996552048,2542759112700536,#FF0000
6.5016739458941,3.1994643409862,519102309877717,#FF0000
6.5020407738622,3.1995356401983,722398402453223,#FF0000
6.5031979716588,3.1997676665004,1025365171487917,#FF0000
6.5032696744084,3.1996989707275,1226015574498447,#FF0000
6.5031852294611,3.1997487881188,1421154298257910,#FF0000
6.5025696574551,3.1996322909044,1499959347087420,#FF0000
6.503335604826,3.1998015735008,2637750309693479,#FF0000
6.50313611792,3.1997508193283,3107564606164001,#FF0000
6.5034688404655,3.1998276863208,3225027271111398,#FF0000
6.5030918900839,3.199729524576,498061774723141,#FF0000
6.5032778838968,3.1997660078348,511433693227413,#FF0000
6.5032647926669,3.1997732808389,5314872658571670,#FF0000
6.5030628455504,3.1997258960173,542236397271196,#FF0000
6.5034928868204,3.1998149022011,765433504340346,#FF0000
6.5030064295462,3.1997228213106,883436785390723,#FF0000
6.502974198062,3.1997170572658,964403290917556,#FF0000
6.5039821992323,3.1999073518566,1365725217277681,#FF0000
6.5038096442136,3.1998859477432,1433393893679996,#FF0000
6.5041262771685,3.1998858291126,1668003863385180,#FF0000
6.5038970628514,3.1998308269076,191154242830223,#FF0000
6.5039582959049,3.1999253497194,2836734546637647,#FF0000
6.5037169366835,3.1998661569189,3216050915291245,#FF0000
6.5038002563477,3.1998814298338,3217380905207113,#FF0000
6.5037078034953,3.1998619890289,369495101160262,#FF0000
6.5036663752965,3.1997832865612,523870655414944,#FF0000
6.5036339460199,3.1998501478676,574017930755802,#FF0000
6.5038982501708,3.1998835231618,702044174162717,#FF0000
6.5043662630725,3.1999303568703,286321199836206,#FF0000
6.5028331897348,3.1996820633524,1053146008959992,#FF0000
6.5027640099315,3.1996768218912,1158318098323799,#FF0000
6.5026992916773,3.1996689502137,694366428460185,#FF0000
6.5026356707248,3.1996488550888,1331878247300330,#FF0000
6.5024133873865,3.1995258212917,165820218702963,#FF0000
6.5024142128573,3.1996164724519,173007048068438,#FF0000
6.502833916129,3.1996126258065,176127471083857,#FF0000
6.5027245489669,3.1996598925467,183955726821186,#FF0000
6.5023160837036,3.1995737118982,1846990558824674,#FF0000
6.5028198835827,3.1996736936728,252813676591075,#FF0000
6.5029038604268,3.1996933536353,301476231691336,#FF0000
6.5025074564397,3.1996226166589,3147756332130644,#FF0000
6.5024350364793,3.1996180652238,682768562993539,#FF0000
6.5023816948037,3.1995901026349,3222168878110482,#FF0000
6.5026474604132,3.1996551182947,490231812171829,#FF0000
6.5028919365381,3.1996973601225,549833396534626,#FF0000
6.5041034779412,3.1999540425188,1146790029157788,#FF0000
6.5041929456413,3.1999785642073,202254498251180,#FF0000
6.5041825602091,3.1999562397459,523253039267116,#FF0000
6.5041180628808,3.1999466199286,670006260974235,#FF0000
6.5040491515777,3.1999375082212,695923248523943,#FF0000
6.5045714817641,3.1999644166501,3818107314974246,#FF0000
6.5042584336879,3.1999703693616,5081958115193087,#FF0000
6.654573383981,3.3964711159042,312623410417449,#FF0000
6.6551895905361,3.3970747963861,303477211288392,#FF0000
6.6558205087077,3.3977159234717,777892479754132,#FF0000
6.6565182906232,3.3984135827477,500527081142993,#FF0000
6.6572219654494,3.399056840193,303696261203860,#FF0000
6.6540560744045,3.3958710085938,136265151856988,#FF0000
6.6536652296155,3.395355216928,879340932649355,#FF0000
6.6579624591874,3.399728468082,332621691550770,#FF0000
6.6532976612507,3.3949228569913,377198020314810,#FF0000
6.6530574045647,3.3945858368834,891040431768408,#FF0000
6.6528139781288,3.3942597587942,475708163657988,#FF0000
6.6525238372272,3.3938516686987,574365653528588,#FF0000
6.6521361821772,3.393334002023,959792808092050,#FF0000
6.6517775120698,3.3928345741942,211951087409150,#FF0000
6.6514800682488,3.3923605745996,589571085280303,#FF0000
6.6512054870082,3.3919353766836,611187763167406,#FF0000
6.6508647743506,3.3914069943792,296640338680235,#FF0000
6.6505954080967,3.3908756467857,157190816352602,#FF0000
6.6502916184399,3.3903623494738,291524526006751,#FF0000
6.6500447445577,3.3898632847078,367946541325500,#FF0000
6.4488966945711,3.3064389391472,1852981491822581,#FF0000
6.4488980866002,3.3064446243079,333629872947591,#FF0000
6.4488872143808,3.3064301848154,343599761640311,#FF0000
6.4488872143808,3.3064301848154,699004518662761,#FF0000
6.4488913121,3.306432349271,705872904854031,#FF0000
6.4488977183542,3.3064329953392,745728510806684,#FF0000
6.6901553989399,3.1613171131581,1024994879695675,#FF0000
6.6890268804855,3.1686940396173,1096505755619920,#FF0000
6.6894394292283,3.1654636357146,1362425355073624,#FF0000
6.6849316032507,3.1697258462008,1437856947577464,#FF0000
6.6886511044272,3.1674524242232,675892108932343,#FF0000
6.6902020296508,3.1615961689355,1176401370893745,#FF0000
6.6840760762116,3.1732290563911,1489462148694664,#FF0000
6.687159246424,3.1689964102022,674182688640542,#FF0000
6.6889716106514,3.1685804698803,726151709977306,#FF0000
6.6901888940702,3.1614084484888,1186318316362974,#FF0000
6.686752176132,3.1707766151269,1384059089276728,#FF0000
6.6904820014884,3.1648123057377,1669815336972767,#FF0000
6.6882313296563,3.169678455762,3026577244184396,#FF0000
6.6886071168573,3.1674632892225,861262252856337,#FF0000
6.6864373496907,3.1713956709732,993459402768454,#FF0000
6.6864148612402,3.1687858787146,1015290476882513,#FF0000
6.6847464992988,3.1705566615356,1190518186155907,#FF0000
6.6901788931337,3.161393926507,1197973058716253,#FF0000
6.6901435876663,3.1612936380361,1201915841517431,#FF0000
6.6895258458799,3.1666107829228,1597138687658809,#FF0000
6.6862480804224,3.1694975711838,24252043177731871,#FF0000
6.6901482459354,3.1613063634558,1206659474319712,#FF0000
6.6886161535227,3.1694251667257,1744767049753949,#FF0000
6.6843402394381,3.1691458807419,649439274627966,#FF0000
6.6867795389532,3.1707347466672,1209317664164288,#FF0000
6.6901862624791,3.1614372325051,1221323756104512,#FF0000
6.6868131624466,3.1691736105139,1544568379584713,#FF0000
6.6901451037542,3.1612879406562,1228788761936765,#FF0000
6.6842379367897,3.1714323893208,1437427073931765,#FF0000
6.6847071926814,3.1718741003142,2936868083146149,#FF0000
6.6895627741288,3.1654183531641,553043814507960,#FF0000
6.690340337935,3.1633804316586,1208738277576007,#FF0000
6.6889463555195,3.1691924577383,1223539995997335,#FF0000
6.6902177089243,3.1615993812276,1234292681586233,#FF0000
6.6851439048106,3.1701458547399,1901683487033979,#FF0000
6.6901979211933,3.1616408936108,1241998647267604,#FF0000
6.6862323917099,3.169506461309,634869346213935,#FF0000
6.6880592552297,3.1697869968466,675830791843790,#FF0000
6.6865449271355,3.1711802978664,700827195826816,#FF0000
6.6901647827359,3.1613965530143,1242656487298048,#FF0000
6.6844545883426,3.1716675407669,1298842847881578,#FF0000
6.6864259405383,3.1699644315903,1380359376497591,#FF0000
6.6901605414718,3.1613904124219,1255120649461057,#FF0000
6.6904140353076,3.1642036815338,1402828134247807,#FF0000
6.6904226870482,3.1653359957959,3951328401747088,#FF0000
6.6848829346699,3.1720681157545,1209132837888268,#FF0000
6.6845142376459,3.1717185618276,1249598156586069,#FF0000
6.6901539972124,3.1613724483683,1306989660376918,#FF0000
6.6849705033839,3.1719430808504,1948005545605323,#FF0000
6.6855566155246,3.1698801618724,1044006797790764,#FF0000
6.6868228855169,3.1689214576086,1183549966898779,#FF0000
6.6902587041787,3.165356607601,1222138819438060,#FF0000
6.6901615943475,3.1612547108339,1337864564165151,#FF0000
6.6903864362614,3.1635329905782,1491816141792325,#FF0000
6.6902466444542,3.1627597287608,677152631631248,#FF0000
6.6901654461743,3.1612773153775,1369078857459785,#FF0000
6.6902007777221,3.1620804808607,710576771428100,#FF0000
6.6874110367626,3.1677153474942,928675735901868,#FF0000
6.6903477845072,3.1653557444308,1024190632982544,#FF0000
6.6877645418816,3.1693095836093,1283282276838377,#FF0000
6.6850756532319,3.1702265901437,1352055099358594,#FF0000
6.6901949136749,3.1614084650268,1370617294196041,#FF0000
6.6901695986331,3.1613461215025,705712921943507,#FF0000
6.6901654461743,3.1612773153775,1374263647245261,#FF0000
6.6904917178534,3.1653257927843,713441407683889,#FF0000
6.6875194350748,3.1689221859869,1168275521653473,#FF0000
6.6876294333516,3.1690760364067,1183668023241556,#FF0000
6.689455513836,3.1662418168443,1262860958594595,#FF0000
6.6903929595111,3.1637617693132,1359535518582638,#FF0000
6.6901538338718,3.1612714521393,1392907765168913,#FF0000
6.6903893933034,3.1641888148249,1421570092201680,#FF0000
6.6870022064734,3.1704094972765,1300599741425499,#FF0000
6.6901841158542,3.1613975222237,1397747091239263,#FF0000
6.688757935738,3.1680974697803,1883410805803220,#FF0000
6.6901550267629,3.1612550535616,2880015088838115,#FF0000
6.6864036663425,3.1694105665794,652972107702878,#FF0000
6.6902186054131,3.1615679162636,1402983577539390,#FF0000
6.6848761742936,3.1704172055911,606413895841389,#FF0000
6.6850612768918,3.1698206657747,1374497490638855,#FF0000
6.6901473509831,3.1612659520162,1433440160985254,#FF0000
6.6901434522573,3.1612831538041,2101282426966354,#FF0000
6.6903698125778,3.1637118208437,560863786618540,#FF0000
6.6903436691164,3.1633065479468,694204393004978,#FF0000
6.6844448832707,3.1726713140583,1174446284463784,#FF0000
6.690169712929,3.1614017816327,1492881138359462,#FF0000
6.6886193078055,3.1691639313346,1675244036498837,#FF0000
6.6851449079597,3.1722502548647,646848331499380,#FF0000
6.6849654846658,3.1719915675243,1549571302665407,#FF0000
6.6901935480739,3.1614334535368,1696479987924037,#FF0000
6.6843703222407,3.1710165695404,2346153105767552,#FF0000
6.6866073429071,3.1687347683091,534822006348060,#FF0000
6.6877816738108,3.1693556518637,949571434057613,#FF0000
6.690201852921,3.1615816826154,1720418845541364,#FF0000
6.6892035356039,3.1673384360237,1777464529496295,#FF0000
6.6858429683392,3.1725199390758,658640093456818,#FF0000
6.6848138636935,3.1719874548452,1388311465927840,#FF0000
6.6901654049335,3.1614030234973,1736107147285435,#FF0000
6.6831257033796,3.1738153275942,1134967598403223,#FF0000
6.6880181732499,3.1698205974431,1348802153023432,#FF0000
6.6901595826055,3.1613152760431,1741914323427711,#FF0000
6.69038951565,3.1653575238037,1774860229797120,#FF0000
6.6847517403547,3.169570267209,472007545933284,#FF0000
6.6903860737281,3.1641434179695,659939256922611,#FF0000
6.688176486822,3.1697151593457,1375839293660600,#FF0000
6.6886627533898,3.1678709315735,1697962657595427,#FF0000
6.690169712929,3.1614017816327,1764310767448282,#FF0000
6.6875522064667,3.1689428754069,1236532104474770,#FF0000
6.6901982643645,3.1615424315361,1767623407135301,#FF0000
6.6903151600909,3.1626855626536,1207872657383948,#FF0000
6.6901445718606,3.1612935805754,1867223137360560,#FF0000
6.6879782073304,3.1685890780953,1318080519270196,#FF0000
6.6883116784578,3.1675198652369,1491418505576229,#FF0000
6.6903935540775,3.1642349198252,1857450201734889,#FF0000
6.6901898998923,3.161372790435,2102535153579058,#FF0000
6.688517910013,3.1675995371774,1016794916702459,#FF0000
6.6895210732758,3.167092367089,1371390990731848,#FF0000
6.683156250362,3.1738166789724,1578239402848338,#FF0000
6.6901486960388,3.161298149598,2149553712162068,#FF0000
6.6884011033265,3.1674952561987,3892728447688077,#FF0000
6.6895210263429,3.1654257695296,9768879139894949,#FF0000
6.690158025119,3.1653520311742,693893949980763,#FF0000
6.686547440984,3.1703859879625,971913958087426,#FF0000
6.6894498738715,3.1659773116221,1384421736109644,#FF0000
6.6862986140751,3.1716697698823,1943829286367550,#FF0000
6.690168956302,3.1613544914026,2192398384548471,#FF0000
6.68666042338,3.1687351047083,1185417896564349,#FF0000
6.6902101162448,3.1615056148216,3040465616123225,#FF0000
6.6901780381047,3.1613874038838,3830329227112856,#FF0000
6.6845336832609,3.1708422820231,665619279518243,#FF0000
6.6859401404052,3.1697922961677,1671066687114492,#FF0000
6.6902051811804,3.1614752833618,4156182201375249,#FF0000
6.6899005493727,3.1653926914895,709066381801190,#FF0000
6.6894471489206,3.1671766731853,712202461245082,#FF0000
6.6895421142939,3.1670322899923,1085169240304067,#FF0000
6.6901434522573,3.1612831538041,4363627953868996,#FF0000
6.6901669818134,3.1614041430428,541095055705517,#FF0000
6.6863459575195,3.1687990761926,656090737292281,#FF0000
6.6904242443158,3.1643528349945,3897040207216968,#FF0000
6.6901445718606,3.1612935805754,556312117508115,#FF0000
6.6901445718606,3.1612935805754,619958254432834,#FF0000
6.6904177880241,3.1642554649359,1233409278145392,#FF0000
6.6852511117055,3.168362097835,1388769942541324,#FF0000
6.6902170085404,3.161627354735,596339516782379,#FF0000
6.6870883772836,3.1690298651804,880380830891078,#FF0000
6.6879186162716,3.1698905761941,589028503492349,#FF0000
6.6901885579186,3.1614719588608,604827682570931,#FF0000
6.6901158735083,3.1653736562596,688191753724023,#FF0000
6.6849868438337,3.171975334942,1177053897242637,#FF0000
6.6841933784959,3.1712754048075,1642279876653701,#FF0000
6.6905444092942,3.1652475594354,1720051591879862,#FF0000
6.6897529226211,3.1653953587762,537340459171520,#FF0000
6.6901505022646,3.1613295778705,604876522584413,#FF0000
6.685945905945,3.1686530397501,694675669677664,#FF0000
6.6848258486126,3.1719637593549,1318713975874827,#FF0000
6.6868598118239,3.1691500455094,2098344024020981,#FF0000
6.6885331730537,3.1690231695251,529522043355091,#FF0000
6.6901605414718,3.1613904124219,665040779579716,#FF0000
6.690334709419,3.1624655114993,686042723899688,#FF0000
6.6867667863615,3.1702318405949,995531186038172,#FF0000
6.6876728207545,3.1687855400151,1132582828883673,#FF0000
6.6858499564085,3.1680736774672,1226240039119951,#FF0000
6.6864338510101,3.1702805860235,1742545883278528,#FF0000
6.6837010231462,3.1734300248002,9890671054309596,#FF0000
6.6895581277126,3.1669454816044,664617609766320,#FF0000
6.6901923402816,3.1615063818257,668617435879504,#FF0000
6.6851020546067,3.16985933796,982587477196830,#FF0000
6.6865623605718,3.1687386890787,1368161194515121,#FF0000
6.6842245438532,3.1729876136997,660196063602799,#FF0000
6.6901605414718,3.1613904124219,672266015537137,#FF0000
6.6890906944014,3.1673640490395,1040486284654273,#FF0000
6.6876698260843,3.1700560057542,1221970769812156,#FF0000
6.6872845760389,3.1703212545074,2264732707257785,#FF0000
6.6891337540861,3.1690017674479,650515827804753,#FF0000
6.690216060074,3.1615388311609,674203658870803,#FF0000
6.688517910013,3.1675995371774,1644243192957673,#FF0000
6.6846837868968,3.1718790588508,1736843810513277,#FF0000
6.6901686648584,3.161273193607,699374659257873,#FF0000
6.6849690569906,3.1719357907818,1014141263678376,#FF0000
6.6849537562194,3.1720104421806,665448866416080,#FF0000
6.6903825280804,3.1653361172234,696688169547316,#FF0000
6.6901646446989,3.1613328018017,702299125627887,#FF0000
6.6852415199463,3.1700505359055,1374968977159895,#FF0000
6.690166848892,3.1613291840059,704161895473902,#FF0000
6.6894076878593,3.1655127290275,1181904243226329,#FF0000
6.6835414482617,3.1735278491798,1210967824027804,#FF0000
6.6873399967901,3.1689343556021,1667525217487560,#FF0000
6.6901749104908,3.1613781702601,706235618490901,#FF0000
6.6886375803288,3.1678186676973,1098803978756561,#FF0000
6.6901898998923,3.161372790435,709936918310364,#FF0000
6.6886077160605,3.1694259280808,1106719011471484,#FF0000
6.6830492725557,3.1738101427014,1326911641935052,#FF0000
6.6903866482417,3.1638822442109,1896048377818706,#FF0000
6.686684453744,3.1692401951075,688994010317908,#FF0000
6.6868841867396,3.1691272186566,709618714863104,#FF0000
6.6877361770223,3.1676399726727,711569335099042,#FF0000
6.690164086891,3.1612790894171,969855314998108,#FF0000
6.6841036180554,3.1732312168097,1113799560553682,#FF0000
6.6903294636596,3.163213210636,1185243423380295,#FF0000
6.686347939495,3.1715695844014,3096889873826464,#FF0000
6.6901830980861,3.1613571923237,982211730362955,#FF0000
6.6842045581964,3.1713726984582,1412575193439771,#FF0000
6.6841251447623,3.1737349835473,3979445495655715,#FF0000
6.6901719002976,3.1613675341415,996205416019474,#FF0000
6.6859128104144,3.1696725372858,1411846190267059,#FF0000
6.6902159023451,3.1618060613827,1015826067326848,#FF0000
6.6872126742249,3.1689686873075,1711951269735154,#FF0000
6.6870980387434,3.168897127653,1825908928185887,#FF0000
6.6901965933924,3.1616676205793,1022117899843366,#FF0000
6.6841602462645,3.1733277794543,530079480180786,#FF0000
6.6849181395515,3.1719833374349,649369534659946,#FF0000
6.6866138120049,3.1710351585861,997511242456605,#FF0000
6.6902068401882,3.1621898147305,1070199518312110,#FF0000
6.6898000159655,3.1653954237203,1190211412599086,#FF0000
6.6889153427806,3.1673876465126,1620412612040795,#FF0000
6.6866898734466,3.1687412909445,2800302403487804,#FF0000
6.6901954986758,3.1620432128449,1084242483719368,#FF0000
6.6902546263545,3.1628973367128,3509781145821144,#FF0000
6.6849777330852,3.1719751281863,3526124301025495,#FF0000
6.6846316990444,3.1706932228956,604860209234521,#FF0000
6.6901987881401,3.1617896330136,1093648799257157,#FF0000
6.6866632186696,3.1709430866561,1345889346702933,#FF0000
6.6871490547012,3.1677768101494,1380848739727160,#FF0000
6.6854229782363,3.1682895823986,528414406802674,#FF0000
6.6902123466928,3.1619302073264,1099104045357371,#FF0000
6.6840582312215,3.1740678280372,1391499895610283,#FF0000
6.6861586738742,3.1695469781124,665072216137174,#FF0000
6.6902883716161,3.1653426693831,1017532553324970,#FF0000
6.6901940395502,3.1617021770151,1132573362247888,#FF0000
6.6841897703965,3.1711962061997,549238814538996,#FF0000
6.6903044911931,3.1653540372241,950427600332280,#FF0000
6.6901965933924,3.1616676205793,1189443962662808,#FF0000
6.684568610714,3.1717777657951,1390345758829793,#FF0000
6.6853234680887,3.1700026517016,1397036451452057,#FF0000
6.6845913009149,3.1707421294256,564734229978817,#FF0000
6.6903596878605,3.1638826136512,1188330915823142,#FF0000
6.6890004100353,3.169155878291,1191497779015289,#FF0000
6.6902276872067,3.1621069984085,1348161103130955,#FF0000
6.6883406811189,3.1696114616118,1370672630934802,#FF0000
6.6860693276381,3.1696933934099,1391104358585129,#FF0000
6.6845236547469,3.172551092571,2921220668049816,#FF0000
6.6903461091802,3.1631066361794,665105662820349,#FF0000
6.6903810588866,3.1635046216016,698718736056708,#FF0000
6.6886012811428,3.1691257160494,1213452246999185,#FF0000
6.6901916132641,3.1619246325133,1364909344553807,#FF0000
6.6862626360475,3.1701247320525,1659332411422664,#FF0000
6.6902354205817,3.1623268511013,1662876304353108,#FF0000
6.6841515755357,3.1733189790046,3623978471230705,#FF0000
6.6855501651056,3.1725426954978,3962819847364564,#FF0000
6.6902058566094,3.1618700420573,558265483562533,#FF0000
6.685584577609,3.1725500731236,613614748372606,#FF0000
6.6902270507903,3.16207981739,1379298473310559,#FF0000
6.6895118316788,3.1666256294692,1607609239958480,#FF0000
6.687017377664,3.1678044052563,1252035479865345,#FF0000
6.6880592552297,3.1697869968466,1366443091475916,#FF0000
6.6901916132641,3.1619246325133,1391204778897747,#FF0000
6.6849859946748,3.171973764909,662876213023785,#FF0000
6.68577387738,3.1725981867904,1228321512140416,#FF0000
6.6901965933924,3.1616676205793,1392060538392845,#FF0000
6.684428757952,3.1726938114452,1566812880907109,#FF0000
6.6841365682032,3.1735880490675,2869196119908272,#FF0000
6.6868236524097,3.1702712462344,3057788331059549,#FF0000
6.685757204368,3.1684971619779,544821505332503,#FF0000
6.6858268990142,3.1725439623875,582575054214981,#FF0000
6.688557664455,3.169054400973,675027721889880,#FF0000
6.6902215659635,3.1621484520292,1413076833193128,#FF0000
6.6903106170465,3.162726587555,29755635584020207,#FF0000
6.6890903895683,3.1690898797616,1002107642026589,#FF0000
6.6872088557657,3.1688992002331,1096454165591769,#FF0000
6.6902210122537,3.1620189988324,1439013147275534,#FF0000
6.6903286017655,3.1624453496432,650971237743632,#FF0000
6.6855706819789,3.168216443067,1210028850527365,#FF0000
6.6902053061129,3.1618834306618,1478393313137916,#FF0000
6.6852866297378,3.1723575115847,1885348695565707,#FF0000
6.6845323810617,3.1717211888914,1004880578517109,#FF0000
6.6848693224071,3.1720756211744,1247979160273415,#FF0000
6.6904725388451,3.1648587012195,1409928626670800,#FF0000
6.690216652675,3.1617394333404,1599334281456066,#FF0000
6.6891173371206,3.1690508315154,4176084409315194,#FF0000
6.6860187732346,3.1698692166391,695526569681831,#FF0000
6.6872360343671,3.1703521090722,1206917883641361,#FF0000
6.6902080866912,3.1621227430807,1725584688056842,#FF0000
6.6887057164252,3.1679771663313,8870980423003197,#FF0000
6.687001089764,3.1705227580175,1019468093479919,#FF0000
6.6885069275162,3.1675332315672,1326197788673113,#FF0000
6.6841823740591,3.1713445417042,1747068786245509,#FF0000
6.6862578986169,3.1679666432245,1820837001794020,#FF0000
6.6903413747024,3.1630350236166,1839200676839819,#FF0000
6.6902179852223,3.1621859712365,1865819233959963,#FF0000
6.6841251447623,3.1737349835473,693320009892889,#FF0000
6.6863112083161,3.1679556308931,1248424393515445,#FF0000
6.6902162934887,3.1616665492974,1916943149109396,#FF0000
6.684379852073,3.1727601499568,705005432028367,#FF0000
6.6859295347934,3.1697513057922,1021613599431547,#FF0000
6.6902083124712,3.1621491175319,2078868619191701,#FF0000
6.688535215387,3.1674847002209,621638024170820,#FF0000
6.69021650468,3.1623757626808,1686532915323820,#FF0000
6.6902170973928,3.1619882672989,2197614853991121,#FF0000
6.6889819170823,3.167376656102,576069184923664,#FF0000
6.6877079070133,3.1687605524709,961120295892049,#FF0000
6.6901929907591,3.1616865101451,2276847199378512,#FF0000
6.6859312948749,3.1686467055416,3031497497010308,#FF0000
6.688702143267,3.1693312515879,457579500746354,#FF0000
6.6873664759196,3.1702655610115,1441782383866389,#FF0000
6.6902194709758,3.1618407919417,2512620515751565,#FF0000
6.6843260951764,3.1728370339202,4101544460089988,#FF0000
6.6845875713666,3.1687096867474,600669429655255,#FF0000
6.6894108744563,3.1656146868111,1188020142782511,#FF0000
6.6901855528657,3.1619809943,29310208838625431,#FF0000
6.6859295347934,3.1697513057922,1043726594484881,#FF0000
6.6861669315088,3.1719255540164,1078258884120985,#FF0000
6.6845098762067,3.1716994946386,1414190816257455,#FF0000
6.6882428494683,3.168558844883,1594494114595290,#FF0000
6.6848402022251,3.1704483629729,2191153274648368,#FF0000
6.6901968387657,3.161745694176,3977099212562923,#FF0000
6.6902856484391,3.1630000413626,545424208288833,#FF0000
6.684550828997,3.1725083734918,1438552007311544,#FF0000
6.6841772828754,3.1731153270346,1878236389667768,#FF0000
6.690215423846,3.1622219133122,4153833304899387,#FF0000
6.688702143267,3.1693312515879,484916564614649,#FF0000
6.6901997839986,3.1618324331029,487562777682361,#FF0000
6.6876825559769,3.169142764969,1186869222979376,#FF0000
6.6859241510146,3.1724261651774,29077154498565807,#FF0000
6.690190127066,3.162013374329,530428776807435,#FF0000
6.6903517299042,3.1632322073886,4126658024237474,#FF0000
6.690215661347,3.161704515502,571511799298590,#FF0000
6.6894136759783,3.1672041598363,738192332051035,#FF0000
6.6887402657579,3.1674273797807,1135561314991966,#FF0000
6.6894658809533,3.1662046133243,1207156347532962,#FF0000
6.6902125389457,3.1619606849532,615570771512092,#FF0000
6.6897060338867,3.1653966445058,4015011638775971,#FF0000
6.6881124154784,3.168513821129,635860462610517,#FF0000
6.6902125389457,3.1619606849532,653755550600008,#FF0000
6.6902167300984,3.1617740844797,655683053933465,#FF0000
6.6840429537393,3.1732389159293,1180921493236949,#FF0000
6.6847169003153,3.1719091488748,1497288657912396,#FF0000
6.6902190080051,3.1619032078947,656518600624808,#FF0000
6.6901965933924,3.1616676205793,659494883564570,#FF0000
6.6861163664734,3.1720225360879,1341306946919190,#FF0000
6.6887757793088,3.1693081951736,1387842728908778,#FF0000
6.6902005821,3.1622287158451,673900748811423,#FF0000
6.6841870929329,3.1713683682445,934967268596435,#FF0000
6.6843400021114,3.1689641860439,1048984293742898,#FF0000
6.6904273145276,3.1645655671614,1354845279059963,#FF0000
6.6903575283125,3.1638215583446,1970225223785129,#FF0000
6.6903690269433,3.1634191793398,4013525272235937,#FF0000
6.6901916132641,3.1619246325133,683231920776802,#FF0000
6.6905232473379,3.1651553719246,1078775217421635,#FF0000
6.6905101908642,3.1653040901296,1078775220754968,#FF0000
6.6903482178049,3.1631384239722,567803359669988,#FF0000
6.6902240965275,3.1620509567785,689996906769632,#FF0000
6.6905281695479,3.1651880765435,653800057440206,#FF0000
6.6901997839986,3.1618324331029,702656045779440,#FF0000
6.6902173881711,3.1622436840906,708263524873305,#FF0000
6.6903660078243,3.1639067986769,1414081979586119,#FF0000
6.6882393518439,3.1696755674469,1581472685852380,#FF0000
6.6871864638463,3.170385108966,1845049872937992,#FF0000
6.6840813217798,3.1740241330698,3887356481479144,#FF0000
6.686937045335,3.1689591303895,1464370941205780,#FF0000
6.6880986785387,3.1697807604119,1579586586332881,#FF0000
6.6901855528657,3.1619809943,8961877597246206,#FF0000
6.6864194438082,3.167932619787,1027214742177326,#FF0000
6.6893955481413,3.1655997637891,1422445752525221,#FF0000
6.6901882532769,3.1619404909779,9547036205381761,#FF0000
6.6866230104815,3.1692796431153,597103006715734,#FF0000
6.6902014546851,3.1618968098623,962657602421104,#FF0000
6.6903121127008,3.1627741344969,1261257925417402,#FF0000
6.6893805442162,3.167229540823,1273382467838781,#FF0000
6.6903411894105,3.1634169031949,1331814501450077,#FF0000
6.6862213601644,3.1698022625596,2567448026759212,#FF0000
6.6859365105498,3.169712117596,9688900617825715,#FF0000
6.6866632186696,3.1709430866561,994990036160982,#FF0000
6.6870580868543,3.1686682592795,1009091261325526,#FF0000
6.6877960019229,3.1686971676618,1268007291549087,#FF0000
6.6850166923151,3.1702550283289,1734176317308013,#FF0000
6.6882684357776,3.1685932912386,2938062236356909,#FF0000
6.6878257966651,3.1686915546371,9144308385668732,#FF0000
6.6902213177746,3.1618712566399,9640011809423718,#FF0000
6.6857211325337,3.1697966944992,582186361575854,#FF0000
6.6895390773637,3.1670932053225,627416523629004,#FF0000
6.6903356126923,3.1624851838065,1004138308531655,#FF0000
6.6902054766876,3.1622799806337,1032251348832038,#FF0000
6.6888928326122,3.1673989970471,1048779013762938,#FF0000
6.6868346484993,3.1706561963593,1262058591933978,#FF0000
6.689366473138,3.1672670063671,1604548136928020,#FF0000
6.690230383949,3.162316636711,1034674841879144,#FF0000
6.6904738538866,3.1647674019449,1773362323393555,#FF0000
6.6902504409995,3.1628555079118,1053826056591750,#FF0000
6.6856274409668,3.1698414499694,1194038605850327,#FF0000
6.6860922201429,3.1720742998547,1345876996718153,#FF0000
6.6902419981941,3.1625833686373,1475941467147538,#FF0000
6.6852155557145,3.1700794291577,1617357862296397,#FF0000
6.69031854862,3.162836852875,1083146363753142,#FF0000
6.6903216853115,3.1631084805931,1217506286400315,#FF0000
6.6877548555965,3.1692682257647,3047254178758174,#FF0000
6.6903216711849,3.1628721061397,1113547987197624,#FF0000
6.6869098365658,3.168630109802,656246987272574,#FF0000
6.6902864921735,3.1623893984194,1156718556251912,#FF0000
6.6884675131952,3.1689213986648,614077578315988,#FF0000
6.6893167809552,3.1672723604756,681398734829205,#FF0000
6.6848228527321,3.1696324090745,731668889385689,#FF0000
6.6902444732294,3.1626172458498,1178815217360385,#FF0000
6.6862008811989,3.1679791388919,1578750319504704,#FF0000
6.6843211660996,3.1715413629374,2666439683542590,#FF0000
6.689128563941,3.167361085443,677242021914006,#FF0000
6.6902504409995,3.1628555079118,1185304269430776,#FF0000
6.6903363559606,3.1653385291121,1311940786567123,#FF0000
6.6902351367208,3.162526994578,1217637139978978,#FF0000
6.6848351106655,3.1721113338313,1697426657518688,#FF0000
6.6843288074372,3.1690878107192,2425605181121495,#FF0000
6.6880283644361,3.1697827176114,564055346736657,#FF0000
6.6865718464531,3.1678964600534,659987673480090,#FF0000
6.6893186524821,3.167290256153,1187725135796005,#FF0000
6.6902504409995,3.1628555079118,1225118079133377,#FF0000
6.6861257728242,3.1687973755108,4756851271207189,#FF0000
6.6869814607774,3.1689550983854,8803316826438593,#FF0000
6.690281293267,3.1629841015024,9101973629909243,#FF0000
6.6886597061301,3.1693972759779,1028310255437245,#FF0000
6.6853791313137,3.1724282059433,1203647838132485,#FF0000
6.6902429209673,3.1627123649885,1227405045638264,#FF0000
6.6860479708019,3.1721750009383,1672463116731619,#FF0000
6.6863189473755,3.1701759503248,2518618041820618,#FF0000
6.6903215730198,3.1626421160907,1239269670948709,#FF0000
6.6903660078243,3.1639067986769,1367596467905528,#FF0000
6.6863484975374,3.1694448790301,1393673692049472,#FF0000
6.6894793525613,3.1663178051024,1703220097228495,#FF0000
6.6856798421798,3.1698168268545,609050978855091,#FF0000
6.6868042047144,3.1706084055633,652318804278808,#FF0000
6.6858218220587,3.1697457871588,672323505396671,#FF0000
6.6882908251417,3.1686239645969,688187680282420,#FF0000
6.6895180177911,3.1665499321985,1038751968150821,#FF0000
6.6851190134309,3.1701832801046,1204971524505197,#FF0000
6.6902217062431,3.1624125374339,1274262214298794,#FF0000
6.6867797705924,3.1705964739357,9266799243443511,#FF0000
6.6890881031457,3.1688330377592,705664211859210,#FF0000
6.6903280300695,3.1629260715742,990699883184140,#FF0000
6.6844858185189,3.169337036244,1202454694897490,#FF0000
6.6902489864686,3.1628163272814,1310093290078296,#FF0000
6.6864194962384,3.1687923447209,653783507422936,#FF0000
6.6895210732758,3.167092367089,1161738428983272,#FF0000
6.6904440563795,3.1646735170711,1364612798196833,#FF0000
6.6902326354208,3.1624962984359,1379399669926479,#FF0000
6.6868711579764,3.1703145842317,1573940749945369,#FF0000
6.6883176604748,3.1696233875038,1823661661751442,#FF0000
6.6904194281714,3.1643064245764,2440878629598239,#FF0000
6.6886983061628,3.1674397625072,1287854332867596,#FF0000
6.686807814895,3.1706925587616,1332003701211992,#FF0000
6.6903298860913,3.1625536720529,1406742427011952,#FF0000
6.6905104528779,3.165179783051,1863409854461038,#FF0000
6.6869288447579,3.1691024727843,1264545789013589,#FF0000
6.6902133097922,3.1623204723614,1567689287523736,#FF0000
6.685925504465,3.1696926122882,3537802679683377,#FF0000
6.6849923450982,3.1721059267929,457744877395851,#FF0000
6.6904274271696,3.1643988481815,672055212187482,#FF0000
6.6861474808219,3.1679910227646,678569788256191,#FF0000
6.6858099365613,3.1725699605114,1192529442322387,#FF0000
6.6877582735072,3.1687243708419,1193833258499172,#FF0000
6.6902977854012,3.1623991387504,1700217727551720,#FF0000
6.6905024806279,3.1650896394833,677186088375998,#FF0000
6.6856353928793,3.1683766527999,1026868368892933,#FF0000
6.6894832286313,3.1654377189836,1096157912553978,#FF0000
6.6885531654121,3.1694642485282,1188799772727291,#FF0000
6.6902162838623,3.1623492038783,1756239131976516,#FF0000
6.6854214938125,3.1724620265539,1859749991447929,#FF0000
6.6850008958501,3.1684917208776,654668160702124,#FF0000
6.6882184678453,3.1675352337374,659921657027441,#FF0000
6.6841273110346,3.1736862049867,680697241218049,#FF0000
6.6836485134245,3.1734610926379,1396790291452570,#FF0000
6.6903086539338,3.1624122344969,1830842747758320,#FF0000
6.687702776374,3.1691612668417,2234067793656478,#FF0000
6.690335539168,3.1625062278399,2037971330060588,#FF0000
6.6895020720263,3.1654247758977,2551179865273896,#FF0000
6.6860949026955,3.1687713780055,1238802101291733,#FF0000
6.6903576711793,3.163853460018,1423000935734681,#FF0000
6.6902206656323,3.1622888864007,2144225706010030,#FF0000
6.6849441965931,3.1703358787104,1374688583733965,#FF0000
6.6867087053911,3.1701869999761,1379406459772344,#FF0000
6.6903251273103,3.1626001765888,2719501168439693,#FF0000
6.6902645699789,3.1623718546886,470728919400372,#FF0000
6.6902444732294,3.1626172458498,656386563837767,#FF0000
6.685723234014,3.1681361255459,1190744239159494,#FF0000
6.6878602605208,3.1695158784511,2000394597151450,#FF0000
6.6902476693658,3.1623516704139,672095965706549,#FF0000
6.6842245438532,3.1729876136997,4167808896828054,#FF0000
6.69031854862,3.162836852875,700323095804953,#FF0000
6.6866770134801,3.1687822540264,1862769361203148,#FF0000
6.6892035356039,3.1673384360237,2193915514354196,#FF0000
6.6874916199334,3.1689122539541,515672518145166,#FF0000
6.6892250864764,3.1673271483455,649665864554330,#FF0000
6.6890614279936,3.1687843611383,687489406974142,#FF0000
6.6865659917694,3.1687445789715,688669643561785,#FF0000
6.6903144047384,3.1628004768308,701168882434861,#FF0000
6.6869768483143,3.1690879819503,1017888693250210,#FF0000
6.6867667863615,3.1702318405949,1022819215985491,#FF0000
6.68965675634,3.1654070868444,1227199188748325,#FF0000
6.6833980012032,3.1736260104046,1337006580937918,#FF0000
6.6876563899326,3.1691127472888,1675448646445708,#FF0000
6.6850304771257,3.1702757435215,4623038887922321,#FF0000
6.6902476799581,3.1627786919077,940906287970219,#FF0000
6.6902294645578,3.1624640943071,990446513293196,#FF0000
6.6875522064667,3.1689428754069,2120163421784827,#FF0000
6.540364900001,3.3370030999974,1076937429467731,#FF0000
6.5451022999982,3.3374442999979,3767614516670162,#FF0000
6.5395578,3.3369304,297087395404092,#FF0000
6.540254245496,3.3370136038775,1204291200029869,#FF0000
6.5368146000026,3.3367137000014,4326295120740779,#FF0000
6.5403546000019,3.3370332,142322901243556,#FF0000
6.5458425,3.3373736,471180040834172,#FF0000
6.5401975,3.337054,162166825758543,#FF0000
6.5126475,3.3487844,719378506192536,#FF0000
6.5405347806924,3.3370801658822,173394698005819,#FF0000
6.5417717062998,3.3372600132329,123037536475338,#FF0000
6.5463889125976,3.33739298641,195758745726883,#FF0000
6.5385219000027,3.336823900451,315488613492395,#FF0000
6.5474205761317,3.3371128,334803364728253,#FF0000
6.538787,3.3368696999974,488868282359093,#FF0000
6.5376076982041,3.3368094276325,805899430342975,#FF0000
6.5406174,3.337201,1766251310201944,#FF0000
6.5404516381556,3.3370848222934,198337598786189,#FF0000
6.5403081999975,3.3369945999976,289985292739752,#FF0000
6.5421567000013,3.3373370999989,763257781056665,#FF0000
6.540631563337,3.3371003971899,261478152393370,#FF0000
6.5423648618672,3.337351295783,538102483866434,#FF0000
6.5436999000016,3.337360413177,462469568188436,#FF0000
6.540449799998,3.3370510999979,2819184375061765,#FF0000
6.5443016999986,3.3372734000028,186702936655683,#FF0000
6.5403798999973,3.3370717000023,2879888985593551,#FF0000
6.5491933000021,3.3377344,206129301143277,#FF0000
6.5404692,3.3371803000023,288999466035093,#FF0000
6.5395021000011,3.3369305,536088607398343,#FF0000
6.5398476,3.3369664,133213368854041,#FF0000
6.5474915447552,3.3371732804196,314251830057193,#FF0000
6.5418556999978,3.3371676999974,325743632334346,#FF0000
6.540270301562,3.3370739683957,2986097905005892,#FF0000
6.5431056,3.3373765,292039975885221,#FF0000
6.5401688999767,3.3371466000019,313535530301832,#FF0000
6.538675427066,3.3369545528413,826910877914792,#FF0000
6.5495726,3.3382854000019,166069992097524,#FF0000
6.5449176519864,3.3374224200711,1393782314321446,#FF0000
6.5400871266771,3.3370753867543,3185571241669702,#FF0000
6.5477068,3.336963899999,301812441490027,#FF0000
6.5405585001963,3.3370788999973,318694896434448,#FF0000
6.5435648148148,3.3373905,760858171265116,#FF0000
6.5484345,3.3371154018057,777436922900574,#FF0000
6.5395944,3.3371037000028,999796790554085,#FF0000
6.5494376,3.3381244,218514263070169,#FF0000
6.5404124,3.3370044,375369810469446,#FF0000
6.5492720999977,3.3383787000026,906121643562424,#FF0000
6.5497458000026,3.3385321000021,856048035008205,#FF0000
6.5401048999978,3.3370445,3940803366039141,#FF0000
6.5410572,3.3371338999989,426921979109681,#FF0000
6.5473976988781,3.3372644456244,1201924800230391,#FF0000
6.5405451000013,3.3370684,4030949680330708,#FF0000
6.548834,3.3382986111111,148677417221191,#FF0000
6.5426898999984,3.3373401999978,174211144605818,#FF0000
6.5402562999973,3.3370151000021,434845597534870,#FF0000
6.5496237999975,3.3384555,473444147321348,#FF0000
6.5496911000009,3.3386905999972,305616747806961,#FF0000
6.5473320999972,3.3372528999978,392612811797187,#FF0000
6.540602699998,3.3370149000023,466398567795944,#FF0000
6.5477010999979,3.3367153000011,134669512033009,#FF0000
6.5405004,3.3370159000013,502242217799068,#FF0000
6.5408207140071,3.3371215683169,796112324644721,#FF0000
6.5451125,3.3373864,1412572715765009,#FF0000
6.5380451000013,3.3367158999976,500609371135554,#FF0000
6.5404688,3.337074700001,510141400167851,#FF0000
6.5400196,3.337128,513459806332897,#FF0000
6.5491089000023,3.3374272,928847857905921,#FF0000
6.5496706999989,3.3381239000013,496495591549839,#FF0000
6.5403752891353,3.3370484447038,586896616036569,#FF0000
6.5469892999984,3.3374236999984,796398847981177,#FF0000
6.5405555555556,3.3370195,768703187168535,#FF0000
6.5494979000024,3.3382905982906,846013725993647,#FF0000
6.5492455,3.3380097999976,1453208575012656,#FF0000
6.5493089000027,3.33791,162989525762715,#FF0000
6.540318,3.3371656,777772636463231,#FF0000
6.5470781999979,3.3374162999973,141109357945983,#FF0000
6.53917,3.3369089000016,293269598947124,#FF0000
6.5468046000024,3.3373706000026,617301099205804,#FF0000
6.5402881000014,3.3370655,807700563488689,#FF0000
6.5463928175664,3.3373826078528,795509884716617,#FF0000
6.5400072999973,3.3370377999979,829391127958659,#FF0000
6.5422222222222,3.3371908,1416141125426820,#FF0000
6.5117431000025,3.3456058999975,325067373476842,#FF0000
6.5472265999979,3.337287,329007078643038,#FF0000
6.5442137999981,3.3374036,464660738167504,#FF0000
6.545586,3.3373622000025,478165626630515,#FF0000
6.5391167144666,3.3369391999433,609142917149618,#FF0000
6.5401034516892,3.3370030815497,971414630262443,#FF0000
6.5433664245279,3.3373604621243,145795387522156,#FF0000
6.545493403471,3.3374367462178,207030764375951,#FF0000
6.5454564,3.3376848,318814659612727,#FF0000
6.5439814814815,3.3373938999991,523340092156015,#FF0000
6.5415757999974,3.3372062,876898792867308,#FF0000
6.5397003480155,3.3370470702982,1002701970484989,#FF0000
6.5474611000023,3.3370875,1122735841572434,#FF0000
6.548382899999,3.3378485,2284221311713042,#FF0000
6.5489826999982,3.3385342,470536620685803,#FF0000
6.5397366999981,3.3371090999827,1077960362693256,#FF0000
6.5371612,3.3367512,1883147168528734,#FF0000
6.5469774218005,3.3373544383015,3055043488106257,#FF0000
6.5478664,3.3373484,199652408658099,#FF0000
6.5456611000012,3.3373647000009,252276679979838,#FF0000
6.545604099999,3.3372692,470801024030068,#FF0000
6.5492598000023,3.3378926000025,518696789302491,#FF0000
6.5398792971553,3.3370452215217,1344523392584989,#FF0000
6.5493440999989,3.3379832999991,156799319778165,#FF0000
6.5393322327988,3.3370231086162,465907374639023,#FF0000
6.5117325,3.3455377000013,658775006236258,#FF0000
6.5448600999977,3.3372959000009,746237976064460,#FF0000
6.5493811000012,3.338453,817360765652347,#FF0000
6.549329,3.338122899999,1209789432790143,#FF0000
6.5495887000026,3.3385815,322908912663914,#FF0000
6.5396938999978,3.3370102000021,467208731170264,#FF0000
6.5493626999989,3.3380884,494646448320992,#FF0000
6.5453376,3.3376843000025,324686449172807,#FF0000
6.5395159485091,3.3370334229234,469302034368747,#FF0000
6.5490872,3.33733,486320949453022,#FF0000
6.5126512,3.3493799000009,672713971594718,#FF0000
6.5445842999972,3.3374249000012,913860739162372,#FF0000
6.539877,3.3371192999986,469598654130450,#FF0000
6.5479513888889,3.3364312999975,1475847696083869,#FF0000
6.5495902999973,3.3384498000019,151633796933423,#FF0000
6.539910599832,3.3370312999991,480096666648966,#FF0000
6.5119208,3.3463921001927,837904508068345,#FF0000
6.5393192,3.3370918000019,751094458909161,#FF0000
6.5410849000009,3.3372398999985,3597644420340803,#FF0000
6.539453,3.3371022,796964887910072,#FF0000
6.5495585,3.338122,489293669165231,#FF0000
6.5459235,3.3372587000021,498272094656055,#FF0000
6.5446414398439,3.3374370858179,502015150979416,#FF0000
6.5372426000027,3.3366532999978,819118812361380,#FF0000
6.5398063000026,3.3370201000012,954019415364985,#FF0000
6.5493686,3.337961,2821573348066573,#FF0000
6.540205699999,3.3369705999974,3000153310273075,#FF0000
6.5371748,3.3366441999976,486679856116677,#FF0000
6.5478217000027,3.3368338,1002855576785933,#FF0000
6.5390740740741,3.3370624,1023159634885027,#FF0000
6.5386555,3.3370239000012,133299748838517,#FF0000
6.5494675,3.3382630999979,175073581193300,#FF0000
6.5492503000024,3.3377242,196821842277807,#FF0000
6.549418,3.3381816,288080966362727,#FF0000
6.5386843000012,3.3368092,624477098508277,#FF0000
6.5447542,3.337363,781264462763039,#FF0000
6.538151399998,3.3369956,465445961421671,#FF0000
6.5497780999984,3.3385771000024,506802693689664,#FF0000
6.5433823000024,3.337298099998,749812592362505,#FF0000
6.5494328999983,3.338059,860907014634395,#FF0000
6.5391595710947,3.3370076775394,2514730135488733,#FF0000
6.5478915,3.3367724,185133146799120,#FF0000
6.5391945,3.3370785999981,470029880921777,#FF0000
6.5496567000013,3.3386390999973,555599742511290,#FF0000
6.5388486000027,3.3370433000013,526123445079604,#FF0000
6.5374508403602,3.3367989821886,839747310228881,#FF0000
6.5432776,3.337342600002,943688313085613,#FF0000
6.5480519005848,3.3377061000025,185244346788580,#FF0000
6.5495322999978,3.3390868,321699362690077,#FF0000
6.539606300001,3.3369256,891545704738437,#FF0000
6.5389585109406,3.3370545,895888800976794,#FF0000
6.5374220999986,3.3367837000279,2894341140835540,#FF0000
6.5478228999977,3.3365893000028,313351747038544,#FF0000
6.5387477000011,3.3370272999976,953062338800645,#FF0000
6.5496730999974,3.33842,920512705392616,#FF0000
6.512578900002,3.3485285,1031451004669285,#FF0000
6.5498237999977,3.338181299998,1110144302828121,#FF0000
6.5449475,3.3373778998779,241199461122425,#FF0000
6.5433081062899,3.337463,294969315442939,#FF0000
6.5456623000013,3.3372706000021,374563073951729,#FF0000
6.536832,3.3366061000021,471375377450831,#FF0000
6.5125981000073,3.3485656,1406753973585962,#FF0000
6.5478590447551,3.3370281885393,307792800998924,#FF0000
6.5125548,3.3484695003531,669119335326267,#FF0000
6.549544,3.3383936,2573170189643329,#FF0000
6.5125719000013,3.3484985007496,839734637618384,#FF0000
6.5473192,3.3370448,934971187305728,#FF0000
6.5499116,3.3387719000023,293172888808812,#FF0000
6.5421869476478,3.3373058439583,387915989050501,#FF0000
6.5490832999867,3.337066,475435880445511,#FF0000
6.5494896,3.3382106000024,804884957117100,#FF0000
6.5377516,3.3367248,843708669566895,#FF0000
6.5125487000016,3.3484384,866817871392308,#FF0000
6.5423392,3.337301,3990836281003269,#FF0000
6.5490872723325,3.3376050780058,153328460066834,#FF0000
6.549292,3.3379495,260772019163977,#FF0000
6.549143,3.3374922000023,307303927467119,#FF0000
6.5422222222222,3.337293699998,492588351942008,#FF0000
6.5395743000027,3.3369339000023,529120344766975,#FF0000
6.5125430999989,3.3484006,876877863962053,#FF0000
6.5490676,3.3372497000011,135006001954442,#FF0000
6.5125319000012,3.3483606999975,975531346839899,#FF0000
6.5447717278198,3.3374314846102,1393202281017468,#FF0000
6.5420119095009,3.3372911849583,1021032585096494,#FF0000
6.5425656976425,3.3373393864699,1083312705492905,#FF0000
6.5493734,3.3380324074074,210104770860353,#FF0000
6.542139800002,3.3371782000019,1206441376453849,#FF0000
6.5363888888889,3.3365688,308142324271360,#FF0000
6.5420126999972,3.3372808999982,1251161195342630,#FF0000
6.5420188999987,3.3372386,135787338537728,#FF0000
6.5363469502325,3.3367069508337,511315560053402,#FF0000
6.5421357107398,3.3373289083352,167118712042934,#FF0000
6.5118345999977,3.346034,723279275802872,#FF0000
6.5431907000022,3.3373805,1178662982576830,#FF0000
6.5425753999975,3.3372865,173211021370348,#FF0000
6.537972,3.3367541000014,304875897807359,#FF0000
6.5491953000011,3.337704699999,853669345362842,#FF0000
6.5423720999981,3.3372680999984,1878954488946241,#FF0000
6.5492755,3.3379773999981,513394626640413,#FF0000
6.5425748,3.3373250988142,1920093908154304,#FF0000
6.5423166189311,3.337318516873,206335461127783,#FF0000
6.5370075347698,3.3367338040047,875902362992586,#FF0000
6.5479385,3.3365097000022,1210635839367235,#FF0000
6.5414705,3.3371808,2856195314641771,#FF0000
6.5424265999977,3.337372,217460556536721,#FF0000
6.541045,3.3370908,268594261676350,#FF0000
6.5460708,3.3372635,487480175788923,#FF0000
6.5456411839568,3.3374287034637,785737092313395,#FF0000
6.538207699999,3.3369883040936,1186824278444839,#FF0000
6.5433907864894,3.337374318013,3977107699069969,#FF0000
6.5371033000025,3.336638099998,814689632766421,#FF0000
6.5424582999976,3.337308599998,2547213982091302,#FF0000
6.5422944,3.3373556998557,2878965189098180,#FF0000
6.5492178000018,3.3376285997556,191788469459417,#FF0000
6.5499625,3.3388307000009,195407452420852,#FF0000
6.5425535,3.337391,291026736025256,#FF0000
6.549523100002,3.338104099999,375878717088557,#FF0000
6.5498363000019,3.3386878999979,494882848369976,#FF0000
6.5421112249545,3.3372466999981,293756055559516,#FF0000
6.5493105,3.3378156,1202575353528250,#FF0000
6.5424868,3.3372349000011,2987253591548075,#FF0000
6.5423966999975,3.3372156999989,304557567868847,#FF0000
6.546558,3.3373853000011,798627994400966,#FF0000
6.5355908,3.3364877000025,1949033975252023,#FF0000
6.5472312060132,3.337288001466,298423315122564,#FF0000
6.5424777282016,3.3373640733303,371051424318419,#FF0000
6.5477132,3.3367896,183685703626604,#FF0000
6.544388,3.3373790999977,309700617456778,#FF0000
6.5422928,3.3372575,372886777438828,#FF0000
6.5374502999976,3.336658700001,324534595734352,#FF0000
6.5420092,3.3373245,380158943247250,#FF0000
6.5447704,3.3374383074935,488652412277402,#FF0000
6.5435023038157,3.3373814930469,506878953824581,#FF0000
6.547928,3.3367001000027,1024643527942285,#FF0000
6.5492148,3.3377105,1124857297989907,#FF0000
6.5413126695982,3.3372150997711,474210357199320,#FF0000
6.5420533212385,3.3372914741576,3896253253829496,#FF0000
6.5430395278207,3.3373612519038,301383618237225,#FF0000
6.5424396,3.3372764,397024781316941,#FF0000
6.5499236,3.3386723000028,507109040316514,#FF0000
6.5423080999972,3.3372045999975,820291192226629,#FF0000
6.5417104,3.3372955,900146997225381,#FF0000
6.5478864,3.3368696999974,1006787806394799,#FF0000
6.5360889000026,3.3365436999976,303078401386586,#FF0000
6.5425918771349,3.3373695041495,398660211121904,#FF0000
6.5491728,3.3376555,287295966389253,#FF0000
6.549766,3.3386111111111,1359675427750796,#FF0000
6.5373234000027,3.3369505,1698514186998750,#FF0000
6.542581,3.3372582999983,4055445454511933,#FF0000
6.5491508,3.3375805,134783988687006,#FF0000
6.5422062999986,3.3372525,505180230917878,#FF0000
6.546078700001,3.3373628,1400615810307811,#FF0000
6.5454086000024,3.3374177000024,455042675593916,#FF0000
6.5453470047901,3.3374446557254,499386931249490,#FF0000
6.5425098999985,3.3372833999976,507947816900568,#FF0000
6.5473690999989,3.3375680999989,304334977957892,#FF0000
6.5495527000019,3.3383286,333613844852005,#FF0000
6.542113899998,3.3372904,526032465059641,#FF0000
6.5412111000012,3.3370893000028,807701390131079,#FF0000
6.5431597222222,3.3373368,912904145956969,#FF0000
6.5422520534969,3.3373453038491,741538106516090,#FF0000
6.5474704,3.3369372999983,305280274580655,#FF0000
6.5420662999982,3.3371706000461,792350975041580,#FF0000
6.5354845,3.3365404040404,978246772984165,#FF0000
6.5496755,3.3385132,465635724541972,#FF0000
6.5458528,3.3372638999987,770350223625519,#FF0000
6.5420016,3.3371668999985,830353657610675,#FF0000
6.5494514000021,3.3381832,839901360067738,#FF0000
6.5475770999989,3.3368380999986,215220513745207,#FF0000
6.5490306000022,3.3370729000012,539538313741757,#FF0000
6.5118687109416,3.3461598,698035815604172,#FF0000
6.5424424994332,3.3373294632058,906577326802852,#FF0000
6.541861699998,3.3373095,1010907236108805,#FF0000
6.5413977035955,3.3372019021384,141565511288978,#FF0000
6.5375568,3.3366639163916,576788666635158,#FF0000
6.5413161999973,3.337098,159827486075018,#FF0000
6.5478876,3.3365277777778,318187866649645,#FF0000
6.5399435,3.3369277000013,936605373850888,#FF0000
6.5360168082562,3.3366717924025,1855379397974143,#FF0000
6.5419268,3.3372282999991,160819345899245,#FF0000
6.5451732,3.337438,176163821077464,#FF0000
6.5473685,3.337032,1123932571444246,#FF0000
6.5368465053429,3.336716102512,134424015298429,#FF0000
6.5416666666667,3.3372012,161722162562614,#FF0000
6.5406814751914,3.3371052139524,495018325017661,#FF0000
6.54492,3.3372938000022,822915921658898,#FF0000
6.5498969000011,3.3381927000011,1440968666266784,#FF0000
6.5494073940559,3.3380786,173896504642800,#FF0000
6.5388566999877,3.3368802999986,1248669265591013,#FF0000
6.5417685,3.3372443000018,1748173145354620,#FF0000
6.5416870999977,3.33715,180331340536783,#FF0000
6.5477960125568,3.3370836583986,885567985342278,#FF0000
6.5419028899994,3.3372897992001,218054609785987,#FF0000
6.5448878999985,3.3373660999988,272053591310255,#FF0000
6.5407733000025,3.337206,309386540819293,#FF0000
6.5493771521566,3.338204608129,514709779664967,#FF0000
6.5415335490314,3.3372116390233,223864725775482,#FF0000
6.5428309511967,3.3373416090988,1066967073711072,#FF0000
6.5414703740186,3.3372290160446,224725132355817,#FF0000
6.5498753999982,3.3387233999977,594007031992290,#FF0000
6.5492168,3.3377715,4041764312551694,#FF0000
6.54149,3.3371154018057,238312104732346,#FF0000
6.5394550999983,3.3369251000009,499839628123682,#FF0000
6.5496224,3.3384527000024,2043726589099137,#FF0000
6.5419046,3.3371708999991,2414765765334049,#FF0000
6.5418400999976,3.3372222222222,254307416470415,#FF0000
6.5497465,3.3381673999982,492908562155298,#FF0000
6.5440627630899,3.3374188060126,529882628378891,#FF0000
6.538619900002,3.336848299998,745577019447283,#FF0000
6.5413064,3.3371858,272346407962324,#FF0000
6.5498265696796,3.3387800164372,340161220869342,#FF0000
6.5472901000026,3.3370039000014,463282298234233,#FF0000
6.5371650714704,3.3367718567733,501486701273999,#FF0000
6.5452496999988,3.337429100001,1118886715260158,#FF0000
6.5476416,3.3367792,1194287747689054,#FF0000
6.5415137000025,3.3371985,2769085490070764,#FF0000
6.5431761424859,3.3373582281088,196214569005529,#FF0000
6.5470745,3.3371275,264269808771671,#FF0000
6.5415906999974,3.337134199998,290838299250155,#FF0000
6.5494844,3.3383456999982,3439221152847838,#FF0000
6.5416978999991,3.3372333999977,2909824559274911,#FF0000
6.5419505,3.3371706000461,292196115858302,#FF0000
6.5416231951629,3.3372448330961,297083045221315,#FF0000
6.549151,3.3387285999973,474823670469084,#FF0000
6.5464645,3.3373734000026,496584938361957,#FF0000
6.549617,3.3383981999978,193000962670950,#FF0000
6.5416634641788,3.3372421054603,304409061251639,#FF0000
6.5373388,3.336657,809786542989219,#FF0000
6.5490572,3.3382170999223,1150477502124953,#FF0000
6.5497222222222,3.3392370999988,1560459750812724,#FF0000
6.5497142000027,3.338468900002,281951030306034,#FF0000
6.541635299998,3.3372222222222,320437262804577,#FF0000
6.5493949000014,3.3379893999973,332241115060025,#FF0000
6.5412652999989,3.3371586,601634220817545,#FF0000
6.5430678994648,3.3374392,986730838772046,#FF0000
6.538069,3.3367705,161934115934941,#FF0000
6.5417452999972,3.3371592,334060184854999,#FF0000
6.54349,3.3373888888889,819159748989871,#FF0000
6.5446165766548,3.3374446395726,214032873592925,#FF0000
6.5429554821065,3.3373425054416,299171961880182,#FF0000
6.5418036002346,3.3371632996633,364692928562918,#FF0000
6.5126127000021,3.3486111111111,1472638859979147,#FF0000
6.5498742,3.3387181999977,1888341014676594,#FF0000
6.5357576481283,3.3366432432447,852172478989707,#FF0000
6.5417555,3.337211,3846251782139580,#FF0000
6.547491899999,3.3375250999973,184731886840811,#FF0000
6.5417860907657,3.3372723860849,469930497593947,#FF0000
6.5401524,3.3369650999981,143972811041368,#FF0000
6.5466927609256,3.3373705316783,186249213359894,#FF0000
6.5497136,3.338555900001,209559170758398,#FF0000
6.541431,3.3371082999986,473479533878859,#FF0000
6.541638099998,3.3371388,475899650334332,#FF0000
6.5117239000015,3.3454706999981,648475150676447,#FF0000
6.5497904,3.3386021000026,187410403231853,#FF0000
6.539009100001,3.336901,414798823290342,#FF0000
6.5414492,3.3371920999988,515292536267303,#FF0000
6.546724,3.3373692999979,764447567580464,#FF0000
6.5381979000018,3.3367298999977,976690849800967,#FF0000
6.5383500260868,3.3369078887073,4542150879146095,#FF0000
6.545790110124,3.337422485847,311887660553378,#FF0000
6.5497613000027,3.3386899000014,377213003609343,#FF0000
6.5438230994152,3.3375211000009,491092162038426,#FF0000
6.537549800002,3.3368024,491716678687141,#FF0000
6.5413720999973,3.3371030999979,515980049574637,#FF0000
6.5494208999988,3.3381708999979,177811137567931,#FF0000
6.5353305032419,3.3365913460478,352620902875786,#FF0000
6.5413992999991,3.3372645999981,520175142328027,#FF0000
6.5490710999977,3.3370056,543169903514384,#FF0000
6.549468,3.3382538000028,2596254804009040,#FF0000
6.5118204,3.3459666999977,3481160842140594,#FF0000
6.5465359493891,3.3373856628119,197935672155782,#FF0000
6.5492815,3.3378176,282082713621577,#FF0000
6.5415532999982,3.3372836,533699734701539,#FF0000
6.5415451000023,3.3371259000025,538555573806286,#FF0000
6.5446396,3.3373611111111,321280016061652,#FF0000
6.5482179000013,3.3377777777778,484412272802758,#FF0000
6.5419149363688,3.3372753765792,738320560177260,#FF0000
6.5496086999975,3.3381208,2426344294176203,#FF0000
6.5378682000023,3.3367411000022,4227460067305441,#FF0000
6.5419284,3.3372641000011,760303681516558,#FF0000
6.5356376,3.3365594000024,937018933533531,#FF0000
6.5409469000382,3.337139800002,1100223323818257,#FF0000
6.5477206,3.3375912,294179752200817,#FF0000
6.5491519000014,3.3375825,563785464600743,#FF0000
6.5474385,3.3370842999972,747672815900006,#FF0000
6.5415725999973,3.3371914000025,770071170542337,#FF0000
6.546175,3.337367399998,1377397829310665,#FF0000
6.5356816177633,3.3366350051514,3921933664540056,#FF0000
6.5475182999979,3.3368781000021,220018262886618,#FF0000
6.5118502999975,3.3460982000025,300519729495804,#FF0000
6.5477308,3.336760699998,380894083176201,#FF0000
6.5418445,3.3372549019608,814690852806353,#FF0000
6.5413769000011,3.3371904,956840305073840,#FF0000
6.541120271214,3.3371505375242,290678149219458,#FF0000
6.5491493055556,3.3373643000012,374522183914387,#FF0000
6.5413674000025,3.33717,964799664266633,#FF0000
6.5407458999986,3.3370947000021,106776688158599,#FF0000
6.5491897867929,3.337860779802,227884542430479,#FF0000
6.54749,3.3370632,296506775439255,#FF0000
6.549632200002,3.3384765,904666680327925,#FF0000
6.538872,3.3369256999981,371879177540920,#FF0000
6.540738,3.3371064,1073572066384624,#FF0000
6.536348900001,3.3366615,527639931731406,#FF0000
6.5446792,3.3374298999976,786311852035378,#FF0000
6.535541099999,3.3364948999974,962863941131834,#FF0000
6.5410904,3.3370842999972,1159872034484356,#FF0000
6.5463113999982,3.337266300002,458083311921729,#FF0000
6.5490892,3.3371117000021,885843672146022,#FF0000
6.5411520870509,3.3372032242276,1186201498489903,#FF0000
6.540927100001,3.3372249724972,132601375486116,#FF0000
6.5361834279528,3.3366897243704,169304931669760,#FF0000
6.5450047000023,3.3373874000019,786200372029043,#FF0000
6.5486621000009,3.3379408,1272522049811037,#FF0000
6.5466795690349,3.3373775737446,296881901932120,#FF0000
6.5409770490484,3.3371343248195,1362870780751888,#FF0000
6.5406396,3.3370906999974,141496807959742,#FF0000
6.549579,3.3379888,152921916799231,#FF0000
6.5494572999976,3.337989,196530638965525,#FF0000
6.5117092,3.3452448,1285162938839784,#FF0000
6.5406507000028,3.337086600002,142247884584670,#FF0000
6.5439514000027,3.3372770999981,277089300784027,#FF0000
6.544516501963,3.3374302179724,1214341699019111,#FF0000
6.5408436999977,3.3371065016982,158735219530061,#FF0000
6.5119089000016,3.3463312,858677645989478,#FF0000
6.5412640999979,3.3370941000028,162698135859155,#FF0000
6.5498067000011,3.3381316,266624095158558,#FF0000
6.540882,3.337074,178632384043822,#FF0000
6.5385252,3.3369051000027,194418962508664,#FF0000
6.5451556,3.337283,311650717222654,#FF0000
6.5361546999991,3.3365456999973,391730688609656,#FF0000
6.5490474,3.3371640999988,776833393000215,#FF0000
6.5393344,3.336912,238673521370542,#FF0000
6.5408021447425,3.3371352986771,1995997117205998,#FF0000
6.5393125,3.3369155,130798569095941,#FF0000
6.5485267000021,3.3379194995921,192939889318975,#FF0000
6.5491449000011,3.3374122999974,466089047790223,#FF0000
6.5494552,3.3382801999981,483309149392546,#FF0000
6.4465258159764,3.3999893325323,578954206416960,#FF0000
6.4495878764278,3.3962269727043,873298693248675,#FF0000
6.4492847241264,3.3994082708442,1105928829892659,#FF0000
6.4490957216817,3.39951124542,1164763440641391,#FF0000
6.4460079479447,3.3972518568092,1849652578542637,#FF0000
6.4467287151744,3.3969404813802,3898773203509554,#FF0000
6.4493496147827,3.3961205733222,293409475711628,#FF0000
6.4468887741047,3.3984883583295,293938982219344,#FF0000
6.4496985178642,3.3963578589989,1039339389931129,#FF0000
6.4499955256888,3.3971657083946,1134177247092509,#FF0000
6.4491505380339,3.3998059494984,1191173714643195,#FF0000
6.4486406605161,3.397883476117,4338270029518532,#FF0000
6.4491355327715,3.399913450413,123439153104255,#FF0000
6.4483681017902,3.3981287475345,399872511001083,#FF0000
6.4496401753572,3.3978117258837,465216871227313,#FF0000
6.4496437872253,3.3977916982197,917179312400231,#FF0000
6.446602443609,3.3989633340574,1207529603012699,#FF0000
6.4469005652054,3.3986111111111,485118782730774,#FF0000
6.4492847241264,3.3994082708442,1778156629023643,#FF0000
6.4490910435917,3.3995047622109,190200842845148,#FF0000
6.4493143641429,3.3989638625198,883090569214335,#FF0000
6.4492743748774,3.399457563985,1907805069367501,#FF0000
6.4491769598155,3.3988819839205,3016204508704546,#FF0000
6.4491801597208,3.3999658846376,190900459569519,#FF0000
6.4499215571879,3.3973428079242,970650393680851,#FF0000
6.4496236153072,3.3965300214584,971528786917345,#FF0000
6.4492068882248,3.3998126529936,195434722401685,#FF0000
6.4499321043037,3.3978146670838,478576230125698,#FF0000
6.4491355327715,3.399913450413,534081307584523,#FF0000
6.4483196204469,3.3987247628637,752164735403178,#FF0000
6.4495717592593,3.3964980257158,3010370835907712,#FF0000
6.4492299168432,3.3996957350527,212024883826322,#FF0000
6.4489421977545,3.3990304831413,216646749961802,#FF0000
6.4493547558337,3.3973956054054,313269033643406,#FF0000
6.4487925311383,3.3971178815255,2950072115314738,#FF0000
6.446194009505,3.3950664810768,2966686240212992,#FF0000
6.4492179228452,3.3997559373116,214189066911097,#FF0000
6.4482503620097,3.3983296607113,221550473072123,#FF0000
6.4468645457585,3.3996612308386,811666669773664,#FF0000
6.4486008848043,3.3979399613766,3971258852980914,#FF0000
6.4490662254111,3.3996066757009,235861141627189,#FF0000
6.4495296406896,3.3965047502778,382867292985239,#FF0000
6.4490856637127,3.3995870152325,240487471189265,#FF0000
6.4489930555556,3.3990455155319,290535022714176,#FF0000
6.4487868321125,3.3976447223219,297487012041477,#FF0000
6.4459495644722,3.3973452170435,303673901248788,#FF0000
6.4464400243255,3.3990270798437,1151564348600568,#FF0000
6.4496087473535,3.3975586412438,149253677175645,#FF0000
6.4492179228452,3.3997559373116,262703102206868,#FF0000
6.4491945041411,3.399537037037,267103051780189,#FF0000
6.4481633534278,3.3967020269583,1132546650574487,#FF0000
6.4490697147445,3.3997222222222,2792961340996507,#FF0000
6.4492299168432,3.3996957350527,466837974575826,#FF0000
6.4494822056217,3.3974790413767,815484749348645,#FF0000
6.4490756410687,3.3996573475706,2863744730621793,#FF0000
6.4485040115367,3.3980456982646,233788181838336,#FF0000
6.4491576122451,3.3997459617935,291516709266316,#FF0000
6.4462578146355,3.3956093639462,1803774429791362,#FF0000
6.4482341581667,3.396776523842,212669397075731,#FF0000
6.4460062438765,3.3956933126194,222922939602210,#FF0000
6.449185495867,3.3999204742301,296267698641400,#FF0000
6.4494117416952,3.3983425528602,950958698988460,#FF0000
6.4492571917284,3.3995738105825,300181178223639,#FF0000
6.4491492401291,3.3960353295311,316697876520969,#FF0000
6.4465691981204,3.3950630914481,807458010148784,#FF0000
6.4491126464555,3.3994134095964,303446184736821,#FF0000
6.4492383349938,3.3973123691817,758217371535531,#FF0000
6.4495448290598,3.3979910489227,2265922036875216,#FF0000
6.4482331878781,3.398270612451,184656250206346,#FF0000
6.4455723671273,3.3960343629499,230840395467431,#FF0000
6.4467100597079,3.3982200347092,288439422929361,#FF0000
6.4492263222493,3.3993993385102,305478451199958,#FF0000
6.4493569302507,3.3988548015712,474444713768830,#FF0000
6.4491425876749,3.399860413177,307794494124099,#FF0000
6.449294142506,3.3969820513401,1373454689693902,#FF0000
6.4495942688312,3.3964089119435,1511639892640547,#FF0000
6.4492649117666,3.3995157629712,316836829887570,#FF0000
6.4492571917284,3.3995738105825,792774351361813,#FF0000
6.4492770421473,3.3988696492152,226890612568128,#FF0000
6.4465149963424,3.399129376391,300749808282541,#FF0000
6.4491937751629,3.399869726248,328771688817686,#FF0000
6.4481845150534,3.3966723312476,2650011295304202,#FF0000
6.4491945041411,3.399537037037,332312051655134,#FF0000
6.4462054084807,3.3979313676376,876608076225526,#FF0000
6.4496477042719,3.3976581106187,760798967963800,#FF0000
6.4491266643453,3.3999671721334,3985547874893377,#FF0000
6.4491414578451,3.3990103705415,234403555149049,#FF0000
6.4495508172492,3.3976817758592,505931260542609,#FF0000
6.4494713580924,3.3979830717536,520827809098454,#FF0000
6.4492108585859,3.39946557923,4040497566006943,#FF0000
6.4463943957059,3.3951476410693,177921297539988,#FF0000
6.4492263222493,3.3993993385102,423263455508103,#FF0000
6.4495693455242,3.3976211429208,962192781279665,#FF0000
6.4495452019846,3.396544495766,1555954347942169,#FF0000
6.4491425876749,3.399860413177,4550996784928061,#FF0000
6.4490384790528,3.3973702023846,306821350909443,#FF0000
6.4492743748774,3.399457563985,457141048908305,#FF0000
6.4496077752431,3.3976365077288,135562541851099,#FF0000
6.4494400054915,3.3985106793122,306779940981024,#FF0000
6.4491666666667,3.3996800139276,484607406174109,#FF0000
6.4491060397012,3.3994312970768,505019240545254,#FF0000
6.4492754159616,3.3990234788604,564989804484697,#FF0000
6.4495456596786,3.3979944713165,198301955469464,#FF0000
6.4493455760853,3.397460385973,476110517030105,#FF0000
6.4491803680628,3.3971199155826,496743044799852,#FF0000
6.4491266643453,3.3999671721334,512904666504023,#FF0000
6.4495610579402,3.3962243564181,146289777509738,#FF0000
6.4466474280752,3.3987868272495,497178858290493,#FF0000
6.4486157741348,3.3969402668662,812775099623199,#FF0000
6.4499741835834,3.3978805791927,922571851862356,#FF0000
6.4492108585859,3.39946557923,5446088785464284,#FF0000
6.449185495867,3.3999204742301,555053755929356,#FF0000
6.4465816222148,3.3999216720862,136186278537768,#FF0000
6.4491666666667,3.3996800139276,562382578061467,#FF0000
6.4496923470713,3.3963046901914,1599637223566992,#FF0000
6.4485994930292,3.3978673238781,436635010641053,#FF0000
6.4490773809524,3.3995546413295,574537740183112,#FF0000
6.4493549761736,3.3961200826886,3582297798536576,#FF0000
6.4499321043037,3.3978146670838,282340013563740,#FF0000
6.4495189435887,3.3975359721003,1173287269810672,#FF0000
6.4499015857837,3.3972222222222,2560231057616446,#FF0000
6.4492649117666,3.3995157629712,5845716925438493,#FF0000
6.4499627809537,3.3972286821705,167662535277431,#FF0000
6.4469147587843,3.3983882585198,333893071503209,#FF0000
6.4482584897716,3.3967392859228,468429481083900,#FF0000
6.4492448876227,3.3996341170746,596347534656760,#FF0000
6.4491639163916,3.3971720672934,892780208120823,#FF0000
6.4491576122451,3.3997459617935,744947226183160,#FF0000
6.4463236525806,3.3979512059111,1355961548136555,#FF0000
6.4482855095799,3.3968123500596,1499155237088518,#FF0000
6.4491492401291,3.3960353295311,2043068789215324,#FF0000
6.4460462795831,3.3952629038034,179847557348286,#FF0000
6.4492350678569,3.3993397834848,466949371198435,#FF0000
6.4493773756996,3.3987992397814,497605141440691,#FF0000
6.4493092606154,3.3974745716378,520430869135118,#FF0000
6.449181277172,3.3996111111111,776321009583268,#FF0000
6.4466869561066,3.3982530070024,2926638934280954,#FF0000
6.4482526579938,3.3964984919308,484810169498991,#FF0000
6.4492448876227,3.3996341170746,794064728205032,#FF0000
6.4494104943432,3.3986005097233,167559805298500,#FF0000
6.4495926472912,3.3965763347214,369684291127716,#FF0000
6.4491036051119,3.3994585810481,807818696779771,#FF0000
6.4493100358423,3.3969065090591,976307749778364,#FF0000
6.4495310659798,3.398192103471,469552194335138,#FF0000
6.4482877616297,3.3982965304,494347648578759,#FF0000
6.4491937751629,3.399869726248,842246083042412,#FF0000
6.4464250382924,3.3989612006143,1357019071351108,#FF0000
6.4496328554278,3.3977263866133,290216009316684,#FF0000
6.4491505380339,3.3998059494984,882446329153646,#FF0000
6.4470934439345,3.3963756729686,1089106794920264,#FF0000
6.4492068882248,3.3998126529936,928330968003587,#FF0000
6.449229875359,3.3986661647706,325588322326099,#FF0000
6.449567724061,3.3980177629293,571311047183824,#FF0000
6.4491801597208,3.3999658846376,947226982711060,#FF0000
6.4458216067379,3.397731115266,196282348883814,#FF0000
6.4469983124015,3.3965149142431,582315346074677,#FF0000
6.449181277172,3.3996111111111,982921715782036,#FF0000
6.4492524159456,3.3990935590473,1043434869513998,#FF0000
6.4494758816688,3.3983645074389,510680960289372,#FF0000
6.4492538733295,3.3992277945006,1108700849611377,#FF0000
6.4496392340609,3.3963977565448,1147781162405512,#FF0000
6.4469312470081,3.3993561422141,317446136433772,#FF0000
6.4484564198381,3.398797564688,800274277590453,#FF0000
6.4492361111111,3.3990294779084,1114895179014693,#FF0000
6.4491807711259,3.397094901557,3536601369813883,#FF0000
6.4466391462649,3.3981742326791,761261617846852,#FF0000
6.4495998922994,3.3964593105361,914545952745917,#FF0000
6.4493300331156,3.3990726570827,1174245099707333,#FF0000
6.4462727038908,3.3953319601273,517244099431625,#FF0000
6.4469311003531,3.3958809498662,628248328131201,#FF0000
6.4493772823875,3.3987915418942,1179758592445169,#FF0000
6.4493154276986,3.3992434449009,122068243251887,#FF0000
6.4469791200597,3.3993923186722,156929139638797,#FF0000
6.4464897800114,3.396562708505,303998201298056,#FF0000
6.4481286462477,3.3984826127383,985184482220421,#FF0000
6.4492555939217,3.3970230619061,474456777105128,#FF0000
6.4496336546669,3.3962547580797,801640550753914,#FF0000
6.4492350678569,3.3993397834848,1367310770303553,#FF0000
6.4493372912331,3.3990117521368,142302924579708,#FF0000
6.4458411883925,3.3955921878801,801273083845852,#FF0000
6.4490132159197,3.399926116398,377897636872686,#FF0000
6.4492538733295,3.3992277945006,1428083680858071,#FF0000
6.4491432994362,3.398949787203,151160763570084,#FF0000
6.4499825093341,3.3978253559018,164950808797246,#FF0000
6.4481926563013,3.3986511716429,835354040662416,#FF0000
6.4493418043033,3.3960623838183,4012861818828273,#FF0000
6.4491171946133,3.399356872116,162104932516206,#FF0000
6.4484831904384,3.3969177613057,1601866623340189,#FF0000
6.4459106456272,3.3960098424352,906815473508660,#FF0000
6.4491991674573,3.3989336675936,1643643779172322,#FF0000
6.4459921463781,3.3960193606484,2860693480911173,#FF0000
6.449601755238,3.3976654978879,1153647315113199,#FF0000
6.4492162262602,3.3987692576198,1656684361201156,#FF0000
6.4493718875936,3.3984046322762,141512137995830,#FF0000
6.4492814554087,3.3989202942876,166490182143692,#FF0000
6.4493100358423,3.3969065090591,522058602490513,#FF0000
6.4468887741047,3.3984883583295,530721961629677,#FF0000
6.4493926456851,3.3987217354567,788202758494428,#FF0000
6.4495824779557,3.397926276771,798094584164412,#FF0000
6.4499215571879,3.3973428079242,1145439285931605,#FF0000
6.4493300331156,3.3990726570827,167799055264796,#FF0000
6.4468423022252,3.3985836543546,174909344431267,#FF0000
6.4482776228543,3.3982296883607,521830262146005,#FF0000
6.4495816336885,3.3964968460199,2737919559759053,#FF0000
6.4491897293973,3.3990789558388,170426118336589,#FF0000
6.4493661247887,3.3988570189334,489064102542454,#FF0000
6.4492558168471,3.3991754222332,196876172265487,#FF0000
6.4493100683491,3.3986067768089,507265840456517,#FF0000
6.4494295478874,3.3982358534246,523990478619053,#FF0000
6.4496664641224,3.3975612953253,959668891509874,#FF0000
6.4467428928635,3.3986913392129,1001189286951834,#FF0000
6.4492269717201,3.3990333986485,202967994828904,#FF0000
6.4493576966729,3.3985802099947,330967351986467,#FF0000
6.4496550878781,3.3978642669666,2799734046943106,#FF0000
6.4498080075574,3.3977901481414,4497396140273713,#FF0000
6.4491267154256,3.3993262779603,203558678262540,#FF0000
6.4494119348778,3.3982969302608,281134487017625,#FF0000
6.449776576013,3.3977305631845,1474376719574723,#FF0000
6.4492558168471,3.3991754222332,209303860796167,#FF0000
6.4484173769125,3.3980758597692,274474137718472,#FF0000
6.4495130109909,3.3982425347383,295314635476422,#FF0000
6.4491751045565,3.3959933617605,795090544467826,#FF0000
6.4468808079995,3.3993096908638,805600723425808,#FF0000
6.449271926924,3.3969394461106,179162147429871,#FF0000
6.4482503620097,3.3983296607113,209243320802920,#FF0000
6.4493773756996,3.3987992397814,214680833721502,#FF0000
6.4465662508998,3.3981216463415,259400559215029,#FF0000
6.4491225936479,3.3959484090846,296618568611561,#FF0000
6.4494972012459,3.3965553170803,123304169782798,#FF0000
6.4491318511678,3.3991975757448,224218719056842,#FF0000
6.4497120555298,3.3978683096274,524032182097326,#FF0000
6.4496985178642,3.3963578589989,752617775409431,#FF0000
6.4482069113757,3.3967218705175,1146358375863604,#FF0000
6.4492463385821,3.3992927334258,2252092164921714,#FF0000
6.4493661247887,3.3988570189334,226269008831557,#FF0000
6.4481862517777,3.3967570104852,3115859308649498,#FF0000
6.449170500847,3.3990405827139,229771772279510,#FF0000
6.4493254594162,3.3991250805228,235145548370194,#FF0000
6.4466577535132,3.3988694502892,348676786677069,#FF0000
6.4466387776506,3.3970692236573,770145920251818,#FF0000
6.4467578586623,3.3961631462825,1229178644180041,#FF0000
6.4492269717201,3.3990333986485,242497701000431,#FF0000
6.4491466034464,3.3990649687221,269833981509265,#FF0000
6.4492770421473,3.3988696492152,280695123643447,#FF0000
6.4491865520936,3.3990023427611,281018687033078,#FF0000
6.4496262952892,3.3977159605265,291319359210844,#FF0000
6.4499286004581,3.3972879546459,1677538722634227,#FF0000
6.4490668787334,3.3990756591776,281151326828141,#FF0000
6.4463441696479,3.3954055407658,481722826216761,#FF0000
6.449271706267,3.398965910718,2945670412344811,#FF0000
6.448241472098,3.3965277777778,285521039966675,#FF0000
6.4498933981008,3.3973071060903,474671287174315,#FF0000
6.449353229005,3.3989114954988,2956840131261239,#FF0000
6.4493718875936,3.3984046322762,4247786765266396,#FF0000
6.4491401414985,3.3991435401725,301653271631961,#FF0000
6.4493926456851,3.3987217354567,492812118508241,#FF0000
6.4495639404195,3.3976153120548,209126324137180,#FF0000
6.449320853602,3.3991891891892,301942188230426,#FF0000
6.4483677055635,3.3982088698234,485341039580539,#FF0000
6.4490412128318,3.3997183536351,147142147389304,#FF0000
6.4465662508998,3.3981216463415,189385209704664,#FF0000
6.4496897462314,3.3964123350819,294612905589560,#FF0000
6.4491446168885,3.399205118227,306125004479850,#FF0000
6.4494112947866,3.3961488668901,805097407078438,#FF0000
6.4460267822624,3.3977232038662,845203502870328,#FF0000
6.4491354433811,3.3971659628886,179132347323641,#FF0000
6.4492143355264,3.3988775214826,309907507406457,#FF0000
6.4493008304313,3.3956098205911,525644225272783,#FF0000
6.4466794159544,3.3991040682483,3989863227770848,#FF0000
6.4496625469237,3.3962987598647,4052960074797496,#FF0000
6.4497594111679,3.3975666826522,153585310047718,#FF0000
6.4491416289443,3.3990777985425,315534026830678,#FF0000
6.4491186587958,3.3972564013794,497467758072803,#FF0000
6.449915854353,3.3978506643937,1130230207382385,#FF0000
6.4492857731619,3.3987662929472,317061216473295,#FF0000
6.4492422903997,3.3986161166228,374105533965696,#FF0000
6.4497284014545,3.3974675488399,534700480859533,#FF0000
6.4484635896315,3.3980250682777,324706049003483,#FF0000
6.4492847888648,3.3989189805929,325510365808218,#FF0000
6.4499955256888,3.3971657083946,790170308159219,#FF0000
6.4493357487923,3.398912870259,3311690328933998,#FF0000
6.4493978083431,3.3968554614623,4526159150747437,#FF0000
6.4496550878781,3.3978642669666,215264186796994,#FF0000
6.4492232194606,3.3988134389904,374772423891002,#FF0000
6.4496149338691,3.396441984893,947066272710278,#FF0000
6.4460976315555,3.3955176544991,983655219075383,#FF0000
6.4461138613861,3.3957181385804,4019932488100459,#FF0000
6.4491773837794,3.3972332933903,299696508317151,#FF0000
6.4493372912331,3.3990117521368,398153237849977,#FF0000
6.4465450033915,3.3988680512384,474820623742571,#FF0000
6.4490241562745,3.397215143608,508418110350322,#FF0000
6.4480963107156,3.3986400344676,743946949604269,#FF0000
6.4496236095269,3.3977504083478,3546832342089035,#FF0000
6.4493695432254,3.396835664535,486510562403898,#FF0000
6.4499750025592,3.3978407187766,927839681341315,#FF0000
6.449432062953,3.3982698492103,1020963295105286,#FF0000
6.4492524159456,3.3990935590473,4084647994926452,#FF0000
6.4492881944444,3.3960334458542,613151870085198,#FF0000
6.4492980547991,3.3993171351564,4556824294332916,#FF0000
6.4493110651355,3.3987894736842,460075501946336,#FF0000
6.4493372577635,3.398966446435,483809759593910,#FF0000
6.4491803680628,3.3971199155826,536853047337414,#FF0000
6.4468645457585,3.3996612308386,1850867658415273,#FF0000
6.448585577644,3.39697119293,2794121844186845,#FF0000
6.4494673248964,3.3967525592076,239800984606795,#FF0000
6.4492168878792,3.3960612316987,302871381378588,#FF0000
6.449505092073,3.3975358575422,303146971302529,#FF0000
6.4493143641429,3.3989638625198,463127808284277,#FF0000
6.4492814554087,3.3989202942876,477442556700370,#FF0000
6.4494192970347,3.3961539669,168353815108557,#FF0000
6.4492971373286,3.3988602408263,484292772780158,#FF0000
6.4464942922687,3.3951823011051,310696713903809,#FF0000
6.4491666666667,3.3990481817694,489645225785456,#FF0000
6.4493333333333,3.3968055555556,2907578439519277,#FF0000
6.4494358592197,3.3984593743228,249559970298392,#FF0000
6.4493372577635,3.398966446435,491597945487092,#FF0000
6.4494858846382,3.3982496528277,903066753806707,#FF0000
6.4461138613861,3.3957181385804,463912421568316,#FF0000
6.4491233674212,3.3992744499149,499718651221026,#FF0000
6.449475977117,3.3975589293545,145159734292601,#FF0000
6.4490931090113,3.3990399754791,516234839397920,#FF0000
6.4492754159616,3.3990234788604,769978737021361,#FF0000
6.4493772875395,3.3980108532404,295656502148450,#FF0000
6.4490331540598,3.3997744576027,319069779801622,#FF0000
6.4492743119326,3.3990062924955,523748171958614,#FF0000
6.4483692472334,3.3962320024807,899673737431387,#FF0000
6.4467156286063,3.3998249360472,1109820826177676,#FF0000
6.4458460870398,3.3975369003032,467425687843123,#FF0000
6.449170500847,3.3990405827139,527740538216804,#FF0000
6.4481698726632,3.3983448093894,289142719422041,#FF0000
6.4493270504912,3.3984860739361,426717451750233,#FF0000
6.4492739716994,3.3988159299084,529057178127926,#FF0000
6.4466639163916,3.3992298989347,488848245502311,#FF0000
6.4492857731619,3.3987662929472,529955814680387,#FF0000
6.4493446589245,3.3982394176744,810405772924055,#FF0000
6.4458268844861,3.397579173473,840695736529725,#FF0000
6.449434513847,3.3975322138573,2530717373904711,#FF0000
6.4482877616297,3.3982965304,536892934361183,#FF0000
6.4492739716994,3.3988159299084,584096312981178,#FF0000
6.4468705440202,3.3983376024264,304197747901771,#FF0000
6.4492463385821,3.3992927334258,622047142086995,#FF0000
6.4490309070759,3.3973450824332,835068393885201,#FF0000
6.4468629247081,3.398538129668,317911299723893,#FF0000
6.4470934439345,3.3963756729686,469325811018107,#FF0000
6.4492743119326,3.3990062924955,740307109998641,#FF0000
6.449915854353,3.3978506643937,2754142818230050,#FF0000
6.4496995254723,3.3976672063769,505190480905383,#FF0000
6.4498296663534,3.3974454133443,558242271809870,#FF0000
6.4493357487923,3.398912870259,764861180890477,#FF0000
6.4495490912498,3.3977384516606,294319575641487,#FF0000
6.4493254594162,3.3991250805228,772418926769047,#FF0000
6.4486157741348,3.3969402668662,916417839211321,#FF0000
6.4495033640139,3.3981830077183,1163636944077908,#FF0000
6.4461618322204,3.3976420900914,2888530778080674,#FF0000
6.446746031746,3.3997765321905,3972804692807105,#FF0000
6.4492980547991,3.3993171351564,772631080062316,#FF0000
6.449139389089,3.3992568993679,793366864623630,#FF0000
6.4489720909473,3.3971823179648,309312987223859,#FF0000
6.4496087473535,3.3975586412438,595285258540629,#FF0000
6.4492081515184,3.3988161132788,817229965667156,#FF0000
6.4461738382433,3.397832857189,945013049662513,#FF0000
6.4491735000168,3.3973739554193,2913561818921783,#FF0000
6.449427431106,3.3974402579147,300097281619026,#FF0000
6.4493154276986,3.3992434449009,818663052360777,#FF0000
6.4481882655173,3.3984006734007,1158287524643993,#FF0000
6.449320853602,3.3991891891892,820220875544594,#FF0000
6.4493922293412,3.397502750275,455065022459511,#FF0000
6.4493569302507,3.3988548015712,899270267300482,#FF0000
6.448676944818,3.397827152359,907107259857616,#FF0000
6.4497170205973,3.3976942929293,1555668397965329,#FF0000
6.4468629247081,3.398538129668,2931533143736674,#FF0000
6.4491519785999,3.3991487283245,905988869964769,#FF0000
6.4460480548479,3.3977936205048,2748420855469052,#FF0000
6.4497222222222,3.3976061823956,6359241720767596,#FF0000
6.44968405837,3.3979139026486,194236219190108,#FF0000
6.4490931090113,3.3990399754791,910292722865617,#FF0000
6.4493931742842,3.3974337256301,110555127771068,#FF0000
6.4491530410798,3.3973716884032,147749033921177,#FF0000
6.4499688338672,3.3971767238937,560789571573619,#FF0000
6.4498962140269,3.3973459011711,834717387398168,#FF0000
6.449353229005,3.3989114954988,919855318856874,#FF0000
6.4484116845804,3.3981566395268,455517942232411,#FF0000
6.4482102908277,3.3965778566745,476623326925539,#FF0000
6.4491543244018,3.3990919597393,941797156571818,#FF0000
6.4491467759272,3.3973491221718,283236743444600,#FF0000
6.4493772823875,3.3987915418942,954959055242362,#FF0000
6.4494363626706,3.3975059716964,832219891006668,#FF0000
6.4494964262508,3.3983002623811,1122276231607031,#FF0000
6.4486244613636,3.3969949737996,475069203819460,#FF0000
6.4467556348341,3.3993116815501,496705964705117,#FF0000
6.4492046945577,3.3972752436349,798279767729067,#FF0000
6.449425397277,3.3985854968257,1140942523011788,#FF0000
6.4494091992588,3.3975133501967,2789531048026419,#FF0000
6.4459948105699,3.3977855557537,3697777973683384,#FF0000
6.4490977527998,3.3972179575194,220608932828287,#FF0000
6.4494522620922,3.3983890036731,1145642895861548,#FF0000
6.4497971588228,3.3974008086935,5981012901912499,#FF0000
6.449455073283,3.398433456609,1172381163218009,#FF0000
6.4487125638691,3.3977777777778,533444158011916,#FF0000
6.4496913998358,3.3977622759528,669019327239731,#FF0000
6.4493999426229,3.3983475273268,1175019222969903,#FF0000
6.4491289228941,3.3973653096051,2992099274401213,#FF0000
6.4463725641184,3.3974112476013,329031755283911,#FF0000
6.4469758039142,3.3994934780539,470988330847752,#FF0000
6.4494104943432,3.3986005097233,1209441622846082,#FF0000
6.4498193876575,3.3974416015513,1014338862663425,#FF0000
6.4494295478874,3.3982358534246,1237263690067440,#FF0000
6.4492763764723,3.3973454485639,298240478500116,#FF0000
6.4494645861955,3.3961807331628,799876034224222,#FF0000
6.4481390434599,3.3986222615436,860914978104827,#FF0000
6.4492598343685,3.3985127848321,1245975859157735,#FF0000
6.4493263295001,3.3981807836532,131950335648879,#FF0000
6.4494022686445,3.3974902362264,2937272393158145,#FF0000
6.4493953897623,3.3986689762514,134055892087730,#FF0000
6.4494906596614,3.3978148375928,218021806466108,#FF0000
6.4464852915264,3.3980706513616,513723726716913,#FF0000
6.6038333333333,3.4049362565593,459241445336134,#FF0000
6.6041076181494,3.4023766349409,1192561104514494,#FF0000
6.6044799334125,3.4021147786756,2908613936045027,#FF0000
6.6040319972908,3.4023384677896,148252670604548,#FF0000
6.6036348300145,3.4040212945022,169917808383034,#FF0000
6.6047983979537,3.4058692037168,194330099197638,#FF0000
6.605040081214,3.4012812990589,334960134723133,#FF0000
6.6052339428132,3.4007067230608,1108045646357074,#FF0000
6.6041372818458,3.402362585364,230765352135819,#FF0000
6.6048156610262,3.4015824960533,462481541753531,#FF0000
6.6055167740385,3.4002485783109,500439951008023,#FF0000
6.6053452519756,3.4007214980188,921998648634649,#FF0000
6.6035316629069,3.4038147427783,3527900857434902,#FF0000
6.6050650411375,3.4004863712748,224157359075316,#FF0000
6.6041186264445,3.4021434198119,280411487114236,#FF0000
6.6037178939741,3.4032910106561,819230378709508,#FF0000
6.6047494541074,3.4057457754025,184529486757275,#FF0000
6.6049525598341,3.401530990408,242891637595726,#FF0000
6.6040811333962,3.4024445599446,288304769609579,#FF0000
6.6042550796452,3.4025984955987,309922680648121,#FF0000
6.6034840066654,3.4042346587351,3900855873365099,#FF0000
6.6041486625514,3.4024601791802,289813432789595,#FF0000
6.6047517715686,3.4014124100156,803781556946444,#FF0000
6.6039629817444,3.4032564818523,859162618140504,#FF0000
6.6045787809562,3.4021152134511,942821353189493,#FF0000
6.6040803981473,3.4024506248361,3033785260188248,#FF0000
6.6052934347821,3.4003519847338,3042496565969784,#FF0000
6.6049149086825,3.4059710630138,157305349676086,#FF0000
6.6043657046423,3.4023593642018,296173065392313,#FF0000
6.6041351386769,3.4023076730992,320348203047299,#FF0000
6.6036564100423,3.4049287544418,806132433351871,#FF0000
6.6052909952607,3.400364437357,134354082063130,#FF0000
6.6041285414992,3.4023597151198,371418264264876,#FF0000
6.6037536911854,3.4032089406737,260715282456433,#FF0000
6.6040523257828,3.4025107611549,380919879834472,#FF0000
6.6047843575706,3.4060567119318,576390113335280,#FF0000
6.6042804598371,3.4024940452295,770153403700949,#FF0000
6.6044042280786,3.4016883704051,2942872589277842,#FF0000
6.6045916160864,3.4016931719382,186422863230563,#FF0000
6.6041115765038,3.4024215799297,391930658535448,#FF0000
6.6049907137683,3.4014054240405,626517988749546,#FF0000
6.6043032246244,3.4025982723094,3984234805026664,#FF0000
6.6037370376456,3.4050951766909,216810106609160,#FF0000
6.6041507169901,3.4020823129252,473527713940730,#FF0000
6.6051553543546,3.4012123178999,756481748398657,#FF0000
6.6054176396817,3.4062345679012,150818510277340,#FF0000
6.6040471055129,3.4052805280528,229494215617602,#FF0000
6.6049064780102,3.4010593893399,309168063944883,#FF0000
6.6040251853132,3.405480871055,464821121468909,#FF0000
6.6040651809869,3.402504983655,476438230135198,#FF0000
6.6045712185096,3.4014338242079,1109127352932446,#FF0000
6.6039516792363,3.4053525007925,236839404905440,#FF0000
6.6041327710264,3.4024395551257,517655779595133,#FF0000
6.6041241518695,3.4028300748484,732348820767660,#FF0000
6.604580769057,3.40159382137,771651660173709,#FF0000
6.6036188983027,3.4043915245092,2910495039206683,#FF0000
6.6051743334989,3.4011312313592,217209469906413,#FF0000
6.6045014761527,3.4021055348243,222496739263186,#FF0000
6.6036967130677,3.4050134719015,539397447440612,#FF0000
6.6040075086638,3.4024058261593,566021028134587,#FF0000
6.6037187997672,3.4044879995667,2876428439266156,#FF0000
6.6051069017254,3.4004931694156,177947504216044,#FF0000
6.6050839492423,3.4008085193994,253255319917095,#FF0000
6.6036433537917,3.4049067079007,486591872541604,#FF0000
6.6040877095386,3.4022064905432,743351129688009,#FF0000
6.6034599595689,3.4040149455845,1115874188892866,#FF0000
6.6036182816969,3.4035402069049,138065054924003,#FF0000
6.6041525453797,3.4023469459957,763256101226892,#FF0000
6.6042064966318,3.4053195281481,202049301750275,#FF0000
6.6041016659444,3.4024332163329,807018613255671,#FF0000
6.6051112359283,3.4011597138469,175261014481337,#FF0000
6.6047150747972,3.4003700564972,528663221631946,#FF0000
6.6045766776127,3.4016403068296,765106440821955,#FF0000
6.6054229080417,3.4066256830601,813909619530470,#FF0000
6.6040935968439,3.4025129486479,890661018161996,#FF0000
6.6037853979823,3.4036233807194,518161076232078,#FF0000
6.6039801499831,3.4024725444787,902805520561463,#FF0000
6.6047562056738,3.4011624833139,774616589863244,#FF0000
6.6040711703215,3.4025,914027292493839,#FF0000
6.604520508021,3.4017194674013,142154614595524,#FF0000
6.6050446998723,3.4008700619969,469039027717246,#FF0000
6.6040589667284,3.4022719642291,936663300491814,#FF0000
6.6046630461991,3.4014244108231,1012009816003165,#FF0000
6.6051209284627,3.4007475864187,1105249346626711,#FF0000
6.603674911085,3.4044671707585,151976930223658,#FF0000
6.6042577910554,3.4026381909548,206199314471919,#FF0000
6.6042621916395,3.405444664636,303118731296143,#FF0000
6.6046496212121,3.4015894219228,1053986768764665,#FF0000
6.6037297030119,3.4036428598615,2852647628383561,#FF0000
6.6041666666667,3.4055081750959,516118116086943,#FF0000
6.6047858109699,3.401713414151,1082658448929404,#FF0000
6.6041224855911,3.4029048305114,2929038544006876,#FF0000
6.6035180366788,3.4042290844488,220371366183861,#FF0000
6.6047002738956,3.4013512910473,814816156132376,#FF0000
6.604771942162,3.4016599724795,1117922472055408,#FF0000
6.6050227844123,3.4007752263811,177638344245168,#FF0000
6.6052445113788,3.4064104665592,256731519475183,#FF0000
6.6041909104822,3.4023680350906,513598856746780,#FF0000
6.6044328641843,3.4016470534574,1126430507838942,#FF0000
6.6035846230365,3.4035515574711,3882173398575792,#FF0000
6.6046625730773,3.401312905538,319319882874589,#FF0000
6.6046700189917,3.4057703451751,754891661822740,#FF0000
6.6044241863503,3.4017622220137,1162404197540149,#FF0000
6.605,3.4009336797374,3947112345408973,#FF0000
6.6050679866718,3.4060253523614,132343622276634,#FF0000
6.6036895831747,3.404021546957,204862917945037,#FF0000
6.6049612871377,3.4004347005945,215488736765455,#FF0000
6.6038916391639,3.4034027777778,507931360337523,#FF0000
6.6056312890584,3.4000855029264,921731042003884,#FF0000
6.6046886406023,3.4012732436596,1174205129709306,#FF0000
6.604624615528,3.4013696179719,1175549376243036,#FF0000
6.6048112075658,3.4060915255468,396309471390274,#FF0000
6.6045049724202,3.4015328059355,1184279302055283,#FF0000
6.6055708606639,3.4004824298828,3702677256504629,#FF0000
6.6039962315099,3.4031397274367,1136062680242204,#FF0000
6.6044255296722,3.4017255331924,1353921548305815,#FF0000
6.6047272265059,3.4018820592604,136098075216872,#FF0000
6.605381280929,3.4008148834019,160442999271546,#FF0000
6.6053244570046,3.4009078910566,457022268730116,#FF0000
6.6052997368468,3.4008050466954,230717425518190,#FF0000
6.6043146088406,3.4022015284434,259274125896853,#FF0000
6.604552432599,3.4056266681495,300883045041294,#FF0000
6.60431166897,3.4020055030119,950755665690692,#FF0000
6.6045417374858,3.401559338282,1394817514231336,#FF0000
6.6042988617719,3.4057337597244,1522273671292219,#FF0000
6.6038673947184,3.4029111926721,338940867581151,#FF0000
6.6045066384571,3.4015855644877,1397498010618426,#FF0000
6.6045166405842,3.4022222222222,189054596401592,#FF0000
6.605525682624,3.4004644062904,196144739010411,#FF0000
6.6044505439736,3.4018652622783,1497429450427260,#FF0000
6.6043772120781,3.4018205150691,155495086587857,#FF0000
6.6054826973334,3.4003144382421,300461164948581,#FF0000
6.6047804569097,3.4013219057848,460533568568339,#FF0000
6.6051371332173,3.4061571510957,1732998946891455,#FF0000
6.6044257024139,3.4023029538714,1896147413887940,#FF0000
6.6046210638676,3.4056788293351,197070318899069,#FF0000
6.6048675241772,3.400864035689,484901822560749,#FF0000
6.6037297157283,3.4036798839092,939288306851596,#FF0000
6.6037005909572,3.4047913088964,1192170361236388,#FF0000
6.6045218089012,3.4017261019223,1562540400804047,#FF0000
6.6041308127838,3.4054743442809,3918270311559699,#FF0000
6.6045934856482,3.4014319693219,158623136267961,#FF0000
6.6035045794414,3.4044776306107,916898429153424,#FF0000
6.6043630259154,3.402423340153,2926969667570780,#FF0000
6.6046238289546,3.4013416242945,160948732629640,#FF0000
6.6035694606779,3.4045381676037,503059330848910,#FF0000
6.6047754806426,3.4013420552009,164896305562718,#FF0000
6.6044813584968,3.4021601673307,222343339278014,#FF0000
6.6038468561245,3.4048238213915,276382754136072,#FF0000
6.6043369704403,3.4024211884388,458512978581381,#FF0000
6.6045841080124,3.4015885966337,183538936976510,#FF0000
6.6057851816511,3.4001536660266,446436996693368,#FF0000
6.6045603752521,3.4015126090254,188228369817344,#FF0000
6.6039634397898,3.4031944444444,190499169478396,#FF0000
6.6045812662282,3.401482154172,195049445797035,#FF0000
6.6051795301367,3.4063493289257,220136419921004,#FF0000
6.605318634377,3.4065482641968,267033535143292,#FF0000
6.6055114123623,3.4004608241169,5811992668825823,#FF0000
6.6053739689248,3.4008360836084,159255046141627,#FF0000
6.604705912379,3.4018572366818,197638918853906,#FF0000
6.6046047387442,3.4019294425936,222359579276173,#FF0000
6.60370213608,3.404411240725,192342872713842,#FF0000
6.605852764792,3.400004136941,285377606579701,#FF0000
6.6046886959472,3.401272588163,2030763253729452,#FF0000
6.6050523978358,3.4004561485258,1594273160758360,#FF0000
6.6047842333487,3.4016336582757,2036604223158416,#FF0000
6.6046002850743,3.4013807863751,209162810812706,#FF0000
6.6039780379631,3.4050718733331,215574640098523,#FF0000
6.6045059540284,3.4017470417168,214543866872248,#FF0000
6.6042938386443,3.4026032049591,1870026326512152,#FF0000
6.6043409159266,3.4017782872057,215414650115416,#FF0000
6.6038240153993,3.4028109863064,284287276703986,#FF0000
6.6047336073832,3.4017262612319,344065763811970,#FF0000
6.6049044014578,3.4061809551916,462415738383138,#FF0000
6.6054518579535,3.4002243841265,807482589878616,#FF0000
6.6036691668869,3.404831763066,2893652947559726,#FF0000
6.6045625582426,3.401634869817,217087923234595,#FF0000
6.6052967441912,3.4062801517243,217500803186307,#FF0000
6.6049469251861,3.4060270648351,803369840591064,#FF0000
6.6036998399422,3.4037040856273,1153375481793663,#FF0000
6.6045009177996,3.4016571300291,218997066366418,#FF0000
6.6042956141318,3.402502750275,252907746575683,#FF0000
6.6036685293923,3.4042709322389,306314987668125,#FF0000
6.6038919237361,3.4033147574506,1118478795304736,#FF0000
6.6052871602082,3.4064405546936,2614046508891783,#FF0000
6.6048410023853,3.4012399168362,142088487842735,#FF0000
6.6044877256458,3.4017893857848,2244217909045605,#FF0000
6.6037200059793,3.4046984344125,3920718544681858,#FF0000
6.603537023866,3.4040313522426,4284259838285225,#FF0000
6.6045387189956,3.401537786877,224759669004291,#FF0000
6.6040994635412,3.402667738413,229685182258573,#FF0000
6.6052189310163,3.4005785536792,377847186911871,#FF0000
6.604409293193,3.4019444444444,431059862015103,#FF0000
6.60483321949,3.4061595468973,749817275692025,#FF0000
6.6038497958821,3.4032518552362,854560825129169,#FF0000
6.6049705967078,3.4063265321931,960549411348476,#FF0000
6.6051109972678,3.4064461108517,1229484787481269,#FF0000
6.6045412025136,3.4016806874174,225453658916175,#FF0000
6.6053904952416,3.4066000623199,305292214508652,#FF0000
6.6052729653407,3.4008564359441,384416252765914,#FF0000
6.6042282447796,3.4021981248525,925749224825778,#FF0000
6.6037613320186,3.4035471668529,1225249224591275,#FF0000
6.6038917525773,3.4050433497476,2937843616489152,#FF0000
6.6047601853398,3.4016792683646,298891715208122,#FF0000
6.6038286335858,3.4035285408784,1138373153241803,#FF0000
6.6048297433791,3.4016432128113,2341391562671950,#FF0000
6.6046556051133,3.4013141749183,239450577939210,#FF0000
6.6044250725785,3.4018245675142,499656961455069,#FF0000
6.605456408988,3.4006871701536,145828087517807,#FF0000
6.6050162921348,3.4004468321165,195722672378348,#FF0000
6.6044308303233,3.4018861561866,247478963796385,#FF0000
6.6048456790123,3.4062091503268,492246795348766,#FF0000
6.6038107481594,3.4033389499731,221467613080490,#FF0000
6.6046090611414,3.4015332821813,254026693138415,#FF0000
6.6042753196028,3.4018664390282,2509769305836131,#FF0000
6.6058072708653,3.4000678255288,215060406806574,#FF0000
6.6046379763275,3.4014759743404,251079046803043,#FF0000
6.6057235333005,3.4002529772109,494674325069846,#FF0000
6.6035532615799,3.4046490386154,774301656608610,#FF0000
6.6055698252867,3.4001720883389,151275107010247,#FF0000
6.6058264514767,3.4000067356662,481846182963136,#FF0000
6.6045777093361,3.4058546310343,484408019680619,#FF0000
6.6040388054119,3.4025433328065,488882292387525,#FF0000
6.604745201105,3.4013777509534,2793853250867906,#FF0000
6.6047035223528,3.4017785236557,282135573645368,#FF0000
6.6047191358025,3.4011165182114,847983872470699,#FF0000
6.6046445213536,3.4018714828425,285968296496541,#FF0000
6.6042374177163,3.4022392192131,791746294807736,#FF0000
6.6047983367315,3.4009581219807,197080988909039,#FF0000
6.6043789220521,3.4023421663149,222164952630309,#FF0000
6.6046047525118,3.4015456727299,295795892021381,#FF0000
6.6043736204351,3.4056918668376,478301506766651,#FF0000
6.6049575005312,3.401450145593,580204009623233,#FF0000
6.6039631731353,3.4027126179325,796120911024874,#FF0000
6.6035586306725,3.4043432919127,876069929611638,#FF0000
6.6036267404334,3.4038916391639,948520209242276,#FF0000
6.6037415177259,3.4031311244841,2813666048883840,#FF0000
6.603673005698,3.4045781746032,317810773118911,#FF0000
6.6039915376442,3.4054188789605,318520743020414,#FF0000
6.6039552719082,3.4033075571895,517233045966515,#FF0000
6.6046734796036,3.4018248938129,3000767183583243,#FF0000
6.6041422828926,3.4055838265604,132022902294609,#FF0000
6.6046391213049,3.4057430002496,179331890637043,#FF0000
6.605415529044,3.4007607470676,215752390063326,#FF0000
6.604531673191,3.4018117221091,300691284973769,#FF0000
6.6036787477155,3.4044444444444,572623277038067,#FF0000
6.6044254398148,3.4018680597874,302834388036602,#FF0000
6.6041734278766,3.4055213565961,800093447276691,#FF0000
6.6055431162102,3.4004298710173,1655376504651210,#FF0000
6.6044444444444,3.405776993409,1661902167327977,#FF0000
6.6047634020254,3.4011802361174,2774198812891968,#FF0000
6.6051657454979,3.4010465172541,4117195825054420,#FF0000
6.604696073848,3.4015066486889,308999220671313,#FF0000
6.6046100692592,3.4015932422399,326468588890513,#FF0000
6.6048429951691,3.4060703971193,1653896114795247,#FF0000
6.6048578510257,3.4059212518848,110506027775200,#FF0000
6.6050827569016,3.4063527726242,263271308918337,#FF0000
6.6046269714997,3.4013516705228,335013634637937,#FF0000
6.6044760718905,3.4022861973775,519998845694914,#FF0000
6.6051149932844,3.4006893048384,894827577733037,#FF0000
6.6035553248928,3.4038244929492,315773423278296,#FF0000
6.6048193348831,3.4017393409187,357451596028145,#FF0000
6.6042262993833,3.4027640016309,371961897536448,#FF0000
6.6056801384718,3.4000093620285,1341384679577660,#FF0000
6.6036316916488,3.4047487364057,3027213917513386,#FF0000
6.6055009608126,3.4066871954969,140609978084056,#FF0000
6.6043719999797,3.4017334356613,369350264499525,#FF0000
6.6052304625001,3.4009249721979,460868921667825,#FF0000
6.6049665513154,3.4015045437334,2840759506146576,#FF0000
6.605073281862,3.4062597757263,297974731806152,#FF0000
6.6046877412462,3.4018581157532,370248631069428,#FF0000
6.6049372759857,3.4009419037627,403613267651464,#FF0000
6.6050567374852,3.4013806432749,516753296361460,#FF0000
6.6049688015129,3.4062446944444,2913533088887290,#FF0000
6.6035065521616,3.4039197530864,3888703497894406,#FF0000
6.6046011321356,3.4019609327134,200468905248408,#FF0000
6.6044667406511,3.401807237478,372624447466352,#FF0000
6.6058941080091,3.4000142359021,513091009873361,#FF0000
6.604874105423,3.4059692096205,797439844539808,#FF0000
6.6048038322665,3.4012926370026,375009803869294,#FF0000
6.6047475078924,3.4012231064924,1869893099854116,#FF0000
6.6036440579791,3.4044221604679,3974588832654355,#FF0000
6.603941275899,3.4033532589605,149903273768973,#FF0000
6.6045207404405,3.4016081254472,377660946915870,#FF0000
6.6037141565104,3.4039062964005,770477156995105,#FF0000
6.6039604086433,3.4054092439174,1123632664816884,#FF0000
6.6046206764145,3.4016403729839,3963446750400447,#FF0000
6.6053260071647,3.4007774375723,171812121530558,#FF0000
6.6046886701947,3.400330102657,295673922215710,#FF0000
6.6043093093093,3.40182247663,4039541616098403,#FF0000
6.6053376207239,3.4007443348646,122365266554687,#FF0000
6.6041961839229,3.4053846771054,300195155030363,#FF0000
6.6040693049707,3.4030310592366,536165524043657,#FF0000
6.6045404053342,3.4014901337113,4135193406543166,#FF0000
6.6046436518445,3.401548977722,4568946579799960,#FF0000
6.6047325538172,3.4017897229698,459004245208842,#FF0000
6.6041345343616,3.4053216191553,571062453856020,#FF0000
6.604094538888,3.4052193196284,304070594673513,#FF0000
6.6043996336899,3.4018672652269,462690228369048,#FF0000
6.6035696295093,3.4036138613861,504575617343842,#FF0000
6.6050414580635,3.4009413033822,184753180174609,#FF0000
6.6045099664739,3.4015507023795,465439468097144,#FF0000
6.6052564383504,3.4006117175993,466507164420541,#FF0000
6.6044649664751,3.4022047037037,971034733440279,#FF0000
6.6041122317447,3.4030056545029,1601042220286524,#FF0000
6.6036541537749,3.4039051589297,2168325816642492,#FF0000
6.6035132472131,3.4041216682595,135415065244524,#FF0000
6.6045644532323,3.4017519355307,466852921091735,#FF0000
6.6044019585856,3.4017723726005,467690544502171,#FF0000
6.6050936548403,3.4007295310832,749969085584814,#FF0000
6.6052493472814,3.4065617332251,902263100343411,#FF0000
6.6037639445434,3.4037123279365,2950539801857887,#FF0000
6.6043919303856,3.4018428749446,468278321063445,#FF0000
6.6048095011176,3.4017140944091,475635363490036,#FF0000
6.6056298645791,3.4001924603175,576785823273489,#FF0000
6.6048863221756,3.4003653607697,852360975354971,#FF0000
6.6046712999677,3.4019210560509,1815925818575477,#FF0000
6.6042300226659,3.4055721613239,461398241613581,#FF0000
6.6045021619404,3.4017673557759,475992533618485,#FF0000
6.6056077690676,3.400292219676,306097820920781,#FF0000
6.6045508598344,3.4016550226485,476908136863581,#FF0000
6.6035161350704,3.403937091867,4129137470485111,#FF0000
6.6040236125777,3.403032670335,4255057321217458,#FF0000
6.6036876502317,3.4041941497464,187001743274033,#FF0000
6.6045511687686,3.4021632268401,220989252785115,#FF0000
6.6038049405494,3.4035411196028,467411921208679,#FF0000
6.6046742094109,3.4014040033512,477726737008364,#FF0000
6.6038176738848,3.4034400947924,382108983016147,#FF0000
6.604710106055,3.4012746734754,479590070042704,#FF0000
6.6045430988994,3.4016912945538,480880683239909,#FF0000
6.6040552526305,3.4030450511805,167194348668097,#FF0000
6.6046763791556,3.4060560699722,329621971853333,#FF0000
6.6045804301633,3.4014200103572,482202532985942,#FF0000
6.6035131802245,3.4040158676728,584665789116782,#FF0000
6.6035998960868,3.4046624151789,2807836249530047,#FF0000
6.6048076372315,3.4003906590182,134772441977231,#FF0000
6.6035231806205,3.4045463231247,159918396073802,#FF0000
6.6047285819484,3.4014536080734,485535526233919,#FF0000
6.6038304754274,3.4052396962628,494449085041063,#FF0000
6.6045511477827,3.4021088259016,1130490947419037,#FF0000
6.605433847104,3.4067058012846,1762649930583799,#FF0000
6.604937396462,3.4004393849287,270254791506076,#FF0000
6.6044725804107,3.4016540872403,487284499018603,#FF0000
6.6046760422356,3.4013252178608,494186781925708,#FF0000
6.604061807158,3.4027496537929,614550369458848,#FF0000
6.6049701095195,3.4009016368711,800856063868610,#FF0000
6.6048087002096,3.4015883050476,488484242388752,#FF0000
6.6038442203763,3.4034704667156,560856514879524,#FF0000
6.6057537152861,3.4002134337728,1626489197694245,#FF0000
6.6044195280859,3.4058016477598,158851889523557,#FF0000
6.6042148039781,3.4026381909548,302708978021180,#FF0000
6.6047429891156,3.4017875422381,490143048894771,#FF0000
6.6052841055341,3.4006230056675,2970215906640627,#FF0000
6.6043518518519,3.4018643371434,498479798095761,#FF0000
6.6037450569465,3.4031619595374,201697398453572,#FF0000
6.6047518210824,3.4013029908539,499645604510915,#FF0000
6.6036595757466,3.404743911596,1164975377327431,#FF0000
6.6051323365752,3.4006092083967,300440498330378,#FF0000
6.6049297764746,3.4060241065693,484875615899031,#FF0000
6.6046482231012,3.4018685989044,510975580057201,#FF0000
6.6040235414632,3.4025785486546,517153029462956,#FF0000
6.6036669355094,3.4033333333333,991495578054363,#FF0000
6.6047424826605,3.4018067669719,518462846000122,#FF0000
6.6044132168237,3.4055218356131,216877679933418,#FF0000
6.604497649582,3.4018751785204,520509382440078,#FF0000
6.6048414986838,3.4010303344499,306803320940597,#FF0000
6.6048717474485,3.4010319131021,319585529513376,#FF0000
6.6035317460317,3.4037657139636,507260364039724,#FF0000
6.6048320019186,3.4016405758719,543349006669526,#FF0000
6.603689722599,3.4040136809499,956142401593849,#FF0000
6.6036743808527,3.4038560854683,1388963194803432,#FF0000
6.6037866273631,3.4049848520068,2825692617648142,#FF0000
6.6054760524869,3.4062796026556,137037815078454,#FF0000
6.6036607061793,3.4041121148559,303392104688690,#FF0000
6.603521500936,3.4045433198551,519635465729685,#FF0000
6.6044711770594,3.4015856801103,574737140157517,#FF0000
6.6036779158838,3.4040689058172,938407130333681,#FF0000
6.6055180003386,3.4064490495044,1184100435357848,#FF0000
6.6041831154807,3.402825937875,3974745442619486,#FF0000
6.6035278571194,3.4037343024028,206666894415748,#FF0000
6.6047468325729,3.4012015987638,329901698497933,#FF0000
6.6042196824974,3.4027520395372,473019593786642,#FF0000
6.6045403394365,3.40147924051,665365890940677,#FF0000
6.6039651501083,3.4031782375479,152975430118158,#FF0000
6.6050511484875,3.4012031666626,522124655816565,#FF0000
6.6046691541596,3.4060375050875,530527751689422,#FF0000
6.6047822822823,3.4017159939051,740073253263203,#FF0000
6.604569221769,3.4019785817207,375040123838462,#FF0000
6.6047088164918,3.4018518518519,766158370728300,#FF0000
6.6053012458862,3.4004785967438,810534366550200,#FF0000
6.6040286932284,3.40536223707,945064086249560,#FF0000
6.6036846775671,3.4049533499969,283211213524864,#FF0000
6.6051873345551,3.4011579856941,367920478240770,#FF0000
6.6036497689013,3.403454639333,467140954515888,#FF0000
6.6046385563358,3.401464332357,769251360425511,#FF0000
6.6046742093423,3.4015072769009,778874189689491,#FF0000
6.605,3.406186084712,1350573475298890,#FF0000
6.6047852737321,3.4012485487744,1443276409350429,#FF0000
6.6050335365169,3.400504284966,306738824334877,#FF0000
6.6047292289625,3.4017358239491,797330964254158,#FF0000
6.6043387310904,3.4019678636482,162080339179544,#FF0000
6.6049537037037,3.4009975862025,755140725173666,#FF0000
6.6046545870835,3.4012841936162,803299930323245,#FF0000
6.6041261651296,3.405346033765,831112744506130,#FF0000
6.6041401348411,3.4028301051308,3991602394267300,#FF0000
6.603701269878,3.4036066219047,316409633395176,#FF0000
6.6036448814302,3.4047867693955,493074291744375,#FF0000
6.6047222222222,3.4013074150262,810049363259698,#FF0000
6.6057631571308,3.4001357921095,2925461347685145,#FF0000
6.6037256768699,3.4045904734243,244739314098563,#FF0000
6.6043607530461,3.4024484460388,588224729251018,#FF0000
6.6048100822017,3.4012789393939,811876223070533,#FF0000
6.603699433458,3.4050219187576,314728736683725,#FF0000
6.603677820423,3.4042428141164,804241156874978,#FF0000
6.6047768169698,3.4017595807613,812104149684012,#FF0000
6.6053483830569,3.4063206370278,517617982979830,#FF0000
6.6048324417823,3.4015435580365,823751245241334,#FF0000
6.6052439143185,3.4062402578937,2960712857538818,#FF0000
6.6050818861713,3.4061138613861,534203064410255,#FF0000
6.6038888888889,3.4033716475096,600392020920692,#FF0000
6.6044818458175,3.401615660278,829802717937120,#FF0000
6.6046874537653,3.4018069443013,829921880952398,#FF0000
6.603697007369,3.4039637299678,146930277431381,#FF0000
6.604649402549,3.4013711358346,833491943927874,#FF0000
6.6051582042612,3.4007914332197,893683631362538,#FF0000
6.6039521336116,3.4025398490544,315907540046414,#FF0000
6.6035964748816,3.4035143778068,516388172696682,#FF0000
6.6044528002861,3.4016860128448,847873025812860,#FF0000
6.6047194719472,3.4012225425929,327450415383937,#FF0000
6.6044835464015,3.4017030725259,848435749358065,#FF0000
6.6047194719472,3.4013460168618,854759488718237,#FF0000
6.6054947608109,3.4006227834676,868656427324543,#FF0000
6.6059755487259,3.4067484962112,1463192254015121,#FF0000
6.6051760984012,3.4064288137699,140519914758686,#FF0000
6.6042933440242,3.4025181702707,300513601639149,#FF0000
6.6037822951055,3.4051791244369,319533319586677,#FF0000
6.6044650975403,3.4017449934375,863782904169713,#FF0000
6.6034687168663,3.403834437245,981916622617340,#FF0000
6.6042026440158,3.4054173646008,456290378800556,#FF0000
6.604457983583,3.4018429200495,869752337225356,#FF0000
6.604626173048,3.4014129255198,872845773293741,#FF0000
6.6046472479992,3.4057846851962,913700882744063,#FF0000
6.6037696389531,3.4034264573486,2674410252865275,#FF0000
6.6057342888644,3.400154356423,159668776099686,#FF0000
6.6044945925126,3.4059009731165,224373612389035,#FF0000
6.6051971793275,3.4011173866643,479206259985601,#FF0000
6.6042381090301,3.4023480691154,828418848046172,#FF0000
6.6047707555817,3.401812186798,938070630278826,#FF0000
6.6035148454298,3.4040243957204,2906992352885134,#FF0000
6.6051600738016,3.4063809175784,3066808583547676,#FF0000
6.6035347532566,3.4041410833161,195280149083276,#FF0000
6.6052324511926,3.4010551807781,525155698518551,#FF0000
6.6047165025829,3.401439659078,948692985951318,#FF0000
6.6044241513707,3.4022703656543,1017363979046745,#FF0000
6.604309316085,3.4021088161044,112045060950310,#FF0000
6.6036111111111,3.4043096103024,469648460789633,#FF0000
6.6051334116142,3.4060284812927,1178295409285931,#FF0000
6.6048386022643,3.4010807334428,474160087221630,#FF0000
6.6038940139401,3.404914209751,755567195111583,#FF0000
6.4588934359879,3.3149925335209,303957874504107,#FF0000
6.465046080369,3.317309533595,303957877837440,#FF0000
6.4597635480137,3.3151554349433,489055875483305,#FF0000
6.4633931752984,3.3003242251198,309695630821736,#FF0000
6.4589167637937,3.3150390002637,507625657044398,#FF0000
6.4599129486226,3.3171831772625,511586459981539,#FF0000
6.4588213267746,3.3145495392469,1044756246050555,#FF0000
6.4619034043553,3.3157465818903,1390953971276779,#FF0000
6.4673175737242,3.3292165239995,510609833636866,#FF0000
6.4626077809171,3.3007500203838,590436289015053,#FF0000
6.4732942318011,3.3377231451176,820954215492258,#FF0000
6.4588185010325,3.3148573385552,1053168041874873,#FF0000
6.458960574779,3.3150770166877,1416022975425376,#FF0000
6.4588704811627,3.3149482257262,220638542820179,#FF0000
6.4630506100601,3.3230897481747,225477725583594,#FF0000
6.4607029982993,3.3155517344203,296318215272711,#FF0000
6.4651976222266,3.3153360399326,476956146750916,#FF0000
6.4652098463733,3.3135345293641,810807379558956,#FF0000
6.4611737006156,3.3156911748549,468737754212981,#FF0000
6.4588880561815,3.3144259515168,2916007418669490,#FF0000
6.4598085116496,3.3162519428091,271697141320076,#FF0000
6.4588685080129,3.3144603691242,308262037580086,#FF0000
6.4726572742063,3.3121248391178,1258752387875708,#FF0000
6.4627790717872,3.3090847241333,168252631783818,#FF0000
6.4741153265178,3.3387302462202,301795364785710,#FF0000
6.4720552394464,3.3121422707106,4004557959634580,#FF0000
6.4588143597771,3.3145939781932,4088058124592396,#FF0000
6.460174,3.312833,145233637497216,#FF0000
6.4638576904383,3.3172500070701,185893526723560,#FF0000
6.4650684371858,3.3090937712959,241349324438313,#FF0000
6.4679388060302,3.3209473636125,309033877339857,#FF0000
6.4589122854463,3.3144008144596,463265114778065,#FF0000
6.4968778740395,3.3213158084658,619966446066597,#FF0000
6.4685267251455,3.3307162783994,375193600490402,#FF0000
6.4588367986144,3.314501157932,481905679913693,#FF0000
6.4631403948945,3.3232244171149,466581734640450,#FF0000
6.4712794230682,3.3116186156824,476832943645329,#FF0000
6.4588016320331,3.3147184414615,503619250671198,#FF0000
6.4713662190767,3.3241161923986,165103325538319,#FF0000
6.4918597699166,3.3229046645197,478180486844933,#FF0000
6.4588022032624,3.3147870255088,574171180217696,#FF0000
6.4975505213461,3.3213384515881,585609422841705,#FF0000
6.4662876306841,3.3033117029687,878660599348251,#FF0000
6.4752880601482,3.3402603693105,978586706011306,#FF0000
6.4687414522009,3.3019808794369,213208120350546,#FF0000
6.4602272240882,3.3007534770823,303570244473166,#FF0000
6.4588042653288,3.3146571042166,582390405985147,#FF0000
6.4646029269618,3.3061751221328,135987765173973,#FF0000
6.4645483363363,3.3059858093093,253944883095260,#FF0000
6.4588470119697,3.3149135595818,763411881209555,#FF0000
6.4597709155632,3.3154440071762,473111873748667,#FF0000
6.4654013456856,3.3035996516218,768713970470621,#FF0000
6.4646219375376,3.3062408246246,782471229074895,#FF0000
6.4679781103508,3.3023592456593,820663792204805,#FF0000
6.4598129185953,3.316424077361,1000757790457070,#FF0000
6.4642520997463,3.304177914274,218395103074147,#FF0000
6.4598066230628,3.3163697407198,1017548105656172,#FF0000
6.4738655612613,3.325863759179,1617196288491681,#FF0000
6.4598027554258,3.3163128166914,179035484113563,#FF0000
6.4715331425805,3.3121445444583,271137964758314,#FF0000
6.4643468012024,3.3052078057115,803880693578869,#FF0000
6.4725152600719,3.3366848077744,810834773203961,#FF0000
6.4614436639644,3.3152175610395,1908654482626479,#FF0000
6.4707927252892,3.3061742220056,4082286165166289,#FF0000
6.4648460156227,3.3177503569418,229079368980807,#FF0000
6.4702794985305,3.3231221756665,299572844962792,#FF0000
6.4596454981868,3.3143367184504,310245084037568,#FF0000
6.4598321130451,3.3166450736467,320592936081616,#FF0000
6.4710463832848,3.3067397157463,369975217766554,#FF0000
6.4718908082768,3.324595651504,498150591225682,#FF0000
6.4716941520613,3.3152326488541,153066356708871,#FF0000
6.4626663945774,3.3163753647757,218883993372440,#FF0000
6.4598220721696,3.3165279770823,329062982146040,#FF0000
6.4598123681273,3.316012066025,467029087907428,#FF0000
6.4712712850895,3.3122113964043,504138007449869,#FF0000
6.4646756618782,3.3066410697601,346250766923390,#FF0000
6.4598498452161,3.3167970338443,437251274337005,#FF0000
6.4650288900037,3.3081224076213,509437123414586,#FF0000
6.4640348863224,3.3045942894912,510076303506168,#FF0000
6.4709866840566,3.3237720405402,519349135758218,#FF0000
6.4645834338623,3.3254856252404,519457302582068,#FF0000
6.469935894675,3.3327736016669,824279488176013,#FF0000
6.4705766727952,3.3226597592675,309887863846198,#FF0000
6.4651958134097,3.3089075471667,392413751842275,#FF0000
6.4595201424714,3.3152734778588,462679048169578,#FF0000
6.4598259059302,3.3165831332166,496040478187768,#FF0000
6.471899921947,3.3121539546656,3626929577446160,#FF0000
6.4742150105749,3.3388790515071,4134132416608871,#FF0000
6.4655687195508,3.3268522346666,189815376336635,#FF0000
6.4598169775531,3.3164759057211,520840939098242,#FF0000
6.465225583079,3.3142390602127,1375632289482765,#FF0000
6.4601888402133,3.3183509352635,1835637993259190,#FF0000
6.4661554932397,3.3193440132335,292765802394205,#FF0000
6.4598404621123,3.3167146836799,891800848343861,#FF0000
6.4642930747793,3.3176637623071,1391321697902271,#FF0000
6.4599513667787,3.3173720064814,122874926489015,#FF0000
6.4596701033046,3.3143627531545,131804195645588,#FF0000
6.4650043746224,3.3078171220544,203987534645920,#FF0000
6.471252232282,3.3092786284146,3430312460528395,#FF0000
6.460870484332,3.3199369987788,165870772036574,#FF0000
6.4598916492523,3.3170854488452,170447691659382,#FF0000
6.4973129132571,3.321300187772,760008241327321,#FF0000
6.494210787448,3.3218567696663,230268845566951,#FF0000
6.4598616555445,3.3168888289213,1997196153767869,#FF0000
6.464548304791,3.3038650190304,2888776041382038,#FF0000
6.4598771593664,3.3169872837533,209111060817892,#FF0000
6.4645182186134,3.3038864411338,213574033667928,#FF0000
6.4612990424651,3.3011029702352,544630403187121,#FF0000
6.497803103696,3.3213196741938,1089231128264543,#FF0000
6.465464285546,3.3035326437303,131655378921868,#FF0000
6.4599321042175,3.3172779431112,318951236285447,#FF0000
6.4599697142756,3.3174647758808,821326275144174,#FF0000
6.4715959036525,3.3187397094008,1834402833401008,#FF0000
6.4600543152076,3.3178294330746,136098841842659,#FF0000
6.4702760900012,3.3332045380997,160230616038648,#FF0000
6.4730832864224,3.3253946958295,523873945663478,#FF0000
6.4600760144376,3.3179188892125,301533041499079,#FF0000
6.4790704684771,3.348982595199,236729584916295,#FF0000
6.4600970413952,3.3180082018872,329258952082024,#FF0000
6.4712035044889,3.3086301130641,377025720275180,#FF0000
6.4711106883916,3.307291425407,468265771066174,#FF0000
6.4639395782868,3.3090966792221,471212487314669,#FF0000
6.460227183074,3.3004888166372,4137276999671181,#FF0000
6.4717630980634,3.3179781519683,140146844767427,#FF0000
6.4646802311067,3.3064424214357,286956036378673,#FF0000
6.4666370849002,3.3198199254357,297579578518152,#FF0000
6.4648633826189,3.3074164853815,509229350231506,#FF0000
6.4682600696262,3.3022125566292,814785492577722,#FF0000
6.4695383604613,3.3029382499737,3912511628870244,#FF0000
6.4600112816236,3.3176460894053,4591078247574742,#FF0000
6.4600326730821,3.3177386419875,505463517256676,#FF0000
6.4684206627294,3.3123480943251,1594952884041895,#FF0000
6.460047,3.314356,450766439351925,#FF0000
6.4601192246886,3.3180965560098,573323583638876,#FF0000
6.4597335132788,3.3152853172003,169455638319342,#FF0000
6.4713931180352,3.3111941473583,469257127681190,#FF0000
6.4638757338947,3.3000138301652,810441276549605,#FF0000
6.4599903351011,3.3175545207191,817467742195625,#FF0000
6.4623406296951,3.3091772086971,3907145589405476,#FF0000
6.4657296434459,3.3270801470758,137982281688106,#FF0000
6.4598127378252,3.3161929430162,225416642255169,#FF0000
6.479082557817,3.3491712124552,961458027949023,#FF0000
6.465257638053,3.3264359435128,2978390839100555,#FF0000
6.4648113535211,3.3069643043259,4013443425360286,#FF0000
6.4672479548849,3.3123937313566,217505889847256,#FF0000
6.4597861433806,3.3156974464546,229124149007930,#FF0000
6.4643301282943,3.3251284522661,474649810452028,#FF0000
6.4651515461849,3.3170188118982,483778066385869,#FF0000
6.4649315487376,3.3175741388934,803392453916427,#FF0000
6.4602402117669,3.3185077237167,1199351800487155,#FF0000
6.4597818676656,3.3156312518863,287823799657360,#FF0000
6.4717890656897,3.3168250298417,295604748811765,#FF0000
6.4649824838872,3.3077187355489,175157214376151,#FF0000
6.4641626920911,3.317557808604,344492317012139,#FF0000
6.4716198201345,3.3186048546481,461128701618666,#FF0000
6.4714012717044,3.3123116235123,802403080694058,#FF0000
6.4682826389096,3.3213034129212,839764660279733,#FF0000
6.4652014680655,3.316366572359,888467715342927,#FF0000
6.4726335894721,3.3251381925086,1466203093716050,#FF0000
6.4790516395669,3.3486296705837,2527515344223481,#FF0000
6.4708613887816,3.323650885883,2802676796706333,#FF0000
6.4598020216189,3.3158793034859,2936275069956671,#FF0000
6.459791202434,3.3158175556202,311180117070377,#FF0000
6.4711869744186,3.3082518880677,352784292882459,#FF0000
6.4603857633391,3.3011219054188,2997478117172550,#FF0000
6.4710900887399,3.3088711883415,372102580846181,#FF0000
6.4649307659888,3.3049850737262,519200832586521,#FF0000
6.4712625176867,3.3121496139643,1479852165696878,#FF0000
6.4642318670329,3.3049285153846,3652013391575067,#FF0000
6.4597936076595,3.315757790896,3984814278264475,#FF0000
6.4792903,3.348759,209424720716735,#FF0000
6.4598071518444,3.3159423269028,471734243911280,#FF0000
6.4689795807973,3.3018995432186,1417264811973547,#FF0000
6.4598147019321,3.3160763901876,813939616188923,#FF0000
6.461304141698,3.3157439539115,170134975024089,#FF0000
6.4718163628146,3.3175910975312,184242526890167,#FF0000
6.4649171464789,3.3074497169014,252516309894288,#FF0000
6.4620032123176,3.3158086509453,462265444860539,#FF0000
6.4652372249344,3.3143901321813,516021366068113,#FF0000
6.4598115880075,3.3161376876469,824072271824186,#FF0000
6.4602148783026,3.3184300380049,161981039108262,#FF0000
6.4701617449486,3.3330813117697,314438613413503,#FF0000
6.4707875212656,3.3217484463117,1606951469694871,#FF0000
6.4641479189243,3.3042767571714,2971008479851823,#FF0000
6.4601662582591,3.3182681572114,520800719329037,#FF0000
6.4612170291348,3.3149511929585,796008777722895,#FF0000
6.4601416715095,3.31818420859,968057643963786,#FF0000
6.4652046282471,3.3154759382101,2865728330360365,#FF0000
6.4603140786024,3.3187305049141,144607094306988,#FF0000
6.467914687191,3.3123512086271,163816235746407,#FF0000
6.4717039671117,3.3244497999485,1416545532032298,#FF0000
6.4605952552926,3.3011277102944,236704238210851,#FF0000
6.4645963467345,3.3049570852094,941755666611701,#FF0000
6.4608490989021,3.3097779148268,1567042933630468,#FF0000
6.4602887719655,3.3186567300861,5518186041588951,#FF0000
6.4602650013355,3.3185828794242,829317974347707,#FF0000
6.4710300388163,3.30846010856,930836011000569,#FF0000
6.4592598756891,3.3152457038088,132192915608322,#FF0000
6.4647646160861,3.3178708130158,191335076176272,#FF0000
6.464886845681,3.305025325796,963105800898025,#FF0000
6.4595819409338,3.3152729563901,151196370232343,#FF0000
6.4590080985004,3.315119128515,175093614522335,#FF0000
6.4742287837366,3.3260800936266,933799184073937,#FF0000
6.4748263819286,3.3116201984201,2892347441015425,#FF0000
6.459427297568,3.3152657346784,182792573706722,#FF0000
6.4604182309969,3.3154479222195,419001729269304,#FF0000
6.4610053516955,3.3011183454691,475790953476381,#FF0000
6.4591589199265,3.3152135859284,652194525622022,#FF0000
6.4647081684418,3.3065872571992,832471214285018,#FF0000
6.4721205982622,3.3247417070704,269348334932958,#FF0000
6.4620076318531,3.3009567360338,301170644909560,#FF0000
6.4659594728416,3.3191762077752,1361756887541925,#FF0000
6.4590799437235,3.3151674564866,2923602761241322,#FF0000
6.4619928785451,3.3216555407124,3949805508442537,#FF0000
6.4622903545672,3.3161917311747,303214561404797,#FF0000
6.4592063748669,3.3152357371456,381739219749997,#FF0000
6.4651243243683,3.3090510585353,468195170917901,#FF0000
6.4737941858481,3.3258735848051,537833160564768,#FF0000
6.4651036125629,3.3183958806735,826626814943733,#FF0000
6.4597633794986,3.3151045174246,263905965475221,#FF0000
6.4714040756344,3.3114306098257,819711925648786,#FF0000
6.4593088694385,3.3152536863386,5543685645673700,#FF0000
6.4633710426853,3.3168910036599,184252950221171,#FF0000
6.4594693210439,3.3152674774922,761439371203523,#FF0000
6.4649363363792,3.3049840807416,1213128429104946,#FF0000
6.4593570653616,3.3152562957,779743466267151,#FF0000
6.4735360165415,3.3257257733051,1919574834867336,#FF0000
6.4711148901943,3.3121625748752,496340011799448,#FF0000
6.4605697225161,3.3193762632266,1217210425360066,#FF0000
6.4669443458281,3.3201191072383,1878345452320390,#FF0000
6.4601896593766,3.3118461107753,794843827838468,#FF0000
6.464823592378,3.3070274554877,941175260046990,#FF0000
6.4610507994872,3.3202253109503,1455499801453364,#FF0000
6.4683174068808,3.3021851250877,1589052918153051,#FF0000
6.4605474148469,3.3193216376833,1801082166728124,#FF0000
6.4605235279989,3.3192704574772,226892412571648,#FF0000
6.4636829829519,3.317130072073,1697138730469668,#FF0000
6.4668269965343,3.3029837035552,153440220060230,#FF0000
6.4605016299064,3.3192199965806,282948726911878,#FF0000
6.4963700850046,3.321335624905,2542658649364363,#FF0000
6.471078938342,3.3068391889581,131343548979980,#FF0000
6.4604782597057,3.3191696947556,293819072220426,#FF0000
6.4713851602859,3.311067196255,481542406388924,#FF0000
6.4603815619336,3.3189351663449,494716515312013,#FF0000
6.4643753233767,3.3053243782217,1654388791438107,#FF0000
6.4644986395335,3.3039199005392,176318284367853,#FF0000
6.4604323482307,3.3190604744891,374822170548129,#FF0000
6.4693231453087,3.3222388876243,480872569637588,#FF0000
6.4609198895637,3.3200139520914,132108522285810,#FF0000
6.4716249312701,3.3143756838913,149628940467268,#FF0000
6.4663288410126,3.32785652129,150972630256899,#FF0000
6.4604064045388,3.3189992635791,483786996014959,#FF0000
6.4701233273403,3.3330016329566,806559213596234,#FF0000
6.460176,3.310699,203724601350950,#FF0000
6.4713987468876,3.3113163641731,255359242942652,#FF0000
6.4660859222088,3.3275824098077,461482878478953,#FF0000
6.4603352353826,3.3188023701611,522478642106876,#FF0000
6.4728627950025,3.3371565679437,612204170175489,#FF0000
6.4987471009897,3.3213945149553,839387326673671,#FF0000
6.464466310748,3.3177629378454,1401899903498741,#FF0000
6.4652779952675,3.3036294680481,3639337096166166,#FF0000
6.4675530818487,3.3206314241334,162696315858470,#FF0000
6.4604319623455,3.309956862494,299911885020245,#FF0000
6.4604542828173,3.3191177160586,807142656900996,#FF0000
6.4705682735758,3.3229088128801,928600174645743,#FF0000
6.4670802665636,3.3124049444223,188474343127013,#FF0000
6.464349196256,3.3041061957023,275863894241557,#FF0000
6.4644136051401,3.3055279278437,766438667575908,#FF0000
6.4603579396336,3.3188696476443,900414220524018,#FF0000
6.4649944179471,3.3174421568896,2820395654842022,#FF0000
6.4697237778831,3.3226835258638,3888763207906256,#FF0000
6.4717396151738,3.3159756224134,5602921106444949,#FF0000
6.4601952780347,3.3108755433062,143798877666104,#FF0000
6.4652135322214,3.3146588712912,209133650809126,#FF0000
6.4619397560845,3.3160135947813,342272037459286,#FF0000
6.4747198662527,3.3395870349079,514380379598950,#FF0000
6.4649587277108,3.3076098096385,575635116660309,#FF0000
6.4597935364489,3.3153004924457,1789617667884875,#FF0000
6.4706540465751,3.3122277791392,174671464553642,#FF0000
6.471272380202,3.312091257159,307352524329868,#FF0000
6.4652398249061,3.3144809012101,1362955984080678,#FF0000
6.4644994260451,3.3253679759423,2001790573294046,#FF0000
6.460177,3.310978,2802820710030691,#FF0000
6.460207,3.31224,760868704622018,#FF0000
6.4601927224519,3.3107506263802,2877252125853988,#FF0000
6.460152,3.313196,327694718766489,#FF0000
6.4717806594807,3.3169523806689,498891221145837,#FF0000
6.4693472020418,3.3319071935792,1355920354792415,#FF0000
6.4601982761121,3.3111406465948,4142848802420709,#FF0000
6.4644602955943,3.3055287363729,285251219912249,#FF0000
6.4622296136669,3.309214196224,308712397330131,#FF0000
6.4601942235895,3.3110050524708,492295948561774,#FF0000
6.460994217794,3.3146703358377,1482590842102608,#FF0000
6.465534451051,3.303506536937,174974207869389,#FF0000
6.4618427322089,3.3214301862572,390553558728785,#FF0000
6.4648650737385,3.3091274762228,459750141758626,#FF0000
6.4949341583133,3.3216375447877,793657761269194,#FF0000
6.4665803739888,3.3031195896008,815374219378548,#FF0000
6.4601938076195,3.3106285743183,896216284442674,#FF0000
6.4595101395175,3.3142190895333,937282677061701,#FF0000
6.4685907370204,3.3123445134918,1235001756914790,#FF0000
6.4601987668155,3.3112802480042,154735073325486,#FF0000
6.4608360424851,3.3011243129976,499354287883061,#FF0000
6.4650710072217,3.308070130692,502666940878629,#FF0000
6.4954135564004,3.3214822366641,529154118491911,#FF0000
6.471773935344,3.3170870818097,976934819717503,#FF0000
6.4697506596748,3.3324960576758,1658183521035626,#FF0000
6.47268575108,3.3251469841075,155887143149836,#FF0000
6.4640075753012,3.3044548722892,464880627934651,#FF0000
6.4643630736527,3.3052692828344,464993764746004,#FF0000
6.4717720800122,3.3177993223047,773291893332688,#FF0000
6.4650186531762,3.3173687089831,1398542713841433,#FF0000
6.4601994672379,3.3114224636694,2840963736165983,#FF0000
6.4625629104422,3.322409369189,174095414614216,#FF0000
6.4648511286279,3.3071503128332,518233559590898,#FF0000
6.4664364119748,3.3032146743458,526379665197454,#FF0000
6.4644456665223,3.3054646223584,577771066536980,#FF0000
6.4636661542073,3.3001350392074,1180038842429863,#FF0000
6.4597330850513,3.3145547183817,2905800633003000,#FF0000
6.4746570112777,3.3115970648861,2932520667021663,#FF0000
6.460152,3.311778,3004464963174066,#FF0000
6.460384469393,3.3099752083716,171865338160799,#FF0000
6.4618912143139,3.3093414367615,319494762977855,#FF0000
6.460173,3.311516,455406095557387,#FF0000
6.4694327054424,3.3320351740931,520761019305394,#FF0000
6.4713341171497,3.3123072136696,532009761148353,#FF0000
6.4709533058484,3.3237141679958,1127747537636736,#FF0000
6.470637812858,3.3232289732701,2768680076687799,#FF0000
6.460166,3.311255,494982448354808,#FF0000
6.4610906058579,3.3202897491987,1658412691009272,#FF0000
6.4652642730163,3.3125294420005,2998483397063688,#FF0000
6.4644052392401,3.3091140909987,181786060377524,#FF0000
6.4601979193682,3.3115641520791,506063434097950,#FF0000
6.4646537617723,3.3065598705288,1771864553001492,#FF0000
6.4708804260501,3.3236266486939,561324571507079,#FF0000
6.4601951893704,3.3117052752085,942022989906900,#FF0000
6.4715282976642,3.3242930861543,1171037663413097,#FF0000
6.4623958416071,3.3161294653839,2799119733733207,#FF0000
6.4627590102951,3.3164590654545,121444066641881,#FF0000
6.460145250316,3.3126947211933,1117754398730671,#FF0000
6.4652174914054,3.3128959555082,902124440632951,#FF0000
6.4649363363792,3.3049840807416,922211308322764,#FF0000
6.4601490720179,3.3130455655833,1126819814505578,#FF0000
6.4628072942999,3.3164509450049,1653954684993419,#FF0000
6.460182,3.312648,167439508623818,#FF0000
6.4647382846299,3.3036806135261,172497958107973,#FF0000
6.471653280964,3.3146276398736,220602719489163,#FF0000
6.4603364453006,3.3099977761958,291768445946423,#FF0000
6.4604538188925,3.3154617964543,312632127045388,#FF0000
6.4714381391019,3.3192754390898,373830213994412,#FF0000
6.4649813730022,3.3091223174961,465374307881835,#FF0000
6.464919201782,3.304988110628,2195863740554541,#FF0000
6.4651113544393,3.3034229469542,144984914309333,#FF0000
6.4601686080916,3.3124698311435,168627475077410,#FF0000
6.4707152290592,3.3056959594491,217466179840539,#FF0000
6.4627390320852,3.3164147587638,251849703353353,#FF0000
6.4711538399296,3.3076369177593,364774924950163,#FF0000
6.4943888286228,3.3217845029133,920483625458454,#FF0000
6.4729404828983,3.3253404693946,865632407642457,#FF0000
6.460186,3.312456,1702326003301089,#FF0000
6.4655373453347,3.3034617064909,1988900391273814,#FF0000
6.4648431072072,3.3071019075076,270484914765206,#FF0000
6.4707284923679,3.3235229081757,937294026815288,#FF0000
6.4601409693695,3.3129729587641,2941844102713927,#FF0000
6.4707927537879,3.3234675296497,144520864355988,#FF0000
6.4607642920065,3.3155660589481,397327297928842,#FF0000
6.4626121598974,3.316358537461,477475580194013,#FF0000
6.46016,3.313026,478745263347878,#FF0000
6.4696332078873,3.3225838332819,162615485793373,#FF0000
6.4605982988368,3.3194357414668,225648809430540,#FF0000
6.4601365532009,3.3128899437729,804539656840616,#FF0000
6.4601554095159,3.3125838639094,818226555454790,#FF0000
6.4644884159814,3.3054115187255,1642021752852262,#FF0000
6.4706510664606,3.3055746263769,514329909698674,#FF0000
6.4644186396635,3.3055031785095,775725163337646,#FF0000
6.4601391484083,3.3127975422342,988451941961466,#FF0000
6.4643068003015,3.3050814544724,1112660782545914,#FF0000
6.4672607990597,3.3027495743194,178505717499751,#FF0000
6.4707653124044,3.323383900344,552804655703020,#FF0000
6.4601771322699,3.313241722137,1467129803631996,#FF0000
6.4658920008403,3.3124708677479,2945677025668759,#FF0000
6.460127,3.313578,202852424784161,#FF0000
6.4608259375589,3.3198562724651,290210062827063,#FF0000
6.4714804672079,3.3120592248074,468043707811030,#FF0000
6.4727685929604,3.312210202251,493790951739472,#FF0000
6.4914972828162,3.3231251216869,790375725237825,#FF0000
6.4732843818631,3.3255189486273,803165623663835,#FF0000
6.4602640657213,3.3135179196322,238382588058549,#FF0000
6.4632373504317,3.3233838577934,303252271299080,#FF0000
6.4639633553833,3.3043194699436,928313094585658,#FF0000
6.4674593481478,3.3205530107532,255917609554348,#FF0000
6.460139,3.313361,267027058476903,#FF0000
6.4713100270915,3.3122694925747,1197726900640076,#FF0000
6.4674108745511,3.3026475345112,1842631049233488,#FF0000
6.4602138368828,3.3133785243022,286247203158783,#FF0000
6.4729137416429,3.3122061753139,469537517645583,#FF0000
6.4620905200478,3.3160885149397,527883105288357,#FF0000
6.493978582195,3.3218939126614,1401885140210478,#FF0000
6.470991240815,3.3209922098057,1830024893828665,#FF0000
6.465104028276,3.3084417182512,3925501537569813,#FF0000
6.460114,3.313672,305769757623157,#FF0000
6.4709619828476,3.3079700590537,464372468186551,#FF0000
6.4601653570338,3.3131765286254,341753057363552,#FF0000
6.462667477384,3.3163952599124,854349975425855,#FF0000
6.4739203076073,3.3259482815931,959023101510208,#FF0000
6.4726849044129,3.3369226880388,1104451206733896,#FF0000
6.462451242155,3.3091471456199,1235358920256790,#FF0000
6.4640910892323,3.3046326655035,2872128709770628,#FF0000
6.4934896833065,3.3221453022165,111800434310831,#FF0000
6.4711964102707,3.3106037970751,150781126942428,#FF0000
6.460135,3.313475,378149196844452,#FF0000
6.4601571474277,3.3131115238982,805229473429905,#FF0000
6.4629639246889,3.3165581356815,925726027976415,#FF0000
6.4652317510247,3.3158746386716,1129525327521983,#FF0000
6.4713334882067,3.3103749489198,764502814233208,#FF0000
6.4714473310687,3.3125483930717,903531533875668,#FF0000
6.4602372090682,3.313448876802,928444021309919,#FF0000
6.4625169612014,3.316237233995,3927682830661008,#FF0000
6.4601928428015,3.3133082892078,951496789009787,#FF0000
6.459093700294,3.3142550804173,1358283507887425,#FF0000
6.471730087031,3.3160661947938,284703416647123,#FF0000
6.4665403460135,3.3197199396973,295949008785397,#FF0000
6.4928589822297,3.3224023453815,747974935865633,#FF0000
6.4641149426195,3.3047463136709,969437070526084,#FF0000
6.4590283752172,3.314323776401,1460532284292391,#FF0000
6.4728821021764,3.3252762075656,2611684862469455,#FF0000
6.4712690183641,3.312023286149,3959994407410487,#FF0000
6.4593788855854,3.314185705195,154657946621043,#FF0000
6.4709258336119,3.3066571722708,851466212112376,#FF0000
6.4593220627941,3.314186974824,266496988545061,#FF0000
6.4647799711527,3.3049383189473,476544076919350,#FF0000
6.4597380166339,3.3146207823438,1019820471756205,#FF0000
6.4970621993125,3.3213109897104,1613795062122740,#FF0000
6.4947401391821,3.3216707039162,2922367801378953,#FF0000
6.4625617361378,3.3162768686782,458427625251168,#FF0000
6.4635780480274,3.3170467457048,1227873947686028,#FF0000
6.4594463713254,3.3141916155091,2769908599966714,#FF0000
6.4592237858419,3.31420615504,316049756716526,#FF0000
6.4645045796211,3.3178171849911,486018012516532,#FF0000
6.4668794997311,3.3029592526246,135440665289554,#FF0000
6.4647508064935,3.306731656943,230660678837885,#FF0000
6.4960739716958,3.3213742583857,370230097759775,#FF0000
6.498158495337,3.3213439407587,746813012629313,#FF0000
6.4648775852,3.3072969334,945654809578298,#FF0000
6.4592767931792,3.3141950707346,3982104245205324,#FF0000
6.4622894553445,3.3008748113799,303112041317187,#FF0000
6.4590673378621,3.3142924372668,537226607279228,#FF0000
6.4709492009146,3.3064089338405,287152346415276,#FF0000
6.4595584431514,3.3142501723985,557873115177863,#FF0000
6.463762115414,3.3000640248283,741558969841609,#FF0000
6.4601883858205,3.3119823100284,134056522086143,#FF0000
6.4746134466139,3.3394495377518,311567147200412,#FF0000
6.4591368488389,3.3142310461656,807204013529387,#FF0000
6.4711748077336,3.30788200529,951399128951374,#FF0000
6.4643947722222,3.3053766603031,4404203222924430,#FF0000
6.4717819733264,3.3121427897754,150298036991079,#FF0000
6.4716995260633,3.3154291144953,173492878016428,#FF0000
6.4591772746271,3.3142196263017,953481558802052,#FF0000
6.4649422267431,3.3049458403714,2946247629026425,#FF0000
6.462938631773,3.3229316912903,3787956677996845,#FF0000
6.470961723404,3.3069813540047,4237030866328755,#FF0000
6.4660549049631,3.3192584741148,510823739960136,#FF0000
6.4652229302762,3.3150204378613,917828809053125,#FF0000
6.460072,3.314245,1517842998546700,#FF0000
6.460091,3.314112,183891073584235,#FF0000
6.4602307825388,3.30013144359,368667537848920,#FF0000
6.4636848385559,3.3241572040034,479597913258048,#FF0000
6.4645078139784,3.3059479377472,973093383429496,#FF0000
6.4657699824554,3.3124728151928,4214030971965538,#FF0000
6.460095,3.313982,209513134027327,#FF0000
6.4655710507558,3.3124931163668,886469692084831,#FF0000
6.4649257576938,3.3091288014019,1108838969585401,#FF0000
6.4646935065672,3.3065100206966,193030965992521,#FF0000
6.459607320914,3.3142923000678,218810286366422,#FF0000
6.4977825016042,3.3213482418776,322253455917104,#FF0000
6.4791712684288,3.3499350148321,938102146956562,#FF0000
6.4790642645316,3.3488770821488,3660741017381981,#FF0000
6.4641670770459,3.3047940102795,268420144972473,#FF0000
6.4716859531756,3.3148791606113,505653050792180,#FF0000
6.4919990703075,3.3228509384978,531432048241780,#FF0000
6.460116,3.313755,580901802836804,#FF0000
6.4687563163953,3.3310747134344,3034910493408577,#FF0000
6.4638108290558,3.3171992591599,191901179425110,#FF0000
6.4602288089243,3.3006765048574,515374043158987,#FF0000
6.460105,3.313861,844965972758124,#FF0000
6.4687603174779,3.3123375027601,863175221222199,#FF0000
6.4711612246618,3.3203430916412,221093742757325,#FF0000
6.4602545164283,3.315401687503,223535529540813,#FF0000
6.4619154302372,3.3215410478293,309404260632439,#FF0000
6.4714564958439,3.3124286630866,470321774253186,#FF0000
6.4790858874821,3.3492720018187,275529794298287,#FF0000
6.4608234482847,3.3155774542741,314416890036577,#FF0000
6.4603094645093,3.3154099417102,329253155385566,#FF0000
6.4710176923261,3.3083411659995,376581493653065,#FF0000
6.4690933260863,3.331538284202,571329194257293,#FF0000
6.4648683982706,3.3072522238047,785116419063735,#FF0000
6.4652069568639,3.3128212464381,881726442409565,#FF0000
6.464425591186,3.3178639189628,2901696030093086,#FF0000
6.4605400695295,3.3140181117516,4108928665816977,#FF0000
6.5987249329127,3.5006517359588,1116259862219237,#FF0000
6.5959324319291,3.5034094629134,177023244324224,#FF0000
6.5969895030507,3.5008295107034,486987029204509,#FF0000
6.5981488900429,3.5054077436967,515508082918570,#FF0000
6.5983133894634,3.5004759480872,768470457150330,#FF0000
6.5969742447022,3.5012270099281,819234355691773,#FF0000
6.5987056188021,3.5006434194199,1151651902022515,#FF0000
6.5996518805088,3.5055640589569,142489064562125,#FF0000
6.5955890789878,3.5038379254354,772674890079036,#FF0000
6.5985987477449,3.5006104052483,1157050181433503,#FF0000
6.5985874992377,3.500682595689,1165594733943733,#FF0000
6.5979712387674,3.5003460340808,420830115751564,#FF0000
6.5986472985896,3.50061985667,1236553650097369,#FF0000
6.5989634953871,3.5055024270004,2998610027132047,#FF0000
6.5962724480802,3.5027630738133,4181617425238962,#FF0000
6.5984085920693,3.5005016920328,134786898674001,#FF0000
6.598822241359,3.5055015789654,220487249507465,#FF0000
6.5982938893565,3.50051707351,518914885785865,#FF0000
6.597070341195,3.5053605529033,881445782410605,#FF0000
6.5968251442313,3.5017028807494,301043808256989,#FF0000
6.5959277278264,3.5034059950014,319739239665279,#FF0000
6.5992328722406,3.5009979811142,394870508221318,#FF0000
6.5988076807777,3.505538062504,932442124157651,#FF0000
6.5981675079497,3.5004565835124,1357866211249738,#FF0000
6.5987806121246,3.500699211833,139153528233262,#FF0000
6.5953600140872,3.5040803466885,323337722520174,#FF0000
6.5996715877767,3.5055611324786,3954766201269123,#FF0000
6.5986111111111,3.500628497816,141483657997717,#FF0000
6.5956248061565,3.50368291554,509844910187588,#FF0000
6.5961246344531,3.502996536305,1065886717152735,#FF0000
6.5979098500341,3.5003601590261,4270198129732395,#FF0000
6.5987723392295,3.500728424114,143669771011957,#FF0000
6.5992134933032,3.5009619376833,503812423994188,#FF0000
6.596658280992,3.5020005888564,561591938578736,#FF0000
6.5970416920577,3.5010302811909,950238009084625,#FF0000
6.5986245103446,3.5054365665518,1265929543803635,#FF0000
6.5984664283775,3.5005276216821,147280977410965,#FF0000
6.5955253257368,3.5040007838651,337580551125839,#FF0000
6.5972399461551,3.5005645636458,830262054579517,#FF0000
6.5997007843482,3.5055639097744,892547451323310,#FF0000
6.5958424953675,3.5034262649377,911835606283161,#FF0000
6.5981082775281,3.5003838112306,2851831235080412,#FF0000
6.5985457257135,3.5005854738583,148259213979098,#FF0000
6.5971806590072,3.5000301142129,304825417971476,#FF0000
6.5985930132419,3.5006093222023,152693073534597,#FF0000
6.5970840312674,3.5005183905494,375886147108454,#FF0000
6.5980102665463,3.5003248438996,1000900564014006,#FF0000
6.5970390446345,3.5006622453992,1160086171070777,#FF0000
6.5988928206112,3.5008099336814,2622241001403446,#FF0000
6.5994637925385,3.501083547402,3922542247862975,#FF0000
6.599897471174,3.505574099133,196852732152378,#FF0000
6.5998196540966,3.5013425925926,209862084072776,#FF0000
6.5956800912193,3.5036957391554,247578867121264,#FF0000
6.5982243541262,3.500491041778,317432356413081,#FF0000
6.5970615886956,3.5005825974585,943921036444540,#FF0000
6.5984018172504,3.5005555555556,1622843934565910,#FF0000
6.5982179055702,3.5003796241149,164214358873068,#FF0000
6.5958111161893,3.5035104199641,254229133057923,#FF0000
6.597128595012,3.500007455054,301555871617582,#FF0000
6.5965450985389,3.5021325492475,472642937127707,#FF0000
6.599982651645,3.5055970693255,972318460172483,#FF0000
6.5980422267704,3.5054722222222,2972744529623856,#FF0000
6.5983659935123,3.5005263066202,167887045254232,#FF0000
6.5991990092524,3.5055206103977,523984075445192,#FF0000
6.5964601102534,3.50233321949,590020989057500,#FF0000
6.5972783502506,3.5000978392475,926003807961548,#FF0000
6.5971499602546,3.5000423034934,2896044713965771,#FF0000
6.5972896339729,3.5002805280528,3997832860304112,#FF0000
6.5987928239304,3.5007052524185,184179156910182,#FF0000
6.5985224757212,3.500507742598,300418431684420,#FF0000
6.5970950351805,3.500937419958,304125231182240,#FF0000
6.5966019652401,3.5022725739544,301001564889745,#FF0000
6.5967560051102,3.5015948650466,513704336453299,#FF0000
6.5987823505956,3.5006719073698,1863450820499637,#FF0000
6.5983360836084,3.5004282459566,196128892342300,#FF0000
6.5997807846101,3.5055746003711,285364456596076,#FF0000
6.5973148148148,3.5000956627404,544103506968835,#FF0000
6.5986819430009,3.5006369192038,1986514268163472,#FF0000
6.5954541401032,3.5039168546237,176652647675599,#FF0000
6.5988306372754,3.5007267365085,181505207173843,#FF0000
6.5985709699335,3.5005312469342,200424701909060,#FF0000
6.5970337649015,3.5011545277335,800034544277903,#FF0000
6.5977142184557,3.5001643453556,882713059126884,#FF0000
6.5993148535227,3.5010189516129,2705837416373430,#FF0000
6.5985247868399,3.5054780703212,245922097327970,#FF0000
6.5981185190654,3.5054755102235,291078736023639,#FF0000
6.5976630550244,3.5054315465433,473069863999191,#FF0000
6.5961983195385,3.5028454644031,539253434146500,#FF0000
6.5982434099578,3.5004434674376,2009899989148163,#FF0000
6.5986311839163,3.500637728845,212388403789707,#FF0000
6.599974490798,3.5055804857292,1172831136486924,#FF0000
6.5978426802907,3.5053816977824,2867915866779934,#FF0000
6.598739707357,3.5006628347479,212717703748275,#FF0000
6.5987545728015,3.5006729099188,305708547734023,#FF0000
6.5976067535135,3.505417784462,314308283428716,#FF0000
6.5984962408882,3.5005980761379,215408706982310,#FF0000
6.5984479815361,3.500576592236,216936333244832,#FF0000
6.5989581338622,3.5054769310331,381587356425728,#FF0000
6.5967630812922,3.5017151967884,892098644682594,#FF0000
6.5986083608361,3.5006141449164,223106339614621,#FF0000
6.5955705067383,3.5038039378157,377271316917455,#FF0000
6.5982105281181,3.5004269271434,223748749554721,#FF0000
6.5996938862579,3.5055994726314,763923157616108,#FF0000
6.5983275187872,3.500473022173,811336963135227,#FF0000
6.59948904749,3.5011111111111,882872218928034,#FF0000
6.5984428912272,3.5006152472409,249892570264125,#FF0000
6.597330485672,3.5000482247045,394444541624593,#FF0000
6.5966909484399,3.5017811424308,461220035176043,#FF0000
6.5955985471279,3.5039336426519,818222525772457,#FF0000
6.5984971722229,3.5006383821633,255107306400907,#FF0000
6.5969618842143,3.5013757682791,476366143631521,#FF0000
6.5986769900467,3.5006876152428,267059908444978,#FF0000
6.5981944444444,3.5054106280193,514509609723172,#FF0000
6.5993883316404,3.5011025538773,1670474066676048,#FF0000
6.5967880267729,3.5015039382328,1971351476354804,#FF0000
6.5972616364652,3.5004983630774,135759755207976,#FF0000
6.5955188819034,3.503946528355,223715346184416,#FF0000
6.597335839539,3.5002729386375,471566917482923,#FF0000
6.595352668999,3.5040469660906,799690997342845,#FF0000
6.5972222222222,3.5002594781158,918434482344162,#FF0000
6.5955160568377,3.5038614747054,1146812319119876,#FF0000
6.5996809347468,3.5055555555556,1412966232370982,#FF0000
6.5985632845403,3.5006171038532,2688542538103672,#FF0000
6.5968876825875,3.501584193075,2992039134454176,#FF0000
6.5999228213955,3.5014263568386,4235765916544152,#FF0000
6.5985930132419,3.5006093222023,271738031333235,#FF0000
6.596383827296,3.502731943943,300735911709780,#FF0000
6.5989387444476,3.5055776039552,505815997437147,#FF0000
6.5986918225156,3.5007592451553,2723481867874371,#FF0000
6.5960411594767,3.5032228652631,309595857207164,#FF0000
6.5981644057908,3.5003506640294,2824116851160206,#FF0000
6.5990173346987,3.5054958662157,376574800355280,#FF0000
6.598233987647,3.5004759083519,2854827201448515,#FF0000
6.5993413793336,3.5010251005148,2878237342396834,#FF0000
6.5964655247507,3.5024246231156,531749637846861,#FF0000
6.5983163902771,3.5005169163656,2881644788754989,#FF0000
6.5977644725242,3.5001820373518,174209437944898,#FF0000
6.5982750721086,3.5004485738612,288654762801031,#FF0000
6.5971576797664,3.5000246540264,884625818768586,#FF0000
6.5987225109107,3.5007121734054,2900711016863483,#FF0000
6.5976528033707,3.5000770277926,176004111071671,#FF0000
6.5971025768963,3.5007859217579,456017255498687,#FF0000
6.5985171375269,3.5005611797965,592052661759645,#FF0000
6.5985942085814,3.5006132452612,2910221262599095,#FF0000
6.5983797721035,3.5004949736224,296007372204256,#FF0000
6.5984761342875,3.5004834456958,303811494453473,#FF0000
6.5954843716833,3.503861219293,461067831650171,#FF0000
6.5972930977434,3.500260501305,1311035675978878,#FF0000
6.5985456943659,3.5005781073924,310651990589270,#FF0000
6.5986743618215,3.5054813000716,506459207060213,#FF0000
6.5996850578476,3.5055502358491,132281375614133,#FF0000
6.5988015873016,3.5007414343946,312789593798976,#FF0000
6.595562099599,3.5047134251735,467693260981441,#FF0000
6.5990388443174,3.5009044853617,808317476462516,#FF0000
6.5953113363674,3.5040223273183,1147175392474721,#FF0000
6.5982231591711,3.5053929425911,4480793611931699,#FF0000
6.5984389888938,3.5005269434331,313203550205988,#FF0000
6.5968512605393,3.5016245527253,495416344914040,#FF0000
6.5986211059452,3.5006175203166,314481116739052,#FF0000
6.5974576043657,3.5000654215593,763941627617663,#FF0000
6.5972062498642,3.5000956827309,771939963468496,#FF0000
6.5973515015931,3.5002356271068,929519717815519,#FF0000
6.596927249103,3.5015533829919,207685630968591,#FF0000
6.5962259761,3.5027930595896,218236716773149,#FF0000
6.5987337789003,3.5006210635414,316542593389727,#FF0000
6.5989514833305,3.5007981772224,930529384449875,#FF0000
6.5964179712306,3.5026049802211,106767354832032,#FF0000
6.5985780440894,3.500595428624,317303573306908,#FF0000
6.5962820319818,3.5028113549286,470078980772699,#FF0000
6.5985911957145,3.5006040613197,322618639257588,#FF0000
6.5969865848671,3.5009004156276,3033681576865267,#FF0000
6.5998205246203,3.5014421036606,302323191378691,#FF0000
6.5972096283814,3.5000661034061,303822914685552,#FF0000
6.5987680563684,3.5006918418418,323348949289615,#FF0000
6.5993563703903,3.5010430685393,282406656854649,#FF0000
6.5994576960296,3.5010865424629,298612138420434,#FF0000
6.5983806872184,3.5004453581262,323677722448042,#FF0000
6.5980155463491,3.50538002505,841849079723401,#FF0000
6.5982167140029,3.5005150175051,341716537286591,#FF0000
6.5977777777778,3.5001901406215,468511804429063,#FF0000
6.5985699739601,3.505501298361,580397836247292,#FF0000
6.5975117211388,3.5054297989776,300122848293574,#FF0000
6.5983464267839,3.5004869770019,369839021118456,#FF0000
6.5993171224895,3.5010241822579,938040723687280,#FF0000
6.595812007205,3.5034126397107,1700565896821255,#FF0000
6.5994576960296,3.5010865424629,195642235726753,#FF0000
6.5967361111111,3.5019867203504,477143110214496,#FF0000
6.5975096726389,3.5053388963599,2873337109592572,#FF0000
6.598618425378,3.5005555555556,3744715142324760,#FF0000
6.5972018651846,3.5003383209877,911812049583655,#FF0000
6.5973063332162,3.5000814406111,1017958818610977,#FF0000
6.5986903378117,3.5006788408921,3784779791631352,#FF0000
6.5957279981402,3.5035322069078,234127201838567,#FF0000
6.5971473078212,3.505309256204,1264592011047409,#FF0000
6.5967970698835,3.501923608704,2784346061878322,#FF0000
6.5987417314558,3.5007178450665,3842699345842983,#FF0000
6.5976036290161,3.5001209259418,203376258114244,#FF0000
6.5955404589372,3.5040296204976,341277197364982,#FF0000
6.5982891449541,3.5004123692137,397414127928455,#FF0000
6.5968563156604,3.5053285027248,2007680236030328,#FF0000
6.5981046587128,3.5053930293417,150491003706259,#FF0000
6.5966525373911,3.5021783928161,522398795799476,#FF0000
6.5987438595683,3.5007836389267,3976124422425212,#FF0000
6.5966055248466,3.5021644209667,4283430415009443,#FF0000
6.5981267988235,3.500387717479,359603565498794,#FF0000
6.5972803079769,3.5005371072471,494918981862251,#FF0000
6.5975194368222,3.5053532084659,4083598131699300,#FF0000
6.5983250053425,3.5005659775323,4148081691974610,#FF0000
6.5991306799255,3.5055903507952,464750811424009,#FF0000
6.5977971355157,3.5002584986962,1018645532007198,#FF0000
6.5956114846099,3.5038995183728,3826801227417767,#FF0000
6.5983844516844,3.5005907506485,4241176252593927,#FF0000
6.5972498641009,3.5000865406882,216755669941794,#FF0000
6.5963688095777,3.5025755794588,1354402608264422,#FF0000
6.5982744283751,3.5004974272473,4657139374301879,#FF0000
6.5989034407124,3.500856194937,154281976586172,#FF0000
6.5976773901539,3.5001664510444,160768145982055,#FF0000
6.5969969425179,3.5011721510689,170196511577885,#FF0000
6.5987522720388,3.5007191024145,471080250639008,#FF0000
6.5958161210063,3.5035681570719,479963293222537,#FF0000
6.5976115848855,3.500147747254,528372808156585,#FF0000
6.5984267007837,3.5004640550018,477637786881680,#FF0000
6.5984946605799,3.5005555555556,477641346845396,#FF0000
6.5961078865797,3.5028450879812,1086592585169266,#FF0000
6.5968149556086,3.5017185497507,4174172622676398,#FF0000
6.5973082168822,3.5002338519171,157795179684803,#FF0000
6.5986512741027,3.500650475778,484208783000606,#FF0000
6.5968001753264,3.5018178287559,1206229666493677,#FF0000
6.5965839642682,3.5020423361171,313677430332661,#FF0000
6.598728175464,3.5007058983724,484961336255602,#FF0000
6.5957369982625,3.5034539288931,3369157713213102,#FF0000
6.5977119553037,3.5001160187632,3937163533028681,#FF0000
6.5977926886537,3.5001989200953,143783944332182,#FF0000
6.5990210343497,3.5055086071987,298059938546081,#FF0000
6.5953111395989,3.5041108246171,324490495913025,#FF0000
6.5971083291102,3.5000827757042,457510842204489,#FF0000
6.5979821534386,3.5054051695419,458260971940976,#FF0000
6.598546042041,3.500619984423,485833095993430,#FF0000
6.5969608246857,3.5011511134014,1118748458627054,#FF0000
6.5992007964429,3.5055555555556,140041718111958,#FF0000
6.598269405873,3.500541376219,487577035702256,#FF0000
6.5971647957403,3.5008401920439,489175515663408,#FF0000
6.5994471947195,3.5010947306196,319989936387913,#FF0000
6.5985930132419,3.5006093222023,489683772447361,#FF0000
6.5971772191186,3.5053886675453,500334604487611,#FF0000
6.5955345500904,3.5047616322221,1032450137284219,#FF0000
6.5989875008423,3.505503867679,3474972999394575,#FF0000
6.5978849123418,3.5003005081643,184326826887620,#FF0000
6.5986399900738,3.5006666666667,494801625287637,#FF0000
6.5989334891302,3.5055075825756,505797897240843,#FF0000
6.596516591789,3.5023323884919,946598746090087,#FF0000
6.5982781216113,3.5004605945184,496630184719772,#FF0000
6.5975479430522,3.5000033191544,1655014841376128,#FF0000
6.5980735285392,3.5054692239263,278710543997322,#FF0000
6.5985930132419,3.5006093222023,497881121422762,#FF0000
6.596673636586,3.5019862856204,310706023770592,#FF0000
6.5984888690246,3.5005479066023,501669331176926,#FF0000
6.5982255243719,3.5004214158112,513933119614809,#FF0000
6.5974559097585,3.5000473452128,894019751326142,#FF0000
6.595650753126,3.5038381684318,3156311401263121,#FF0000
6.5987628263166,3.500683666187,514557436233703,#FF0000
6.599549170571,3.5055155329405,763800124298265,#FF0000
6.5955340035762,3.5047222222222,1103033163508291,#FF0000
6.5981637024344,3.5004409796257,517490279601631,#FF0000
6.5962490817986,3.5029353409265,952591692168652,#FF0000
6.5978261176784,3.5002239594823,1210795849373567,#FF0000
6.5954827348798,3.504618519343,1363435497363934,#FF0000
6.5955677525147,3.503803353934,471011534005223,#FF0000
6.5987730975978,3.5006969395981,520923879318488,#FF0000
6.5985975384865,3.5006084401872,969798937182311,#FF0000
6.5955750408355,3.5047568973315,1104585216710015,#FF0000
6.5985458283957,3.5006610586442,5701004773273680,#FF0000
6.5985945578648,3.5006432832032,521290455917815,#FF0000
6.5980722099613,3.5004066452068,4323555880988401,#FF0000
6.5986877096985,3.5006833644581,550146512635063,#FF0000
6.5969444444444,3.5053075537762,1909697305844970,#FF0000
6.599134567835,3.5009206914685,494056915279715,#FF0000
6.5984781146002,3.5005385517347,558922861761453,#FF0000
6.5991822585915,3.5009993032082,4332175726826462,#FF0000
6.5973575554112,3.5053180684248,278869740642853,#FF0000
6.5995352895256,3.5056283194058,302183288103998,#FF0000
6.5972454116958,3.5000789594391,389456562183503,#FF0000
6.5974728041161,3.5000582126891,478740683180590,#FF0000
6.5987789885852,3.5007344820929,567263074244350,#FF0000
6.5955404838552,3.5038072257514,686466565443333,#FF0000
6.5988741480793,3.5055179800297,1667890943419552,#FF0000
6.5973060893669,3.5003899168395,324188299097887,#FF0000
6.5957342465861,3.5035827455522,510317970211918,#FF0000
6.5983592921593,3.5005356532294,669102053896508,#FF0000
6.5960768464828,3.502938700919,4405844122759097,#FF0000
6.5986646617216,3.5006206901346,733682247308861,#FF0000
6.5981160616062,3.5003853630048,1197053290749752,#FF0000
6.599666104509,3.5013280803629,502703704417514,#FF0000
6.5981591270542,3.5004017210083,758479838192398,#FF0000
6.5964648752148,3.5024191538002,807518009895247,#FF0000
6.5973654900522,3.5053948282886,384168852770435,#FF0000
6.5955501649979,3.5038255310534,534628157530503,#FF0000
6.5985018315427,3.5005555555556,767703850594098,#FF0000
6.5966443256579,3.5021515282322,963545291113452,#FF0000
6.5996894879549,3.5055629391768,1113205645757915,#FF0000
6.5978090243703,3.5054392425569,1130275114135468,#FF0000
6.595904181771,3.5032865297995,1398729263813717,#FF0000
6.5971484287615,3.500439031339,391772425265870,#FF0000
6.596968289972,3.5014304273094,581680086068602,#FF0000
6.5981687496882,3.5004885093822,775148826534226,#FF0000
6.5971936038862,3.5005695690226,850464492220492,#FF0000
6.5972503152891,3.5002360919824,4362109673822272,#FF0000
6.5989587498225,3.5055870923741,494681328351111,#FF0000
6.5970138888889,3.5008187868098,511181223246788,#FF0000
6.5985185185185,3.5005899038357,781402755852132,#FF0000
6.5966387865481,3.5022905846711,381451923115057,#FF0000
6.5985260678797,3.5054214741335,403283414063741,#FF0000
6.598809814976,3.5007140718283,785673682380377,#FF0000
6.5993636543616,3.5055583058306,1199370100530731,#FF0000
6.5957081504702,3.503474432823,302139248212907,#FF0000
6.5987731481481,3.5007504970534,807489236539403,#FF0000
6.5995921847549,3.5055675772526,509926150135634,#FF0000
6.5983827928971,3.5004986225156,807799573179122,#FF0000
6.5974524146729,3.5000718947019,828868247839421,#FF0000
6.5972222222222,3.5000789205226,2846930528897006,#FF0000
6.5979173646008,3.5053945278475,2950334545191270,#FF0000
6.5978664179335,3.5054587045328,465364121238385,#FF0000
6.5984326646036,3.5005089653284,830089931255467,#FF0000
6.5972594945645,3.5003890155955,978443659655926,#FF0000
6.5965893447974,3.5020649905993,320240929456515,#FF0000
6.5981956493799,3.5004577771001,839207080138728,#FF0000
6.5997410015929,3.5055661054345,1411226082564322,#FF0000
6.5957864985291,3.5034516560626,2815323395384410,#FF0000
6.5977365513054,3.5054285689554,165044948787964,#FF0000
6.5980702477982,3.5003999030202,175754634433162,#FF0000
6.5969860621327,3.5012962962963,787574348812351,#FF0000
6.5988053629311,3.5008105730428,845035326091086,#FF0000
6.5990439680801,3.5008671466035,923948574875927,#FF0000
6.5971199725366,3.5053253482533,531401207851563,#FF0000
6.5953962999834,3.504102599594,780499042826277,#FF0000
6.5986610912914,3.5005799359749,850950728822441,#FF0000
6.5954839200915,3.504,2875540366034457,#FF0000
6.5973242670855,3.500072641517,4789598237733484,#FF0000
6.5956358223349,3.5037572994,144686620972764,#FF0000
6.5968584006403,3.5053463847948,749197749098645,#FF0000
6.5984262387387,3.5005402535843,855371385015447,#FF0000
6.5961233771326,3.5030860233573,215279190117646,#FF0000
6.5987229832964,3.5007154989951,869380177253374,#FF0000
6.59996945457,3.5015149536978,1124504921346397,#FF0000
6.5997459662289,3.5057071162227,1617632955097422,#FF0000
6.5995757845915,3.5055583058306,151949163558710,#FF0000
6.5994576960296,3.5010865424629,294771028968522,#FF0000
6.5989980103965,3.5055294827044,543157147069241,#FF0000
6.5985626614987,3.5005866124989,893164134594372,#FF0000
6.5984514384704,3.5005169992783,896965457516573,#FF0000
6.5954155914214,3.503978198472,222783046282866,#FF0000
6.5987349325695,3.5007175925926,897673024414028,#FF0000
6.5999499532585,3.5055780710176,2867035176893293,#FF0000
6.5962231135142,3.5026661465981,132194718949163,#FF0000
6.5961717014967,3.5028684110843,193884079130893,#FF0000
6.5966593659076,3.5018761602876,482884959652302,#FF0000
6.5977359080519,3.5054383551399,820788255522969,#FF0000
6.5985919025773,3.5006125263206,914766679082459,#FF0000
6.5975905946204,3.5053479445986,501635227631637,#FF0000
6.5971824799197,3.5007205610663,560803841552275,#FF0000
6.5970868995446,3.5010658565542,854998495096140,#FF0000
6.5985930132419,3.5006093222023,930445657804423,#FF0000
6.5994370102801,3.5010831586303,2620319568268515,#FF0000
6.5980991597978,3.5054121659466,313981163467973,#FF0000
6.5965172676347,3.50238409957,513312296371191,#FF0000
6.5969444444444,3.5013271184782,543213573339563,#FF0000
6.5986480274277,3.5007219007705,949230039231579,#FF0000
6.5968320892621,3.5015313908813,136502161831434,#FF0000
6.5980282562254,3.5003788118603,781827959390681,#FF0000
6.5971748615289,3.5001210301809,978653259612649,#FF0000
6.5984774921096,3.5005679947377,978913109586664,#FF0000
6.5988234805436,3.5006971245183,1129314637583755,#FF0000
6.598966962021,3.5008525433821,175299601156473,#FF0000
6.5989387407259,3.5055066471705,179630873938179,#FF0000
6.5970086746988,3.5053004891684,282632893508976,#FF0000
6.5958456453517,3.5033683979492,307415507625381,#FF0000
6.5991119855967,3.500956235012,1201140353689554,#FF0000
6.5970321637427,3.5009669444901,174638537882647,#FF0000
6.597255332131,3.500184875511,580791309530699,#FF0000
6.599063205107,3.5008732138897,1215265405610783,#FF0000
6.5989229842259,3.5055152358361,1412439949119160,#FF0000
6.5955766264799,3.5046714475085,2012856432225839,#FF0000
6.5989404548271,3.5007579336173,133589552092325,#FF0000
6.596408786566,3.5025150277175,513090039867939,#FF0000
6.5979309148856,3.5054655899035,554290519309224,#FF0000
6.5969369320835,3.5052951261327,742937056350235,#FF0000
6.5963630702995,3.5025095265659,760653647981909,#FF0000
6.5964489364007,3.5026261859394,813359229604017,#FF0000
6.5965121081455,3.5024394410345,932004007633538,#FF0000
6.5982700073421,3.5054642371054,147784053923537,#FF0000
6.5988267191655,3.5007781809046,1356339651418465,#FF0000
6.5958217592593,3.5033133909502,4014709121939658,#FF0000
6.598915799824,3.5007723607309,151226723630415,#FF0000
6.5967646251703,3.5019116949635,166682238615030,#FF0000
6.5955829573629,3.5037584494719,1187990874976656,#FF0000
6.5975965053579,3.5000381402224,3107992566112301,#FF0000
6.5990265409969,3.5008486032346,156967913103024,#FF0000
6.5968646273656,3.5014424582571,204426504847831,#FF0000
6.5997459468698,3.5055980318321,310646737178640,#FF0000
6.5956042008409,3.5047443519209,314133910152256,#FF0000
6.599338014451,3.5010368569139,837745633758245,#FF0000
6.5990207315403,3.5008660235798,164577185501978,#FF0000
6.5960818001797,3.503156389599,503923034369223,#FF0000
6.5973328010173,3.5001176371308,1384558998591951,#FF0000
6.5959556820168,3.50325070289,4007931705994154,#FF0000
6.598989412375,3.5008249541037,174791094434369,#FF0000
6.5990371743115,3.5008139793423,176915590888453,#FF0000
6.5957059398598,3.503748035019,937871377035200,#FF0000
6.5970263563884,3.5011724330276,1630083847190446,#FF0000
6.5957935910308,3.5033690236526,198424905452777,#FF0000
6.5975259477563,3.5000930798055,296190371988396,#FF0000
6.5962820274901,3.5027048058577,478389196607345,#FF0000
6.598994675897,3.5054723414513,754989968544765,#FF0000
6.5993282343762,3.5010743268412,1685529544982798,#FF0000
6.5991575666328,3.5009318751999,1795116654001586,#FF0000
6.5991703733657,3.5009418334871,179605227361705,#FF0000
6.5975559916878,3.5001093289465,279653630412697,#FF0000
6.596135141913,3.5028562577,571724050462152,#FF0000
6.5970938833104,3.5005977484092,774152626581459,#FF0000
6.5991556907659,3.5009465835775,1823354141167637,#FF0000
6.5993780505911,3.5055035150381,115186623957292,#FF0000
6.5992085560679,3.5009280809409,221011262776327,#FF0000
6.5978679327325,3.5002864118484,303099104644042,#FF0000
6.5959678358002,3.503098707248,758021905080924,#FF0000
6.5960032116032,3.503026369539,923796198187493,#FF0000
6.5971614104322,3.5001201962221,1158973697862574,#FF0000
6.5990790471547,3.500845349877,227134535885073,#FF0000
6.5990673674845,3.500894704768,298609468402209,#FF0000
6.5953850709538,3.5040365203981,316230453219277,#FF0000
6.5980012704436,3.5003086047447,657983768358442,#FF0000
6.5975150794806,3.5000977715075,270978831409068,#FF0000
6.5988888888889,3.500784807126,311123027136648,#FF0000
6.5966706000677,3.5020840312674,2621999118098849,#FF0000
6.5988847474252,3.5007849921011,313684710199467,#FF0000
6.5992977096984,3.501051812479,769740420579558,#FF0000
6.598050088941,3.5054586627482,137880898327942,#FF0000
6.5991666666667,3.5009021164021,314809033683960,#FF0000
6.5955247610851,3.5039302487849,511574023530959,#FF0000
6.5994354171882,3.5056107640918,580235292883498,#FF0000
6.5979296016621,3.5002832115708,154318563316974,#FF0000
6.5994406888782,3.5055487123541,290736522682010,#FF0000
6.5989748600059,3.500836625023,316765213135474,#FF0000
6.5994634670141,3.5011068971928,2572788673022772,#FF0000
6.5990604468711,3.5009491952919,333578181437892,#FF0000
6.5960214322615,3.5030205043709,1034116253788411,#FF0000
6.5993915915352,3.5010513997216,1231700623913472,#FF0000
6.5968849981904,3.5016763644899,3026451400908543,#FF0000
6.5989374555997,3.5008089562473,338673027606444,#FF0000
6.5979416410886,3.5003301599894,515102389852831,#FF0000
6.5977665679775,3.5001467115518,916660912400808,#FF0000
6.5999061292018,3.505592337482,1172395066534390,#FF0000
6.5991006951254,3.5008987494629,4281965921837440,#FF0000
6.5979565791404,3.5002930460597,306971554228748,#FF0000
6.5988437280647,3.5007620452311,470513634031205,#FF0000
6.5972085278556,3.5000960175521,781982179376514,#FF0000
6.599093652262,3.5054820158301,189587696345921,#FF0000
6.5999188812164,3.5055773167682,297490831917273,#FF0000
6.5989904379857,3.5007845472239,477040310286990,#FF0000
6.5990992408704,3.500897194863,481058963009436,#FF0000
6.5989195895478,3.5055716087104,751970715476758,#FF0000
6.5991245612169,3.5008743555891,494224071927616,#FF0000
6.5989891511011,3.500836594508,498800927914597,#FF0000
6.5978601932367,3.5002846142008,201864761752442,#FF0000
6.5959789135596,3.5032009936554,494249131774002,#FF0000
6.5989568775943,3.5008843654136,495754278140654,#FF0000
6.4941173544793,3.147109929078,513307053379049,#FF0000
6.4999293216687,3.1001639720856,3027823897544006,#FF0000
6.4994350301924,3.1041206703339,369804454453406,#FF0000
6.4942116674922,3.1426338725508,780768396144841,#FF0000
6.4939869353951,3.149294681554,2660503467582815,#FF0000
6.4999515488932,3.1000581863363,473155293911407,#FF0000
6.4999391473779,3.1001108920885,592451671851402,#FF0000
6.4999638079368,3.1000098908432,921858411983268,#FF0000
6.4998901893519,3.1003307697497,1090471838127485,#FF0000
6.499901353926,3.1002750544662,1137034643467633,#FF0000
6.4998733725415,3.100547740113,1304989746563738,#FF0000
6.4998791846561,3.1004420947905,139990384825656,#FF0000
6.4942287918946,3.1419304279742,835099610733751,#FF0000
6.4998667056244,3.1006497605003,1584083328463705,#FF0000
6.4942222222222,3.142112161575,2836503173270857,#FF0000
6.4998512136621,3.1007604633197,305295027844051,#FF0000
6.4998714766552,3.1006001254754,332277548238545,#FF0000
6.499876868594,3.1004936322733,468296844257614,#FF0000
6.4998435818569,3.1008279524665,3703420119797208,#FF0000
6.4999837947029,3.1008345051545,525790548580935,#FF0000
6.4990679585758,3.1060261145883,510019090360224,#FF0000
6.4999161869364,3.1002201328127,763552007620763,#FF0000
6.4999205440895,3.101190705212,219929006223237,#FF0000
6.499860413177,3.1007015336421,769483933753572,#FF0000
6.499778686881,3.1021594513932,217238959874007,#FF0000
6.4998824305074,3.1003862365083,910236386489853,#FF0000
6.4999775380878,3.1010473035503,1621065541422597,#FF0000
6.4940730482869,3.1466550363558,174897977759215,#FF0000
6.4999423383551,3.1013458182497,1158350511348493,#FF0000
6.4998342048807,3.1008979693931,132535525492391,#FF0000
6.4999487280056,3.1009862024058,252681276608941,#FF0000
6.4996637605305,3.1027968272787,316604213427480,#FF0000
6.4941626216228,3.1457801557437,1416600345385689,#FF0000
6.494159162517,3.145193015697,3801605189935014,#FF0000
6.4999534894988,3.1009118291171,267504778410726,#FF0000
6.4999261157845,3.1012708041246,2966719790284072,#FF0000
6.4998252996284,3.1009749717615,334389044769000,#FF0000
6.4998119451346,3.101058441308,4111205385591828,#FF0000
6.4941329935614,3.1465517523888,200568291903605,#FF0000
6.4997634473239,3.101356347032,372510287489737,#FF0000
6.499799402667,3.1011492202589,468154617598839,#FF0000
6.499831951021,3.1018552614162,291943189139036,#FF0000
6.4999448756872,3.1014163078911,615492329848952,#FF0000
6.4942250986969,3.1420198377859,1693289784207529,#FF0000
6.4942175427368,3.1423113432706,495922298219490,#FF0000
6.4997846892884,3.1012475463343,801923727415844,#FF0000
6.4999286619428,3.1011040106572,897407017776935,#FF0000
6.4997222222222,3.1016022034693,151454313547489,#FF0000
6.4998096837479,3.1019357012876,177250450957444,#FF0000
6.4996888382373,3.1018644487313,225245535625087,#FF0000
6.4994914397002,3.1038049372802,2608569645956152,#FF0000
6.4940100413809,3.1484653839691,526535211678604,#FF0000
6.4999079058738,3.1015710611453,903935196835435,#FF0000
6.4998651768017,3.1017125090628,2851064055143363,#FF0000
6.4998240776101,3.1020070479226,287078876453186,#FF0000
6.4998586799278,3.1017897158612,2960011400901629,#FF0000
6.4997088218699,3.1017348418116,363533948508997,#FF0000
6.4999279259804,3.1015015631463,462836241685847,#FF0000
6.4997996827177,3.1020820489745,687375105289625,#FF0000
6.4996741240844,3.1019942780405,479573743377984,#FF0000
6.499743571082,3.1014781339448,789441775295958,#FF0000
6.499479635344,3.103888869155,2998730057073941,#FF0000
6.4998818683903,3.1016393623263,922312385287263,#FF0000
6.4941300016156,3.1463183957535,225312705608431,#FF0000
6.4940764995189,3.1478639158804,333452911532576,#FF0000
6.4996321579655,3.1022592101155,1242478429504015,#FF0000
6.4997295240827,3.1024711417047,220502239497991,#FF0000
6.499610178989,3.1024008390845,290482786147020,#FF0000
6.4997724644985,3.1022398526943,302553411329421,#FF0000
6.4994369774341,3.1034204623879,142207257827419,#FF0000
6.4995596753709,3.1026895323347,322181492621327,#FF0000
6.4996551583051,3.102124211792,506058504082653,#FF0000
6.4997193118348,3.102552270399,752866235288145,#FF0000
6.4995873560752,3.1025433687668,762792617765169,#FF0000
6.4995372841455,3.1034984976219,310477310518820,#FF0000
6.499749090935,3.1023230876406,866311113948434,#FF0000
6.4940721571292,3.1476121852719,6729314493797704,#FF0000
6.4997407877501,3.102386779874,971643440275481,#FF0000
6.4997062264104,3.1026403413623,976221596506102,#FF0000
6.4994885860965,3.1031378852307,117909140341855,#FF0000
6.6473154976922,3.5181168439454,302785017959903,#FF0000
6.6466059423996,3.5176155449144,512241576465745,#FF0000
6.6468123254227,3.5174925416516,762269514479782,#FF0000
6.6496750782944,3.5187867357002,1164011494039080,#FF0000
6.6410039943243,3.5154741010756,1335191463566248,#FF0000
6.6462300627559,3.5176361370925,1711648339225390,#FF0000
6.6381422402917,3.5136304329116,2941471889461856,#FF0000
6.6387318359982,3.5139666974499,158614599596570,#FF0000
6.6408276698291,3.5154014570817,1434489910227526,#FF0000
6.6394511540526,3.5144160183523,3572606262965536,#FF0000
6.6411138613861,3.5152325449392,4189266527867170,#FF0000
6.6412062149762,3.5153350294918,162256009197560,#FF0000
6.6422671790439,3.515852776214,2543562599286877,#FF0000
6.632066590202,3.5098755669775,5833253540025750,#FF0000
6.6498437358967,3.518341127536,161189976011291,#FF0000
6.6413783352578,3.5153706831832,180045060671949,#FF0000
6.6398220071418,3.5146117942392,211658523871269,#FF0000
6.6335377469426,3.5109911559059,220031372892484,#FF0000
6.6394007744008,3.5144346325515,279482273859560,#FF0000
6.6415715084571,3.5154665792621,473439883762297,#FF0000
6.646698027835,3.5174447157701,478177286751890,#FF0000
6.6381160016967,3.5136791880495,4274504159235998,#FF0000
6.6410641828321,3.5155043125453,189626046340965,#FF0000
6.6383159088483,3.5138308482857,214254587173444,#FF0000
6.6493895742311,3.5186916176301,293853265707242,#FF0000
6.6308799772812,3.508705396556,314636533363915,#FF0000
6.6311400771974,3.5089605692649,816678989271831,#FF0000
6.6384367735937,3.5135727024394,820537628825967,#FF0000
6.6461156704161,3.5184744134517,851403035453426,#FF0000
6.6468729957698,3.5174462146238,1143309509513609,#FF0000
6.6450310808101,3.5169505650405,183083170353588,#FF0000
6.6412841387894,3.5153201325766,225544948908243,#FF0000
6.6384367735937,3.5135727024394,842178623172036,#FF0000
6.6490353515855,3.5182342834456,1923734441117610,#FF0000
6.6384053381325,3.5137367405844,216756723590412,#FF0000
6.6412330999931,3.5152914982345,244991340711450,#FF0000
6.6453897160102,3.5174869542225,296048895407194,#FF0000
6.6384280633631,3.5135675442847,310695407270876,#FF0000
6.6495070060687,3.5182687902296,909387229858021,#FF0000
6.6409884349208,3.5152199344324,282926763491567,#FF0000
6.633425621345,3.5109624607243,1495108884165176,#FF0000
6.6381180990853,3.5136403593821,184595633535086,#FF0000
6.6407714449104,3.5150538816023,289496082850540,#FF0000
6.6419021068904,3.5156409939526,495540058147307,#FF0000
6.6309815516806,3.5088113727356,199279252030418,#FF0000
6.640139586823,3.5147249724972,216845793282597,#FF0000
6.6335115286304,3.5109715242881,294840738946435,#FF0000
6.6489328781469,3.5180984735127,483618456396828,#FF0000
6.6387612453892,3.5140782495856,492730092158331,#FF0000
6.6383109715433,3.5138133807339,501256251000215,#FF0000
6.6411355824381,3.515295713332,2908778566108126,#FF0000
6.63908694911,3.5142571593104,455002568900691,#FF0000
6.6380929983769,3.5136409151883,466851831237598,#FF0000
6.6452849775906,3.5170118042129,483032349698046,#FF0000
6.6384070346393,3.5137037037037,851647895563321,#FF0000
6.6465419253906,3.5176914806327,2839104872998270,#FF0000
6.6409334852724,3.5152062617632,2937129566573133,#FF0000
6.6409290188801,3.5151381909548,294165832261250,#FF0000
6.6409109800408,3.5151854990584,312564833822183,#FF0000
6.6380517667331,3.5136373504086,457977908627374,#FF0000
6.6384368629553,3.5135579054121,481809623129369,#FF0000
6.6435185185185,3.5164622512766,1206280579832766,#FF0000
6.6380761246797,3.5136470674144,1416254578737864,#FF0000
6.6460211234695,3.5177065726331,159726682751893,#FF0000
6.6410615373594,3.515258178128,307004517650108,#FF0000
6.6381350895216,3.5137120507207,500353897824668,#FF0000
6.6386931447934,3.5140526721505,936159243905629,#FF0000
6.6384367735937,3.5135727024394,1325506371167079,#FF0000
6.6380849870257,3.5136505281417,2942363416020525,#FF0000
6.6421517810891,3.5157355890611,3056827154546150,#FF0000
6.6390737612613,3.5142475723146,4636773946339955,#FF0000
6.6408371652314,3.5151505584033,318752013019649,#FF0000
6.6404460227502,3.5149856347985,473376580406024,#FF0000
6.6420265467129,3.5157311492702,737911656889847,#FF0000
6.6409895333348,3.5151708865336,373591950691511,#FF0000
6.6422315787598,3.5158305830583,472616630703042,#FF0000
6.6482988899938,3.5180217023521,560854241970780,#FF0000
6.6449731578374,3.517353346929,281327573648870,#FF0000
6.6407264167622,3.5153448963088,3961681350545122,#FF0000
6.6462761850153,3.5177319132702,4225014000845021,#FF0000
6.6384671591119,3.5142164365479,147392127361156,#FF0000
6.6407259150577,3.5150293943819,477362950205237,#FF0000
6.6461866592226,3.5176973960773,503303227748209,#FF0000
6.6457642953077,3.5171208598273,799819567322572,#FF0000
6.6455174705252,3.5170709161514,1118512988659060,#FF0000
6.6388931840244,3.5141823285405,1208097276330297,#FF0000
6.6477280838261,3.5182741532625,2910128339203007,#FF0000
6.6410498251866,3.5152009289648,487226939368605,#FF0000
6.6462358742552,3.5182373840305,850049435857685,#FF0000
6.6389249562001,3.5144247451077,4008308145948949,#FF0000
6.6494406481784,3.518250918322,304748374427642,#FF0000
6.6413351484025,3.5153465084134,492679332075711,#FF0000
6.6384435916503,3.5138415778894,506804480504196,#FF0000
6.6444174185464,3.5167341453457,1105002200006418,#FF0000
6.6465319060541,3.5176771447095,1163807497374721,#FF0000
6.6465681948075,3.5175056650481,151145490315744,#FF0000
6.6446402737048,3.5172475221256,176562007703092,#FF0000
6.6407752549781,3.5153773983953,496942361497720,#FF0000
6.6465099091699,3.5177259577795,757702911611829,#FF0000
6.6384982301998,3.5139562037481,134341015351257,#FF0000
6.6462741346362,3.5174367819905,148532070572318,#FF0000
6.6397499695085,3.5145659952238,175442937799231,#FF0000
6.6326661914797,3.5103707826259,209570317419326,#FF0000
6.6413436101161,3.5153869589862,509017317121623,#FF0000
6.6384022357651,3.5138789633645,1941739152694307,#FF0000
6.6409486038662,3.5154429294656,5520735364667650,#FF0000
6.6473988827671,3.518148588687,376562390352761,#FF0000
6.6407696481555,3.5151099210613,755958738404289,#FF0000
6.6390354053797,3.5142269728521,766806944023135,#FF0000
6.6399025376422,3.5147017755245,761557421199979,#FF0000
6.6411746626108,3.5152626581285,833178223981398,#FF0000
6.6419184286618,3.5161029864236,185040250140390,#FF0000
6.6309742800773,3.5087970140683,321714552801125,#FF0000
6.6384463585723,3.5137642897162,476483093660936,#FF0000
6.6408228214699,3.5150767916332,912974959274745,#FF0000
6.6323829132292,3.5101339106542,978126309660776,#FF0000
6.6384256120527,3.5136801745788,1959025310903366,#FF0000
6.6385723742557,3.5139079107741,225005248996687,#FF0000
6.6485871246839,3.5185066185042,283234703474741,#FF0000
6.6496522206393,3.5183001633441,549232659815276,#FF0000
6.6413654994664,3.5157619975691,581903439867031,#FF0000
6.6408891646749,3.515421343963,917295108815194,#FF0000
6.6333751452414,3.5108776093322,949089612298910,#FF0000
6.6461499840248,3.5182810682179,1618970481626983,#FF0000
6.6422019855121,3.5157701402277,4035719256486248,#FF0000
6.6308453690669,3.5085788238903,460654031903664,#FF0000
6.6382608026336,3.5137678443767,467955250941542,#FF0000
6.6334477931596,3.5109335087834,471880834072817,#FF0000
6.6465440410911,3.517641356017,907193343468395,#FF0000
6.6412758545192,3.5153647534422,966470157494713,#FF0000
6.6386545579635,3.5140309211651,515698989800716,#FF0000
6.6384935495556,3.5139367496033,520590875622694,#FF0000
6.6414851875598,3.5152734735048,1128719947634614,#FF0000
6.6384368629553,3.5135579054121,321882465957420,#FF0000
6.6324218933233,3.5101649063134,515661542806677,#FF0000
6.6415384615385,3.5153084742218,1170295183382473,#FF0000
6.633379461187,3.510976871815,374687083944592,#FF0000
6.6402268122526,3.5148760314813,509954120022887,#FF0000
6.6465594648638,3.517599970057,825240454748917,#FF0000
6.6416754086434,3.5153948311323,1667518666777254,#FF0000
6.6461879893541,3.5181047261766,2856047571317685,#FF0000
6.6322626789432,3.5100744580924,4367511646615929,#FF0000
6.6415098961395,3.5154578242046,168353365104721,#FF0000
6.6404065514778,3.5148820749306,201803548436369,#FF0000
6.6388038346488,3.5140046498111,323490762492166,#FF0000
6.6416346682614,3.5153682013729,324719122370830,#FF0000
6.633495102301,3.5109437554596,307549424101533,#FF0000
6.6384136575551,3.5140389951838,491593508752456,#FF0000
6.6327535783099,3.5103697933913,979039892849646,#FF0000
6.6417165659469,3.5154216220306,3947712785321327,#FF0000
6.6328375361931,3.5105210756247,290891275911916,#FF0000
6.6404851413544,3.5149260123853,305435234367520,#FF0000
6.6426966174127,3.5160616735125,314657306925146,#FF0000
6.6464979499271,3.5177379132758,531194498202758,#FF0000
6.6324786724927,3.5102120710813,1079794005844635,#FF0000
6.6414033779477,3.5154127532766,4003444583050048,#FF0000
6.6467642571797,3.5174274760728,294638578880010,#FF0000
6.6384173949327,3.5138642558391,296822068710161,#FF0000
6.6414248792525,3.5153946239288,466615057975027,#FF0000
6.6492385468226,3.5181924849676,754500035237193,#FF0000
6.6415614003374,3.5154794910866,522143528957889,#FF0000
6.6416221224926,3.5154908330533,526566968503937,#FF0000
6.646204146282,3.5179993667404,1057043938157068,#FF0000
6.6384892453951,3.513580846374,4369117369779025,#FF0000
6.6496065491342,3.5187618416067,169017961807042,#FF0000
6.6484712213852,3.5179692789438,178085097527495,#FF0000
6.6388292848924,3.5143674567766,370256294386540,#FF0000
6.6462293216274,3.5177160852713,474697673799401,#FF0000
6.6415891098526,3.5153377147766,553811628938838,#FF0000
6.6333998731379,3.5109065627168,471468930762221,#FF0000
6.6414698448968,3.5154188883661,587158062268640,#FF0000
6.6464540772195,3.5177805280528,780477265946051,#FF0000
6.6308333333333,3.5087862041293,805477563738021,#FF0000
6.6485464340082,3.5179973711695,2970301439909945,#FF0000
6.6392082400457,3.5142971698231,3880037278699352,#FF0000
6.6474538181568,3.5176211750012,135881651894571,#FF0000
6.6331356164643,3.5107048561825,805197803531949,#FF0000
6.641611523062,3.5155013755014,814964259146470,#FF0000
6.6468564104521,3.5175082044869,928494857913409,#FF0000
6.6461975710497,3.5172870291902,1111991809276212,#FF0000
6.6381291871603,3.5135265767644,1394054930993897,#FF0000
6.6462461133243,3.5181922870847,290650152714671,#FF0000
6.6436111111111,3.5164904253838,517294155961435,#FF0000
6.6417927301193,3.5154757658027,815959512352563,#FF0000
6.6387607697843,3.5139797968454,518191816028121,#FF0000
6.6415193729898,3.5154498796908,870928020195497,#FF0000
6.6337340512105,3.5110777537109,337513071061286,#FF0000
6.6414185196484,3.515246988125,944552789696808,#FF0000
6.6457882209366,3.5171653234247,4128758387170883,#FF0000
6.6464995621845,3.5178278538919,485951572754147,#FF0000
6.6425584491542,3.5159715242881,1023161841547948,#FF0000
6.6498558853918,3.5184358113438,483879919425612,#FF0000
6.6334662760758,3.51099695586,832947784245322,#FF0000
6.6335685984624,3.5110088230398,1097655230703908,#FF0000
6.6425475846679,3.5160028533781,1111111119353319,#FF0000
6.6335893679234,3.5109875615292,1691345264391732,#FF0000
6.6405523958677,3.5152130742208,131301835708339,#FF0000
6.6400264299436,3.5150083097227,342635260613161,#FF0000
6.6422393053299,3.5157852010824,1216101798847665,#FF0000
6.6424808030098,3.5159681321295,134783915356259,#FF0000
6.648011323577,3.5178016615331,164442935681190,#FF0000
6.6381183655566,3.5136839753232,317938696384779,#FF0000
6.6494873329457,3.5183264414281,1357066858020119,#FF0000
6.6404821877824,3.5151296296296,622033075420553,#FF0000
6.6396483271671,3.5144986090035,931493097600881,#FF0000
6.6423258499805,3.5158984235041,1367406256992394,#FF0000
6.6467991602842,3.5174309240326,3707533786025451,#FF0000
6.6384711071722,3.5136222140839,5672072066198270,#FF0000
6.6423182143158,3.5158397140664,144303014274135,#FF0000
6.6404724450883,3.5149238766194,863491691047760,#FF0000
6.6427038003826,3.5160627057717,870650370184892,#FF0000
6.6384819601181,3.5135563579335,511862996525042,#FF0000
6.6393988600814,3.5143913004125,923278148494356,#FF0000
6.6423121490728,3.5158333333333,1519731518358013,#FF0000
6.6421428571429,3.5157793728245,158585219542678,#FF0000
6.6382623231504,3.5137544073894,299995828281449,#FF0000
6.6332450594624,3.5108927070576,314298786813153,#FF0000
6.6424955378317,3.5159355973061,161934492601899,#FF0000
6.6336174981717,3.511004459436,172884074729274,#FF0000
6.6423645008135,3.5159121220378,224638135696964,#FF0000
6.6400622578428,3.5147139516699,234858655082912,#FF0000
6.6386282909768,3.5140169454579,529338511403090,#FF0000
6.6421481041157,3.5157600328663,238463994744186,#FF0000
6.6459935941276,3.5171820867463,618649409533974,#FF0000
6.6474881214634,3.5177250776961,797206614237585,#FF0000
6.6380657875091,3.5134425873466,1593027944230944,#FF0000
6.642284789272,3.5158153860802,250958660148108,#FF0000
6.63268930896,3.5103807948827,303742857879021,#FF0000
6.6400837687874,3.5147937895194,316373849846255,#FF0000
6.6464007919796,3.5177805280528,469508504316288,#FF0000
6.6393684637314,3.5143995621529,3017045608616552,#FF0000
6.6395401734577,3.5144386771692,3867428769993394,#FF0000
6.6407118822292,3.5150753327143,159157252880236,#FF0000
6.6423876278053,3.5158829403427,2784158348580600,#FF0000
6.6392496173502,3.5143088505012,492703398845246,#FF0000
6.6458958403007,3.5186083608361,1617546088438299,#FF0000
6.6426282051282,3.516010125106,2972275459758515,#FF0000
6.6384388804586,3.5135703090474,173385691350820,#FF0000
6.6459204476531,3.5172091609486,371526534269567,#FF0000
6.6323066390943,3.5100847937727,470636054149114,#FF0000
6.6446849377136,3.5168523253199,815749229072793,#FF0000
6.642417964226,3.5159393939394,3569641876509834,#FF0000
6.642346563928,3.5158573476841,396031834750299,#FF0000
6.6334038544897,3.5109099146307,190303166283141,#FF0000
6.6420809538242,3.5157350143047,439726044124184,#FF0000
6.6406772646461,3.5150058072856,502556477762140,#FF0000
6.6324391046347,3.5103869361895,770743593617759,#FF0000
6.6420475069559,3.5157170296364,452486249381882,#FF0000
6.6495908950923,3.5183664156075,514484783247528,#FF0000
6.6381219024982,3.5136869218767,388767595886765,#FF0000
6.6335556744546,3.5109648035459,969269990557853,#FF0000
6.6424384146958,3.5159096644512,4641508859197596,#FF0000
6.6380555555556,3.5136453919586,493845658732870,#FF0000
6.6420878668338,3.5157603007829,498209307895005,#FF0000
6.6335223462604,3.5109780772686,235788491635266,#FF0000
6.6384528032318,3.51356356297,309493023999812,#FF0000
6.6404024413098,3.5149698782601,488857572317522,#FF0000
6.6421144382683,3.5157479351299,513648759995903,#FF0000
6.6326049074844,3.5103115987352,513814066644539,#FF0000
6.6482853477189,3.5184147372183,1128269510917655,#FF0000
6.6381293816286,3.5136371702718,3923696274344784,#FF0000
6.6487333636916,3.5185407704585,135171165304088,#FF0000
6.6470121348916,3.5176027308753,469443330835868,#FF0000
6.6485682175699,3.5179882154882,483631779385523,#FF0000
6.6421926270279,3.5158079060246,5731426613535987,#FF0000
6.6469281045752,3.5175671332904,186901019961477,#FF0000
6.6323779740603,3.5100396223234,197507168752362,#FF0000
6.6422606504288,3.5157980246013,596915631283845,#FF0000
6.6321604578968,3.5099900842162,1124660864725983,#FF0000
6.644803911388,3.516885488148,1404500749900825,#FF0000
6.6307927660637,3.5086138613861,567507130880634,#FF0000
6.6421776225507,3.5157674301218,686270702084609,#FF0000
6.6406828929068,3.5153132685862,313646986999779,#FF0000
6.6462022431972,3.5172908988004,470605937603549,#FF0000
6.6398071455787,3.5145968968202,621748895463585,#FF0000
6.6422470296312,3.5157998301825,790037591653047,#FF0000
6.6457023140596,3.5171357366582,818628282082811,#FF0000
6.6389168377549,3.5141893254946,960624764692828,#FF0000
6.6497110789326,3.5183962134841,1187383575028278,#FF0000
6.638435866954,3.51385994425,1638550649672566,#FF0000
6.638251987196,3.5137464251729,2215639578567334,#FF0000
6.6326549472178,3.5104886235196,471853410747421,#FF0000
6.6389267854091,3.5140583054939,530101078001987,#FF0000
6.6309359633992,3.5088916391639,796664931282599,#FF0000
6.6426199210304,3.5160316738653,812245729727519,#FF0000
6.6381444613215,3.5135913500688,2945582509101153,#FF0000
6.641297384233,3.5156835533007,5410984952306384,#FF0000
6.6451131525553,3.5169721909292,473873147062477,#FF0000
6.6380730049791,3.5134805866009,573005683680389,#FF0000
6.6465932778114,3.5174740828881,848907372370884,#FF0000
6.6420976034584,3.515700462028,877545209496100,#FF0000
6.6380655968468,3.5136536512423,4079499288780660,#FF0000
6.6427843114358,3.5161083608361,166285718652410,#FF0000
6.6381327594154,3.5136803093956,299557994989181,#FF0000
6.6498828832005,3.5188351633814,521050925936719,#FF0000
6.6395561190588,3.5144631528059,2859287560960032,#FF0000
6.6384310338096,3.5137206542695,362658742243053,#FF0000
6.646215848565,3.5182393801111,1429018214125595,#FF0000
6.642861196845,3.5161344713986,2990636114546956,#FF0000
6.6427777777778,3.5160963443561,322266352748508,#FF0000
6.6459473464271,3.5172194719472,506155907243384,#FF0000
6.6334892042698,3.5109597957523,959790668178570,#FF0000
6.6397926820654,3.5145882898665,152790313465622,#FF0000
6.6394179390376,3.5144032880276,218667909729195,#FF0000
6.646165585343,3.5172819117886,1173424326456377,#FF0000
6.6396601944861,3.5145052315815,1204630243308285,#FF0000
6.6461432083883,3.517257780078,133111752190905,#FF0000
6.6393860305036,3.5147326263839,3582928088479570,#FF0000
6.6439079133686,3.5166195763984,216578823299238,#FF0000
6.6322816693106,3.5102957102672,300282695021350,#FF0000
6.6394872996572,3.5144323447269,311201183751001,#FF0000
6.6463594087361,3.5177738095238,788053948771053,#FF0000
6.6384857322326,3.5135873597454,905367256696221,#FF0000
6.6461813308524,3.5173827522083,1495795034090104,#FF0000
6.6462129726585,3.5173334660757,170177598354567,#FF0000
6.6384614809313,3.513952511729,788858341818153,#FF0000
6.6323141925439,3.5101180134079,815473845735769,#FF0000
6.6389989121912,3.5141404035427,1607031286152017,#FF0000
6.6486618507828,3.5185256235828,3947462668634022,#FF0000
6.6463685445726,3.5173655913978,193503752503058,#FF0000
6.6382654726368,3.513596251842,481125193227411,#FF0000
6.6384758562008,3.5135540183947,482651606419103,#FF0000
6.6393851747929,3.5144086237023,502353151207615,#FF0000
6.6394169052283,3.5144400048059,4130373256986068,#FF0000
6.6387715131621,3.514108821681,134683298685836,#FF0000
6.6464172710006,3.5173846960168,1960504420781872,#FF0000
6.6442373981478,3.5166396896939,4092421350814991,#FF0000
6.6456776887851,3.5171092157703,197032685469680,#FF0000
6.6462316779418,3.5173592427796,216451243316324,#FF0000
6.6470533461161,3.5175,332648261548121,#FF0000
6.6336145360487,3.5110774508957,3067672306809689,#FF0000
6.638490602641,3.5135740607226,236002651615175,#FF0000
6.6380060718057,3.5136269150479,296404365308003,#FF0000
6.6462891950392,3.5174918339237,480358853239719,#FF0000
6.6404505346613,3.5149109342916,753962045266397,#FF0000
6.6461792341754,3.5172828066773,2533629850278932,#FF0000
6.6490040776392,3.5182132106602,3489832017784539,#FF0000
6.6465381837877,3.5176613762655,3930413753705361,#FF0000
6.6384471839693,3.5137481993923,151217590347225,#FF0000
6.6461310214807,3.5172465628263,260668492508967,#FF0000
6.6415858892414,3.515927861638,328556605277655,#FF0000
6.6326491769547,3.5103579639873,3602691379831478,#FF0000
6.6384749254155,3.5136077051874,132772235472371,#FF0000
6.6401511563189,3.5148301294307,182004503824977,#FF0000
6.6461907872024,3.5183464899748,2390510767760495,#FF0000
6.6462099978694,3.5173183055581,2655001001466469,#FF0000
6.6393017027697,3.5143344412366,795021614710823,#FF0000
6.6462414482614,3.5173768256512,2833233980270066,#FF0000
6.6461307232751,3.5172866370755,283754853429315,#FF0000
6.647807528102,3.5182949311491,821958745114087,#FF0000
6.6461674322761,3.5172726871367,288415286274368,#FF0000
6.6327850595271,3.5104761904762,4330966566941366,#FF0000
6.6463175880175,3.5173433195762,299766508268757,#FF0000
6.6465715397853,3.5178587464866,477111376909935,#FF0000
6.6499022348202,3.5183563414411,133930332115915,#FF0000
6.6381175915337,3.5136704345801,521078412252603,#FF0000
6.6384122813747,3.5136416756562,679567239475552,#FF0000
6.6465629455064,3.51757679019,762020101139265,#FF0000
6.6460981058812,3.5172494511895,3013458395552913,#FF0000
6.6462210112374,3.5173446312404,309463460799590,#FF0000
6.6452749360614,3.5170162234412,1125087631343998,#FF0000
6.6334038544897,3.5109099146307,285555256561278,#FF0000
6.6461811657559,3.5172753107085,320555556139581,#FF0000
6.6384295901888,3.5135971174929,1017726325429497,#FF0000
6.6384459459459,3.5137814363014,4121328364577762,#FF0000
6.6328960124124,3.5105715536342,302008814837710,#FF0000
6.6382717228363,3.5136594810895,307856587464766,#FF0000
6.6461078150128,3.5172792506093,362593528597238,#FF0000
6.6404304422004,3.5149005787938,469353650818058,#FF0000
6.6332505141338,3.510778909818,2879124875644078,#FF0000
6.6314286413395,3.5091898482735,267658858432177,#FF0000
6.6460739058665,3.5172675208362,4003417376418121,#FF0000
6.6461547264691,3.5172670610067,460703728326279,#FF0000
6.6453602143771,3.5170284985584,2858993147697313,#FF0000
6.6399462449486,3.5146860230421,3903404949728289,#FF0000
6.6395825683582,3.5145217807526,207446150991436,#FF0000
6.6462051245165,3.517300286358,487199859394729,#FF0000
6.6384153529696,3.5137047973689,549076302926084,#FF0000
6.6398095020639,3.5149260989259,285344526619744,#FF0000
6.6393904360598,3.514418214391,303421758062354,#FF0000
6.6461905383077,3.5172798926086,489196282206233,#FF0000
6.6335327380952,3.510954892728,1064866243922231,#FF0000
6.6461907872024,3.5183464899748,1814083988764949,#FF0000
6.6312901661135,3.5091045592491,264703665382723,#FF0000
6.646154273111,3.5172808723983,489914068724347,#FF0000
6.6312046587903,3.5089334955393,2982394902044572,#FF0000
6.6461427654796,3.5172876319821,493871821757984,#FF0000
6.6472084965804,3.5175467013478,1082485628828264,#FF0000
6.646150576686,3.5172784702152,502687694190665,#FF0000
6.6479004115723,3.5179355745878,942119873280776,#FF0000
6.6463198694906,3.5176127856981,1156364928171435,#FF0000
6.6461572596092,3.5172319652938,509746003532729,#FF0000
6.6461499840248,3.5182810682179,269674031528885,#FF0000
6.6461009760714,3.5172141793911,525506711816781,#FF0000
6.6392609370189,3.5143122756459,1005123150240799,#FF0000
6.6466859343713,3.5174564626195,147103414062959,#FF0000
6.6438935417618,3.5165156599553,432477507840880,#FF0000
6.6461836735528,3.5172687232788,534306581279805,#FF0000
6.646178336787,3.5173326853557,745880839419036,#FF0000
6.6450102696522,3.5169219303213,763707767626343,#FF0000
6.6394217908142,3.5147684374392,901008504088268,#FF0000
6.6397256368134,3.5148673996777,925837921527326,#FF0000
6.6324385004884,3.5101776167654,503258084161607,#FF0000
6.646272045205,3.5173221740259,758462848198628,#FF0000
6.6322799046571,3.5099402883897,4735925316434008,#FF0000
6.6384053381325,3.5137367405844,194317385873285,#FF0000
6.6415407338308,3.5159054223953,215690750365615,#FF0000
6.646156568205,3.5184038976086,294138348883521,#FF0000
6.646778816095,3.51742518543,581392713251415,#FF0000
6.6462109976214,3.5173256258883,763628577634160,#FF0000
6.6392846503123,3.5143284948034,791500035064014,#FF0000
6.6465057842451,3.5177252155313,1439935009691010,#FF0000
6.6382741948871,3.5137571057041,515512883163433,#FF0000
6.6461178656923,3.5172447779415,785661632058722,#FF0000
6.6460539888211,3.517199922867,785837032067650,#FF0000
6.6384722222222,3.5138211616296,4109124742463679,#FF0000
6.6475627974274,3.5182217116122,315597219974103,#FF0000
6.646233328587,3.5173058410442,847869609169692,#FF0000
6.6380127259184,3.5136266579216,1723382131198431,#FF0000
6.6461346541263,3.5181905874911,339788667559662,#FF0000
6.6329605219922,3.510708371018,374268943941134,#FF0000
6.6334038544897,3.5109099146307,396655765058785,#FF0000
6.6384456161333,3.5137615595884,415438166552378,#FF0000
6.6395857319517,3.5144714603979,480540909847103,#FF0000
6.6464618644068,3.5174003846113,873434543240069,#FF0000
6.6385768527425,3.5142185185185,1565178197012030,#FF0000
6.6479678141194,3.5183377595282,109136681248934,#FF0000
6.6399822560076,3.5146727528878,296429585400475,#FF0000
6.6461460775525,3.5172817083632,919042418874352,#FF0000
6.6334038544897,3.5109099146307,392301221899077,#FF0000
6.6477247428491,3.5178722588293,840466996892995,#FF0000
6.6390001140771,3.5142059064769,1198414583950066,#FF0000
6.6381365060321,3.5136341396124,1206031836498174,#FF0000
6.6474155643376,3.5177821819555,1209053826205475,#FF0000
6.6394236192362,3.5144444444444,1304912673238256,#FF0000
6.6406610464176,3.515047807235,1716610425212310,#FF0000
6.6399553847037,3.514657940859,286969223119929,#FF0000
6.6331908138612,3.5108628062876,487192895930393,#FF0000
6.6470648201119,3.5180301364744,612639316795583,#FF0000
6.6476949512035,3.5177026890998,1297552567305751,#FF0000
6.6474186544165,3.5177111396499,145384010902384,#FF0000
6.6384280531663,3.5136200351588,325858912227892,#FF0000
6.6380709690838,3.5134482402034,983946295700147,#FF0000
6.6402026792322,3.5147548152718,138476414876634,#FF0000
6.6441493055556,3.5166103040594,183087157004726,#FF0000
6.6476345588621,3.5178505656164,200534751902633,#FF0000
6.641939439946,3.515654652759,763924954306607,#FF0000
6.6395938467595,3.514527527857,924898768297224,#FF0000
6.6400347222222,3.5147082751126,171307098239841,#FF0000
6.6393414767562,3.5143898146453,175531864458031,#FF0000
6.6474822108299,3.5178084249614,207355927682291,#FF0000
6.6468485500728,3.517531514078,3038368616375327,#FF0000
6.6475610297643,3.5177389603835,2623231857969244,#FF0000
6.6459688346883,3.5184599754374,157651682969702,#FF0000
6.6405514950491,3.515,457480875548113,#FF0000
6.6381613998699,3.5137295831331,816159632656067,#FF0000
6.6476418500971,3.5177601758442,2725524294405415,#FF0000
6.6473717454249,3.5175959923206,283005416834486,#FF0000
6.638448313921,3.5138363023497,370410794372114,#FF0000
6.6397826514169,3.5146365992553,377770893543604,#FF0000
6.6382968153704,3.5138017194472,951652462336108,#FF0000
6.6383891476054,3.513870221415,1436197176718465,#FF0000
6.6387841030331,3.5141180842516,4414862695208550,#FF0000
6.6480264515178,3.5178347843342,2873707282947203,#FF0000
6.6403787415226,3.5149595364172,3781188602010562,#FF0000
6.6477777777778,3.5177324525186,291065869235022,#FF0000
6.6389814814815,3.5142032309779,472242967335977,#FF0000
6.6488279538405,3.5180797160797,502173317491275,#FF0000
6.6480002531554,3.5179444444444,939330440135725,#FF0000
6.6476156247304,3.5176726656774,312580093585721,#FF0000
6.647935655206,3.5177825714327,3644592648979220,#FF0000
6.6461601620597,3.5181443680666,3929076040478878,#FF0000
6.6479192756184,3.5178085328255,377082000278508,#FF0000
6.6386678356713,3.5140409099218,923536785146024,#FF0000
6.6477266500387,3.5177726384037,478049313519332,#FF0000
6.6380621895695,3.5136379718377,1585930021602750,#FF0000
6.6380675863838,3.5135099514343,393614278366743,#FF0000
6.6475344958433,3.5176448902989,482771509807519,#FF0000
6.6390260039047,3.5142448385548,5469076426497644,#FF0000
6.6384798881538,3.5135704525259,155696633179379,#FF0000
6.633545437747,3.5109561393618,481735456470660,#FF0000
6.6475551102784,3.5178281773898,772880920284944,#FF0000
6.6438916391639,3.5165722133093,690004398380299,#FF0000
6.647857518863,3.5177581707273,820548495566888,#FF0000
6.6490180910282,3.51862888666,233093565277940,#FF0000
6.646283154635,3.5174737336242,485981055792855,#FF0000
6.6391911122383,3.5142862530451,847554939451463,#FF0000
6.6478138022662,3.5179038341109,984767582298364,#FF0000
6.6483959577719,3.5179421206685,143682184342895,#FF0000
6.6381787913849,3.5136979051003,829837277941212,#FF0000
6.6383033255841,3.5137415862744,1204060940037342,#FF0000
6.6486212796252,3.5180224996397,146245904183507,#FF0000
6.6392321439637,3.5143183120841,220620506162046,#FF0000
6.6463626351507,3.517784992785,780213169347907,#FF0000
6.6397390092118,3.5145593034692,801736113653279,#FF0000
6.6391205242517,3.5142735725479,807499106848813,#FF0000
6.644946462869,3.5169247327584,1444661542534063,#FF0000
6.6480876068376,3.5178287503081,1598760866989129,#FF0000
6.6482428696009,3.5178855631469,226094539286138,#FF0000
6.6484052957566,3.5180515995788,315896546619103,#FF0000
6.6800048732943,3.515485699123,177575264250880,#FF0000
6.6799757919231,3.5113816241001,817244475844119,#FF0000
6.6829983050044,3.5110445443109,1104849986687565,#FF0000
6.6772508793854,3.5122299544478,390135465456844,#FF0000
6.682807240267,3.5110258964143,1120232525165464,#FF0000
6.6745840312674,3.5127247862895,117776913689389,#FF0000
6.6829784259805,3.5110636163738,137771498370097,#FF0000
6.6837791530706,3.5112086353259,210553600650386,#FF0000
6.6821861032488,3.5109075673149,546624122998497,#FF0000
6.6801068140245,3.5154063955385,800458360864404,#FF0000
6.6829553275904,3.5110661396888,150290977066058,#FF0000
6.6733992878852,3.5126620715693,178695814129574,#FF0000
6.6759837174582,3.5126496238906,302733401477814,#FF0000
6.6800250107941,3.5137419685649,485120119275307,#FF0000
6.6738861386139,3.512679590249,522071735489645,#FF0000
6.6801117758186,3.5125350521707,817673742505608,#FF0000
6.6801040684291,3.5154008415775,1035528613643952,#FF0000
6.6511744665823,3.5187570414168,1170718036734175,#FF0000
6.681654603846,3.5108662806871,2566637566972208,#FF0000
6.6785868890295,3.5119018669055,2860173727634089,#FF0000
6.6828996594655,3.5110732586533,150793840346230,#FF0000
6.680107599767,3.5140330092153,930593041052802,#FF0000
6.6728949503405,3.5126207311371,3592852487607164,#FF0000
6.682868991569,3.5110312310825,212165160481983,#FF0000
6.6815740740741,3.5109218974243,296760862177412,#FF0000
6.6799582513788,3.5113520865682,493196821927314,#FF0000
6.6515151845922,3.5188666240112,4222013104533315,#FF0000
6.6800789997396,3.5133239811085,167246665321576,#FF0000
6.6831279484974,3.5110820428906,214591776871231,#FF0000
6.6800639071987,3.5128983943782,222130502639525,#FF0000
6.6800621960721,3.5131944444444,273084431182965,#FF0000
6.6516040483774,3.5188621406195,297574618687946,#FF0000
6.6516200698599,3.5188675213675,472436967373876,#FF0000
6.6800881748072,3.5146734105051,914123282704240,#FF0000
6.6822366365845,3.5109402469315,1054609025027831,#FF0000
6.6839626826387,3.5112318285454,4569400969742768,#FF0000
6.6800970000518,3.5153625252078,146241580813206,#FF0000
6.6827777777778,3.5109918631793,215174726798224,#FF0000
6.679985380117,3.5114072742858,319773263004036,#FF0000
6.6800094070194,3.5158743078057,862064804375543,#FF0000
6.6508646168388,3.5187420801198,2835840546668449,#FF0000
6.6800069395712,3.5144152820016,172683521417894,#FF0000
6.6511780133094,3.5187395350381,321259622698449,#FF0000
6.6800191410358,3.5159363769911,839153243363415,#FF0000
6.6830528052805,3.5110660753575,2863327940621425,#FF0000
6.6715815731573,3.5123914316172,198737305415571,#FF0000
6.6836682536026,3.5111831093673,464921231406009,#FF0000
6.6519286411442,3.518908342506,473548607098938,#FF0000
6.6775918359533,3.5120472839305,522818655554266,#FF0000
6.680099426502,3.5144985209235,1078431472563812,#FF0000
6.6829922147044,3.5110197301296,2868492670034341,#FF0000
6.6758099227116,3.5128713526751,277108307489876,#FF0000
6.6800507297028,3.5143834277976,1511389262537768,#FF0000
6.6829452005473,3.5110129985755,2888113968173617,#FF0000
6.6775854527417,3.5122294112294,266590445148273,#FF0000
6.6829404440524,3.5110566053243,297074061960911,#FF0000
6.6806248214796,3.5112260536398,333314058178911,#FF0000
6.6800176501796,3.5159091322178,4012776362113977,#FF0000
6.6800536711407,3.5141496511964,289702266229053,#FF0000
6.6828403851852,3.5110276117814,303251858121427,#FF0000
6.6800510343322,3.5145669969636,310512247366888,#FF0000
6.6800351094589,3.5137227902918,812964016301706,#FF0000
6.6519601677149,3.5189839217574,849341469264127,#FF0000
6.6755030128433,3.5129180315774,3896584527093624,#FF0000
6.6799835226098,3.5136411305493,300484564938423,#FF0000
6.6828452251271,3.5109932775865,303599997934213,#FF0000
6.6740022444204,3.5127284921369,483148629404348,#FF0000
6.6518183464404,3.5189363125095,312878460542096,#FF0000
6.6828221382421,3.5109925703972,378853496735925,#FF0000
6.6801283860993,3.5123888888889,975467093263226,#FF0000
6.6770920628449,3.512296657161,2871838529770230,#FF0000
6.680098443172,3.5129461874601,477753950142993,#FF0000
6.6800828219495,3.5131162330708,808117556755629,#FF0000
6.6832804915338,3.511069389842,3894068720709815,#FF0000
6.6800647382353,3.5141424914096,306674280994663,#FF0000
6.6800749260156,3.5130158730159,467828257807597,#FF0000
6.6800453271437,3.5117487295966,469494020932854,#FF0000
6.6783646105618,3.5119039828204,1170971866663729,#FF0000
6.6515481644889,3.5188747518593,2688531664778234,#FF0000
6.6831090364129,3.5110486181199,3955470437881344,#FF0000
6.6801294756295,3.5123086620143,309774147318540,#FF0000
6.6783333333333,3.5118917624521,397413068043647,#FF0000
6.6829068680998,3.5110076692198,475094450490508,#FF0000
6.6811964417338,3.5110027284523,300712921600148,#FF0000
6.6830416752348,3.5110851322019,475809336990838,#FF0000
6.679997249725,3.5118281189084,527121304972974,#FF0000
6.651819390536,3.5189375807876,305747834393430,#FF0000
6.6827837451881,3.5110239392439,516714313023280,#FF0000
6.6509733034588,3.5187434158326,135191295220411,#FF0000
6.6772600417319,3.5121795726764,161027689359438,#FF0000
6.6800804158151,3.5152811399197,583008249264711,#FF0000
6.6800582233759,3.512880721847,592066958433340,#FF0000
6.6828739847303,3.5110035399509,798358490793018,#FF0000
6.6809947867299,3.5111111111111,883798412483525,#FF0000
6.680013126561,3.5150107246741,274756437663846,#FF0000
6.680097021722,3.5145919368218,339610724162750,#FF0000
6.6831727358426,3.5110556914905,809256906627127,#FF0000
6.6800450966184,3.5152690483399,939734123528404,#FF0000
6.6746697025203,3.5127229479479,311091287249906,#FF0000
6.6830473374481,3.5110306549915,827731707839692,#FF0000
6.6800671615163,3.511379410907,1389655711367786,#FF0000
6.6800501318267,3.5152190384203,321263069523937,#FF0000
6.6754859335038,3.5127406513063,322494909247753,#FF0000
6.6797957116875,3.5113411127255,377119320293478,#FF0000
6.6801027625591,3.5120325892622,459796981750711,#FF0000
6.6819783525319,3.5108905935709,462128038185772,#FF0000
6.6781630902208,3.5120283811857,500351418070267,#FF0000
6.6828253734799,3.5110722174016,844897492901656,#FF0000
6.6515718977109,3.5188575955709,856702718538300,#FF0000
6.6772012016308,3.5122311575886,399386251056287,#FF0000
6.6827805280528,3.5110624821112,868313980564176,#FF0000
6.6838294508301,3.5113182054128,137136558436066,#FF0000
6.6800879724814,3.5126541958683,162017012594687,#FF0000
6.6733897232141,3.5126935183915,466056291356756,#FF0000
6.6724315442372,3.5126097696319,509753843498667,#FF0000
6.6788226972225,3.5116960545543,888736621702552,#FF0000
6.6833257970803,3.5110805290126,893115724877975,#FF0000
6.6801045173128,3.5154873913576,4036828616428321,#FF0000
6.6774837608789,3.5120613391406,186127490028317,#FF0000
6.6800136985744,3.5134586673412,203075811480318,#FF0000
6.6754991267958,3.5127367591133,375038523835545,#FF0000
6.6752334052499,3.5127479110165,786797122224681,#FF0000
6.6830142920097,3.5110733085951,920485865193972,#FF0000
6.6517661471574,3.518932493307,1008228233044901,#FF0000
6.6508254063707,3.5187407541405,302199011349601,#FF0000
6.6817311495923,3.5108990251068,678230586322273,#FF0000
6.6832293076576,3.5110606444128,961283017991027,#FF0000
6.6784250407859,3.5119474578128,175263481148396,#FF0000
6.679981245239,3.5145650519031,207402744332136,#FF0000
6.6765901691776,3.5125233419189,302906498097593,#FF0000
6.68,3.5153846368093,772329740321264,#FF0000
6.6727062649674,3.5126328438311,951980132239223,#FF0000
6.6800763726509,3.5152676094941,1163800774136990,#FF0000
6.6833367161212,3.5111077088488,1216687522120648,#FF0000
6.6507276437216,3.5185424115328,2831814850466399,#FF0000
6.651519310689,3.5192786636112,307431330998129,#FF0000
6.6744651733962,3.5126609988068,506764174068176,#FF0000
6.6784977035859,3.5118509048149,649038275960431,#FF0000
6.6735476017915,3.512700119102,772699813388776,#FF0000
6.6833013894707,3.5111074593796,1448659955476755,#FF0000
6.6773159067478,3.5122763629975,524810098692469,#FF0000
6.6800694444444,3.5157359705226,1691761094544691,#FF0000
6.683193301492,3.5111678826865,1730480423803091,#FF0000
6.6519444444444,3.5189818382401,1866390020190630,#FF0000
6.6832312956204,3.5110931407655,197383432205539,#FF0000
6.6800660012243,3.5150551848178,947918265942548,#FF0000
6.6801153039832,3.5140305481229,1906791149469750,#FF0000
6.6515387875687,3.5188212335615,4175246942525648,#FF0000
6.6810580148066,3.5110492198091,4515773068457032,#FF0000
6.6833873075701,3.5110973325341,209439164111937,#FF0000
6.6826292632337,3.5110969988561,313955020107017,#FF0000
6.6776527456462,3.5120460315917,2598349730462023,#FF0000
6.6831329854171,3.5111496161274,215183236793103,#FF0000
6.6750282987129,3.5129363352414,493255628694861,#FF0000
6.6807305975684,3.5111962283772,284711843161479,#FF0000
6.6828292733743,3.5111699898441,294942892230874,#FF0000
6.6781024990148,3.5119837151497,301441294779867,#FF0000
6.6799747474747,3.5130709037916,398666011509061,#FF0000
6.6785752845338,3.5118004269834,942508129904177,#FF0000
6.6739951302351,3.5126866623549,1848460668652914,#FF0000
6.6737215466054,3.5126411746982,4124691270903831,#FF0000
6.6803417426646,3.5112971243302,198759468761844,#FF0000
6.6834084954688,3.5111049148278,299133915077065,#FF0000
6.6799916581793,3.515410997151,1043480412850741,#FF0000
6.67617710394,3.5127392536558,1229382194158561,#FF0000
6.6801092723598,3.5155796885425,1408302159568896,#FF0000
6.6518469059667,3.5191866620809,1966483043508302,#FF0000
6.683340447022,3.5110973860196,3002592683356161,#FF0000
6.6833179707485,3.5112074059116,302962844605864,#FF0000
6.6822131379805,3.5108591556115,311791133732535,#FF0000
6.6737882746978,3.5126950739162,313992776804204,#FF0000
6.6832232291215,3.5111003368624,305369771170270,#FF0000
6.6818403848288,3.5108333333333,1122994874878918,#FF0000
6.6738965380085,3.5126547864408,1436873449995724,#FF0000
6.6830777886421,3.5111705075071,316977929938572,#FF0000
6.6790841987114,3.5117369395919,484139533002910,#FF0000
6.6722784225081,3.5125452297705,914569615997064,#FF0000
6.6792233047065,3.5115896323627,178143647545192,#FF0000
6.6771169705339,3.5122909359574,473870397212514,#FF0000
6.6516618808568,3.5189059278786,583505359284850,#FF0000
6.6831770288046,3.5110885026415,3560380724064117,#FF0000
6.6831920455223,3.5110994623656,378510926778018,#FF0000
6.6800888163759,3.5129228456212,469611017605008,#FF0000
6.6723796662985,3.5124678362573,3037262293226688,#FF0000
6.6800999872454,3.515159291104,235000295066088,#FF0000
6.6744342487666,3.5127066363579,273319064492044,#FF0000
6.6830670649933,3.5110923681344,458407855255663,#FF0000
6.6800781285405,3.5118367948388,880806842777760,#FF0000
6.6736457867263,3.512634212068,212496633770821,#FF0000
6.6834123422493,3.5111188702669,468106264417022,#FF0000
6.6760760299069,3.5126274597194,795546247760187,#FF0000
6.6828933710175,3.5111754954121,469526277659002,#FF0000
6.6786255817489,3.5117960623045,474973727048757,#FF0000
6.6750347716941,3.5127425919476,1102535344012089,#FF0000
6.6784653582154,3.51184922536,2574262472869028,#FF0000
6.6799886836149,3.5119078260648,173684624668678,#FF0000
6.6832888014056,3.511095177723,487076372740000,#FF0000
6.6512221019721,3.5188238130201,599445257683277,#FF0000
6.6735569234809,3.5126348796967,736012157074919,#FF0000
6.6800793650794,3.5121160671934,941987453298554,#FF0000
6.6783011365683,3.511963941763,1528793557512271,#FF0000
6.6772255461992,3.5123119461308,1925816207572002,#FF0000
6.6766563716891,3.5124570285826,2945400622397217,#FF0000
6.6832523533995,3.5111035193435,523224722190553,#FF0000
6.6516106755402,3.5188710767333,159457022709008,#FF0000
6.6800713834363,3.5130066977,494500565030317,#FF0000
6.6832739942432,3.5111075151032,568764380759268,#FF0000
6.680050249403,3.514552924096,1206204893165377,#FF0000
6.6771277147896,3.5122838008949,218729779715426,#FF0000
6.6833663997035,3.5110941810148,769542087261523,#FF0000
6.6780125618261,3.5119788284986,592582375468841,#FF0000
6.6831219372754,3.5110970486267,830962181134358,#FF0000
6.6800738955928,3.5123483565966,965069400932468,#FF0000
6.6800443855291,3.5145451295732,219490429628725,#FF0000
6.6772011811142,3.5122578902544,756081698603926,#FF0000
6.6827828088602,3.5111648315562,871541356735459,#FF0000
6.6799920864987,3.5136874280497,891182304762364,#FF0000
6.6805555555556,3.5112527169909,950886462333781,#FF0000
6.6801108536769,3.5141467797025,968650230540904,#FF0000
6.6800536354217,3.5141947199026,5059060510847835,#FF0000
6.6756709918446,3.5129014502622,321285472701061,#FF0000
6.6517141674763,3.5192412599686,489475805532526,#FF0000
6.6830254204777,3.511180889846,878195602761209,#FF0000
6.6769122321191,3.5123735069367,144160207690834,#FF0000
6.6777264932563,3.5120363190911,324986192553567,#FF0000
6.6800870457869,3.5127270620639,505216204005064,#FF0000
6.6830910889604,3.5110961597385,909304232969257,#FF0000
6.6800831303974,3.5113583101299,1088797088274803,#FF0000
6.6517110245989,3.5189147252409,1188159284938749,#FF0000
6.6818422442605,3.5108772241692,1835689969925674,#FF0000
6.6724007161891,3.5126131192894,242344404332815,#FF0000
6.682962962963,3.5111812980256,922731458566436,#FF0000
6.6839769330802,3.5113185540713,193858915897030,#FF0000
6.6800069078785,3.5117384310099,336349474744806,#FF0000
6.6800712228789,3.5156972136772,496266308285121,#FF0000
6.6831556847545,3.5110981625485,925580394956208,#FF0000
6.6745194186177,3.5128493002246,201939044937253,#FF0000
6.6800159646954,3.5157491160586,498208384953816,#FF0000
6.6507160235318,3.5190777146288,834020970544554,#FF0000
6.6833945016111,3.511223266532,931492521011898,#FF0000
6.6773840848196,3.5122522640195,1097228970800918,#FF0000
6.6800993674471,3.514352463653,309181574057402,#FF0000
6.6832576546396,3.5111918294375,971983583607361,#FF0000
6.6800639809638,3.5141666666667,159928192741668,#FF0000
6.6800079848107,3.5154940123086,742312816463533,#FF0000
6.684005856468,3.5113811202441,1074333533093458,#FF0000
6.6811315782741,3.5110518711293,3033123143635644,#FF0000
6.683960284871,3.5113785107235,1117742095397858,#FF0000
6.6753323332043,3.5127486065023,306417457825248,#FF0000
6.6815025252525,3.5109519427007,463170508115608,#FF0000
6.6839872833587,3.5112978116155,1190524134701238,#FF0000
6.6731347624471,3.5126486496568,462490631517357,#FF0000
6.6821862522164,3.5109353455926,1218049071945672,#FF0000
6.6840397226907,3.5113433189589,1366717800350131,#FF0000
6.6800387388408,3.5159374319913,307030984255356,#FF0000
6.6768283127499,3.5123987999495,331184311756523,#FF0000
6.68,3.5118320993367,1237037083366070,#FF0000
6.6837911231262,3.5112607179944,1368272570213520,#FF0000
6.6835868215493,3.5111726197659,1396372807396003,#FF0000
6.6809383891534,3.5110481853456,172697814760318,#FF0000
6.6800733667293,3.5115168370234,289758209494444,#FF0000
6.6800404255048,3.5153278203518,303332468063018,#FF0000
6.6839838055731,3.5112454938073,377991310157133,#FF0000
6.6800382456852,3.5120878528241,792580521634541,#FF0000
6.6834461395299,3.5111277024011,1427948627554724,#FF0000
6.6728088044857,3.5126109972678,285658919880381,#FF0000
6.6800104200498,3.5150959929068,293731155683324,#FF0000
6.6785241837081,3.5118227750732,506939350544169,#FF0000
6.6800058599625,3.5134280141412,935447877250312,#FF0000
6.6837481757877,3.5111689662829,1440296302977131,#FF0000
6.6834700664606,3.5112446738469,154302350034087,#FF0000
6.6739266511109,3.5126341622692,228839682335853,#FF0000
6.6746409605853,3.5127397131618,480849806491838,#FF0000
6.679997249725,3.5118104598645,2644416652518965,#FF0000
6.6515061535087,3.5188573042539,3496976773735111,#FF0000
6.6738621721561,3.512692697657,975285629947594,#FF0000
6.684004454023,3.5112656712819,2259641587500152,#FF0000
6.6774601943607,3.512162307851,171102988253835,#FF0000
6.6836367583076,3.5111814271484,228308519064448,#FF0000
6.6745069409176,3.5127198057882,331517098331589,#FF0000
6.6513963756683,3.5188000885544,1374752732910015,#FF0000
6.6800851929066,3.511921274843,2563309227305187,#FF0000
6.6837204803602,3.5111829723674,241587897758189,#FF0000
6.6800597064766,3.5147750222583,268394731656172,#FF0000
6.6778256407305,3.5120343789445,1527770947617371,#FF0000
6.6800824494135,3.5120789972847,2827519197509533,#FF0000
6.6771017077799,3.5122954708585,4267495663283872,#FF0000
6.6837256618429,3.511186046866,253405943139646,#FF0000
6.6800291216509,3.513670730299,460135605078511,#FF0000
6.6800690498216,3.5157756864885,782759362607632,#FF0000
6.6785762388427,3.5118100116608,1047957335738832,#FF0000
6.6789945013686,3.5116694169417,1096711797493552,#FF0000
6.6801001194881,3.5152135980746,1692790530930506,#FF0000
6.6517962724278,3.5189302105763,137359415081878,#FF0000
6.6738499207026,3.512697052072,214198503573135,#FF0000
6.6800779487622,3.5124911690726,285140639902754,#FF0000
6.679993330475,3.5155983381682,492728932152756,#FF0000
6.6514467970617,3.5188478570737,2242384082558890,#FF0000
6.6839488125163,3.5113309611953,2534570443516251,#FF0000
6.6838861386139,3.5113389998967,265710665296989,#FF0000
6.6809278805533,3.5111378316032,308877494020139,#FF0000
6.6800110894982,3.5149642391524,2982104162066112,#FF0000
6.6806061362628,3.5112003309693,234038778494224,#FF0000
6.6800948528716,3.515472285655,318844939597107,#FF0000
6.683730514866,3.5112509810517,2688413138116430,#FF0000
6.6801016995007,3.5154569298538,278510600586531,#FF0000
6.6839944297289,3.5112579995586,284824959956095,#FF0000
6.6772414496712,3.5121930396561,510900210091401,#FF0000
6.6800393696868,3.513950029928,820807482201004,#FF0000
6.651650626736,3.5189021490768,842037393326846,#FF0000
6.6836682406933,3.5111680018689,288729072913734,#FF0000
6.6799945973915,3.5154333244904,1097445460725087,#FF0000
6.6800079257069,3.511441062052,836326907228007,#FF0000
6.6839953221644,3.5112850726147,2901107066827137,#FF0000
6.6835153751273,3.5111486192104,291767555824599,#FF0000
6.6750259789025,3.5127563467533,306773124328042,#FF0000
6.6800078899153,3.5133809400222,518470182492334,#FF0000
6.6510153673377,3.5187588150664,2934699973516164,#FF0000
6.6838231981982,3.5113093159387,296824555343429,#FF0000
6.6822641775139,3.5109090909091,381750779771639,#FF0000
6.6725502727757,3.5125898140639,462875061645210,#FF0000
6.6802342279858,3.5113106875204,883879475495431,#FF0000
6.673859175031,3.5126555076847,1114183075742902,#FF0000
6.6517466398091,3.5189259971261,1271461726584702,#FF0000
6.6800431885273,3.5140592411489,1696386697216534,#FF0000
6.6835540258018,3.5111611511933,296865652101865,#FF0000
6.6800696220517,3.5150168731742,314461650250765,#FF0000
6.6800556824913,3.5149384273992,460891908330571,#FF0000
6.6800451956913,3.5144863557609,506607787369816,#FF0000
6.6806150793651,3.5112358965223,812908249660100,#FF0000
6.682737543727,3.5109978556896,3826664930777735,#FF0000
6.6800668647371,3.5142709775497,314221470277710,#FF0000
6.6800404153222,3.5132914490862,920470355411982,#FF0000
6.6834796647431,3.5111418783452,3000666553588508,#FF0000
6.6827016192546,3.5110294744794,174912374530152,#FF0000
6.6511649436567,3.5187119370301,215290090124880,#FF0000
6.6799612602501,3.512056696072,502271740956712,#FF0000
6.6799969651528,3.5118212479896,525132798504106,#FF0000
6.6785192247014,3.5118383525762,764989394377444,#FF0000
6.6835928596987,3.5111407136239,3011013199129041,#FF0000
6.683785364483,3.5112338965214,305661767801687,#FF0000
6.6777436427238,3.5120728320345,1144823029328219,#FF0000
6.6771465096106,3.5122828920871,179635827271060,#FF0000
6.6839243895719,3.5113377374371,308768294080812,#FF0000
6.6838820634097,3.5113524768172,482497816316858,#FF0000
6.6800419253928,3.5126824329797,2799877673655849,#FF0000
6.6800797927544,3.5115972222222,244589650799802,#FF0000
6.6838387527097,3.5112085102695,319384539572979,#FF0000
6.6758305830583,3.5126688259301,134296438730168,#FF0000
6.6507473265357,3.5187290562604,301869334838210,#FF0000
6.6837820003428,3.5112627127952,322383652586778,#FF0000
6.6810733186016,3.5110575645258,368978257888817,#FF0000
6.6800728884372,3.5148069029728,460161738422468,#FF0000
6.6836138613861,3.5111784058105,368193304632435,#FF0000
6.6800519010817,3.515038608072,470962927511305,#FF0000
6.6746101088301,3.512865846291,2875652929340114,#FF0000
6.6836288613722,3.5112630194634,371052150994050,#FF0000
6.6519471947195,3.5189117806732,511605423309888,#FF0000
6.6751335432429,3.5127477773604,141728621303706,#FF0000
6.6827264441563,3.5110298610166,153538850066183,#FF0000
6.6840025313729,3.5112628090791,3908864152530115,#FF0000
6.6723699217064,3.5125600650727,472641517172886,#FF0000
6.684031986532,3.5112821574406,3977917048921631,#FF0000
6.6800227833806,3.5138020833333,312772740289861,#FF0000
6.6837780824595,3.5111951642573,425621765193124,#FF0000
6.6799422204531,3.5122829039125,3970879879666777,#FF0000
6.6808644835485,3.5111619818285,285243766663032,#FF0000
6.6741788155677,3.5126187456263,313373116862930,#FF0000
6.6800629336083,3.5113827904438,324333732411035,#FF0000
6.6813597459782,3.5109470450741,480249696534437,#FF0000
6.6801224688099,3.5140314230554,937768670100535,#FF0000
6.6800418560793,3.5152893934129,1012691449264423,#FF0000
6.6716889022838,3.5123873331768,1018492892016612,#FF0000
6.6805019063745,3.51126896372,1156487814776785,#FF0000
6.6799543789049,3.5124422174784,1187381168368116,#FF0000
6.6836817075747,3.5111734614349,4346721468681221,#FF0000
6.6509756660373,3.5187160584338,334712974751437,#FF0000
6.6837662008388,3.5111710601061,465004801240253,#FF0000
6.674698943706,3.5128822992053,1053352511860476,#FF0000
6.6798653755797,3.5113301003517,1368441326872758,#FF0000
6.6836603056186,3.5111796712725,472579770481497,#FF0000
6.680040642259,3.5145250275185,850655939128043,#FF0000
6.6508382258613,3.5186231042579,221674702687973,#FF0000
6.6800504332254,3.5151810416595,376072860398989,#FF0000
6.6834683788624,3.5110993899479,479438189780455,#FF0000
6.6802115145937,3.5113465335598,502170027651771,#FF0000
6.680129425439,3.5113635389526,513921113129329,#FF0000
6.6748444195463,3.5127307144298,550923732978900,#FF0000
6.6838358954032,3.5112043742662,480228833185234,#FF0000
6.6725409012493,3.5126354704004,526880334975250,#FF0000
6.6519293593396,3.5189809074692,318571169632117,#FF0000
6.6781427866711,3.5119987274424,322932569206477,#FF0000
6.6838949883859,3.511218660929,486581299429769,#FF0000
6.6752083333333,3.512933946008,958785398218021,#FF0000
6.6800883146781,3.5127992406023,463138604953675,#FF0000
6.6837808979215,3.5111946862655,494887765057592,#FF0000
6.6775429673894,3.5122525355959,560133424954692,#FF0000
6.6791966367342,3.5116086996004,2883714941878517,#FF0000
6.6511740935916,3.5187551044063,209081040821646,#FF0000
6.6800770538382,3.5140671608963,292595562471693,#FF0000
6.6800534340753,3.5151488665251,299351295153953,#FF0000
6.6513966470086,3.518822570761,318285583235024,#FF0000
6.6784826720044,3.5119250246014,481617016596879,#FF0000
6.6835297229494,3.5111210750399,501448997718014,#FF0000
6.6800628223456,3.5114514927341,1055248531675055,#FF0000
6.6720055016617,3.5124185075102,222261915963763,#FF0000
6.6838888888889,3.51121332797,504890890549196,#FF0000
6.6771497730804,3.5122665394781,1624063127982961,#FF0000
6.6738919153401,3.5126797138795,471417690639977,#FF0000
6.6836851370643,3.5112523504507,508700690311510,#FF0000
6.6515507706918,3.5188578924444,914961422693766,#FF0000
6.6774884631895,3.5122740642055,2809055852737804,#FF0000
6.6760372756211,3.5126218212112,298916231777075,#FF0000
6.6837248822229,3.5111634702727,511319369895759,#FF0000
6.6800115541873,3.515862959285,1748777305301453,#FF0000
6.6510459066883,3.5186729487776,372186780865289,#FF0000
6.6838019706551,3.5112869546498,519167889435010,#FF0000
6.6511875170718,3.5187667458197,957861778284950,#FF0000
6.6800417567259,3.5152061882014,159955452737961,#FF0000
6.6774491983467,3.5122362629945,187101939931812,#FF0000
6.6799724434278,3.5129682053503,460812705220066,#FF0000
6.6838486834274,3.5113293350699,530587701716899,#FF0000
6.6740783312552,3.5126953787922,493074485457665,#FF0000
6.6835142289501,3.5111579382141,549872516000028,#FF0000
6.673873059592,3.5126571452585,2634388123537613,#FF0000
6.677491713519,3.5121291812704,162699159035839,#FF0000
6.6822882014875,3.5109145175206,317470993122654,#FF0000
6.6840007064542,3.511275339481,559516942100890,#FF0000
6.6514848071134,3.5188406390068,840011270263295,#FF0000
6.6836141833077,3.5111784130639,857989574784631,#FF0000
6.6800212723688,3.5115447136628,1966451763530401,#FF0000
6.6732086679196,3.5126517833419,472768977123996,#FF0000
6.6835528214297,3.5112628691641,893396374559752,#FF0000
6.6798006739756,3.5113956019512,1450673575286693,#FF0000
6.6800642169906,3.5134743649188,252765996599544,#FF0000
6.6799437795842,3.5121060913277,286273243166819,#FF0000
6.6514954085394,3.5188579877725,368601757924300,#FF0000
6.6800534188034,3.513227220256,371049194334223,#FF0000
6.6834799077428,3.5111388172967,914290959332041,#FF0000
6.6786953731256,3.5118082682128,966953347398635,#FF0000
6.6800772969016,3.5134342671909,986763195485650,#FF0000
6.6805186962519,3.5112295134569,598137871157201,#FF0000
6.6800883455178,3.5132615475052,815621232419196,#FF0000
6.6835625741154,3.511171287431,944806763016475,#FF0000
6.6720310487314,3.5125605643864,1933280780144730,#FF0000
6.6761339857137,3.5126307084934,919277041990427,#FF0000
6.6839330198985,3.5112171703339,951121472310817,#FF0000
6.676002007058,3.5127975842231,2850891841841761,#FF0000
6.6722963097545,3.5125906214968,177533337593703,#FF0000
6.6800081385346,3.5151603564596,279529620579907,#FF0000
6.6771561039851,3.5122727621385,301111624799873,#FF0000
6.6839838201402,3.5112420529375,967088937429135,#FF0000
6.6795054745933,3.5114547533925,1228065874278772,#FF0000
6.6837001562725,3.5111655059281,969698186901552,#FF0000
6.6722882543416,3.512456700853,2937871989872652,#FF0000
6.651165029343,3.5187921004722,466741621065021,#FF0000
6.6826987910633,3.5111348578811,511636493597200,#FF0000
6.6740344166913,3.5125996255889,816434265972753,#FF0000
6.6814137108233,3.5109594441485,264617175400193,#FF0000
6.6827315625608,3.5111706525769,569053904065017,#FF0000
6.6800391123334,3.514477325943,140820538027291,#FF0000
6.6800829251897,3.5133850404279,846875416255296,#FF0000
6.682549836193,3.5109881512594,1086346538555848,#FF0000
6.6802692920092,3.5113474229234,3924742267592080,#FF0000
6.672951957529,3.5126725351662,295153172288149,#FF0000
6.6800113975567,3.5155093575892,527848795258251,#FF0000
6.6812016806865,3.5110181545415,798246624431132,#FF0000
6.6787444444444,3.511766547333,811855936103534,#FF0000
6.6823053441708,3.5109006637992,1141967772946347,#FF0000
6.6827280888555,3.5110475050769,135119051969184,#FF0000
6.6517666919637,3.5192305247686,250589930146095,#FF0000
6.6801207048603,3.5140304052727,308887017494219,#FF0000
6.6800563449644,3.5143087444116,317839163058171,#FF0000
6.6769744669959,3.5123553659081,4074065492639167,#FF0000
6.6775107215347,3.5122067504162,145491600892894,#FF0000
6.6821381708057,3.5109001316798,154582776546943,#FF0000
6.677695632778,3.5120913905133,376801626967389,#FF0000
6.6764139745018,3.5126605463238,470990647529986,#FF0000
6.6801009506201,3.5155074862801,132378592264403,#FF0000
6.6826357813165,3.5109959042949,158047812922814,#FF0000
6.6513576233909,3.5188292486,485037272701698,#FF0000
6.6800434138198,3.5151649562397,1028441867559733,#FF0000
6.6512220008699,3.5191694169417,2890853437833724,#FF0000
6.6800849478111,3.5140294489806,301249171623919,#FF0000
6.6809573211623,3.5111111111111,938178786942451,#FF0000
6.6825244425099,3.5109798303756,1846760022138985,#FF0000
6.6825206439003,3.5110518713029,192907199324342,#FF0000
6.6826673992331,3.5110289723733,463128721438687,#FF0000
6.6800197161174,3.5142375650444,542635017123890,#FF0000
6.6823206883997,3.5109233264541,198738392091423,#FF0000
6.680031153459,3.5139004754917,242780417601720,#FF0000
6.6790935780354,3.5116358396998,298058705254224,#FF0000
6.6775296258592,3.5121927435843,3977029472372777,#FF0000
6.6782030854105,3.5119750601251,194653992498988,#FF0000
6.6823972490638,3.5109351723523,209259184129302,#FF0000
6.6775231481481,3.5120404705962,791207811808100,#FF0000
6.6760175245025,3.512664399093,458645142086636,#FF0000
6.682249532953,3.5109066701589,2186925108105122,#FF0000
6.6800161393696,3.5141055195286,2874793782769081,#FF0000
6.6758693636631,3.5128388998255,171411318224235,#FF0000
6.4912512470646,3.1991076991194,280969407049823,#FF0000
6.4997642399146,3.1991332564968,1153418762112212,#FF0000
6.4998696409558,3.1991457208804,131519099011009,#FF0000
6.4950033156156,3.1990068344344,273542114510206,#FF0000
6.4937997775455,3.1991350075187,1224087128332195,#FF0000
6.4966360307104,3.199121559147,993768441392745,#FF0000
6.4998609699137,3.1991413185319,1410498212799097,#FF0000
6.4997445709056,3.1990662824662,293620568980271,#FF0000
6.4918381377911,3.1991715288943,1417854838648490,#FF0000
6.4953760413903,3.1991270171966,515777696808250,#FF0000
6.4894373163286,3.1991263992901,933548237439025,#FF0000
6.4960915360616,3.1991167759437,1358389634540856,#FF0000
6.4999727759277,3.1991398339682,478688650682192,#FF0000
6.497772373716,3.1990587816717,2825877334393326,#FF0000
6.4996505401774,3.1991201202022,5867161613299201,#FF0000
6.4996102317776,3.1991281700271,866392647289959,#FF0000
6.4999209322034,3.1990626393819,896132567630757,#FF0000
6.4931036954271,3.1991538463596,1100295963868722,#FF0000
6.4995849745509,3.1990674404192,1194023567763794,#FF0000
6.4992806416416,3.1990626826827,145476144217259,#FF0000
6.4950740287053,3.1991314638619,1568419686690057,#FF0000
6.4966901748188,3.1990500257247,5369907656415222,#FF0000
6.4989916953584,3.1991461291001,1870954426429092,#FF0000
6.4995203786658,3.1991191925412,200802068536437,#FF0000
6.4995480040668,3.1991052777267,2075451789292696,#FF0000
6.499182703802,3.199136791902,2159929600828188,#FF0000
6.4993545651988,3.1991040517414,2383386031806487,#FF0000
6.4989349457424,3.199135139493,265223395287486,#FF0000
6.4992229245487,3.1991237664663,3007756392791988,#FF0000
6.4991758167045,3.1991210881262,3324363924333876,#FF0000
6.4993105373798,3.1991240831507,369013447855690,#FF0000
6.4990348345249,3.1991316233248,477655956779993,#FF0000
6.4994526313533,3.1991112843077,4809208325875029,#FF0000
6.4989854292261,3.1991333852727,491148261932936,#FF0000
6.49911968,3.199058246,501162951243733,#FF0000
6.4990865363783,3.1991394069312,518868759719326,#FF0000
6.4994256508,3.1990673554,520861208907502,#FF0000
6.4896510584812,3.1991855749035,1216648842475690,#FF0000
6.4993658739038,3.1991233649202,5423464201020112,#FF0000
6.4994303195798,3.1991049539091,544333346954600,#FF0000
6.4992683174688,3.1991357210863,569221831201522,#FF0000
6.4939317680241,3.1991480765307,1075822199572980,#FF0000
6.4989986471529,3.1990483439561,956089498541015,#FF0000
6.4988770688095,3.1991529459009,1040158963518094,#FF0000
6.4915424664485,3.1991659282802,492056612458371,#FF0000
6.4986165832007,3.1991653346195,1454763334944189,#FF0000
6.4985461246038,3.199122158511,185895533395177,#FF0000
6.498628815493,3.1990504915493,218780599704488,#FF0000
6.4932935580736,3.152770492928,831080537792988,#FF0000
6.4988003546604,3.1991485456772,2865974623670068,#FF0000
6.4987549562565,3.1991587777867,3263085610642435,#FF0000
6.4987279363301,3.1991406744424,379075700038131,#FF0000
6.4988690515379,3.1991419224327,3827310383984891,#FF0000
6.498342126262,3.1991180971033,481689383081462,#FF0000
6.4979974006154,3.1990597126154,264349542043379,#FF0000
6.4988277331461,3.1990483365169,500338571310307,#FF0000
6.4984355557403,3.19911445259,771777520172117,#FF0000
6.4936779835391,3.1511403423773,205808821182101,#FF0000
6.4984705956736,3.1991643311944,776670246628286,#FF0000
6.4986435226883,3.1991279386352,921477061729611,#FF0000
6.4959556040761,3.1991211342844,1079622432769739,#FF0000
6.4984144632695,3.1990506107971,944736746358759,#FF0000
6.4886866132264,3.1992042981356,1601334743576286,#FF0000
6.4983169684201,3.199162902843,967154433948414,#FF0000
6.4981486443196,3.1991568419199,1359412867871217,#FF0000
6.4895142954546,3.199121465415,300592328284617,#FF0000
6.4976684353428,3.1991285671289,1637248649994138,#FF0000
6.4981355570978,3.1991219347927,254314716477867,#FF0000
6.4883482043736,3.1992063046979,725638901942066,#FF0000
6.4982398491784,3.1991180287919,915909189263202,#FF0000
6.4979078905247,3.1991058377539,2981556632121437,#FF0000
6.4977861019513,3.1991058002253,305523321097464,#FF0000
6.4901779097571,3.1992222901199,752510735438685,#FF0000
6.497983522784,3.1991352535852,4778270178949867,#FF0000
6.4956865208748,3.1990345707753,312965597110182,#FF0000
6.4978248456462,3.1991317079799,658708315108740,#FF0000
6.4982158364706,3.1990502129412,801816037379081,#FF0000
6.4976447963305,3.1991036437145,897796057732441,#FF0000
6.4980233984969,3.199110163047,924677764959126,#FF0000
6.489283305511,3.1991396363727,212369533769375,#FF0000
6.4887539679631,3.1991088,462106385082854,#FF0000
6.4972215594691,3.199129214215,1107415823448737,#FF0000
6.497514773029,3.1991253544325,1226990908042276,#FF0000
6.4911564244526,3.1991496733835,2411703955640126,#FF0000
6.4969368802645,3.1991221113877,1242219966185265,#FF0000
6.4970784183161,3.1991260805581,1411760912604929,#FF0000
6.4937510360226,3.1991401209229,184058306804418,#FF0000
6.4970419772321,3.1991116647418,206703511060564,#FF0000
6.4960509645646,3.1990453747748,186852406650672,#FF0000
6.4973259090728,3.1990522479562,215982100038869,#FF0000
6.4919549070057,3.1991783689311,383924776187933,#FF0000
6.4923997339882,3.1990924320236,3957146067726768,#FF0000
6.4971139957926,3.1990539953033,322463409371865,#FF0000
6.4892949519742,3.199192882274,1032257181004814,#FF0000
6.4898585168722,3.1992178576254,1403004173402611,#FF0000
6.6001719000015,3.2992984,932292297606100,#FF0000
6.6007806,3.2989543000012,2762957300683851,#FF0000
6.6007592,3.2996438999988,1762610157256909,#FF0000
6.6003661000011,3.2991084,213250343697396,#FF0000
6.6007707000011,3.2998541000022,332353391582590,#FF0000
6.6007708,3.2999627000011,4017543361627077,#FF0000
6.6004957000021,3.299147799998,552909515681609,#FF0000
6.6005128,3.2991937999981,545096216868973,#FF0000
6.600497,3.2992434,1082329745624614,#FF0000
6.6000148,3.2999825,3670629809729190,#FF0000
6.6005664,3.2990433999973,330978911700850,#FF0000
6.600266900001,3.2992324,1107483429771896,#FF0000
6.6006268999984,3.2994485999974,493543081994183,#FF0000
6.6005352,3.2990835,3061667250723016,#FF0000
6.6006544,3.299006,762581324622375,#FF0000
6.6005555555556,3.2991854000025,1091860414628605,#FF0000
6.599997249725,3.3003445999978,2573404069634503,#FF0000
6.5999602000021,3.3496090999827,321765402680986,#FF0000
6.5999708999978,3.3004355,1277381929331657,#FF0000
6.5991493055556,3.3000459000012,293251949127129,#FF0000
6.5994565999981,3.3002052,479017406692248,#FF0000
6.5999814,3.300097699999,134415128680825,#FF0000
6.5999476,3.3000030999988,1422442881448530,#FF0000
6.5998611111111,3.300293,1428403194205426,#FF0000
6.5999028999979,3.300355,514482742913782,#FF0000
6.5998528,3.3003648,177863087460132,#FF0000
6.5986017000011,3.3000658,141916911250507,#FF0000
6.5999642999976,3.3000524,181324610557070,#FF0000
6.599553699999,3.300143,184222823456315,#FF0000
6.5997069000009,3.3002962000019,205041197931750,#FF0000
6.599952700001,3.3003525999982,224098716143777,#FF0000
6.599798099998,3.3003320999972,491586325590781,#FF0000
6.5995606999981,3.300243,2801199173476008,#FF0000
6.5996902000021,3.3002750544662,290872069352940,#FF0000
6.599984,3.3003877999978,2989288628022820,#FF0000
6.5996976,3.3003019000024,304990594630537,#FF0000
6.5997573999979,3.3003216,3119726154980654,#FF0000
6.5998025,3.300268,368494167924971,#FF0000
6.599926200002,3.3496597000027,479507099949839,#FF0000
6.5999857524122,3.30015106122,3717964891662194,#FF0000
6.5998115,3.3003452999974,390865485370031,#FF0000
6.5996135,3.3002655,3954039538017624,#FF0000
6.5999602000021,3.3496090999827,229293872290440,#FF0000
6.599683099999,3.3002128,4045630195485936,#FF0000
6.5990195973823,3.3001189901913,2966028377045571,#FF0000
6.5986982999991,3.3000872,211722520762976,#FF0000
6.5998526000022,3.3003316,451660029230056,#FF0000
6.5999177000024,3.3003184,455541569076678,#FF0000
6.5995534000024,3.3002355,4567651263263326,#FF0000
6.5999768,3.3000134000019,470484537360134,#FF0000
6.5996628,3.3002777777778,471560497409012,#FF0000
6.5996241000014,3.3002569000017,480095923226851,#FF0000
6.5997415,3.300241,533631341150918,#FF0000
6.5999472436741,3.3000117295833,486355769185061,#FF0000
6.5989034,3.3000998000026,325846965805311,#FF0000
6.5985381999981,3.3000756,186966129943622,#FF0000
6.599969,3.3004352999973,506653420770723,#FF0000
6.599926200002,3.3496597000027,380972139929720,#FF0000
6.599994,3.3009931000019,145925884174549,#FF0000
6.5999660243544,3.3000858213585,526580565393577,#FF0000
6.5988075,3.3000574000021,176356807611137,#FF0000
6.5997551000011,3.3003103000009,528926634793484,#FF0000
6.5996236,3.3001769000019,549331496231986,#FF0000
6.599606599998,3.3002596,607703633520979,#FF0000
6.599839400002,3.3003531000009,755169648452694,#FF0000
6.5997966999979,3.3003117999977,799739694011283,#FF0000
6.5986042999974,3.3000524,168695728511760,#FF0000
6.6004764,3.3006971000026,145147607626984,#FF0000
6.6000269000028,3.300237899998,1022343014967101,#FF0000
6.6001035,3.3002672,1106314366520988,#FF0000
6.6006786000019,3.3001710999976,316922766568083,#FF0000
6.600136599998,3.3002834,1341788352867616,#FF0000
6.6003415,3.3498984,209905540731783,#FF0000
6.600249,3.3005370999984,475311656915256,#FF0000
6.6000778042286,3.3003047565044,1492472924478189,#FF0000
6.600081,3.3003661000011,151338463631265,#FF0000
6.6002881999973,3.3496374000021,469987200952388,#FF0000
6.6003921999977,3.35,763554521016153,#FF0000
6.6000150999986,3.3002985,171391248121935,#FF0000
6.600203099999,3.3005032999973,199960295285030,#FF0000
6.6003845981943,3.349761,304577788048613,#FF0000
6.600105,3.3003239929947,184306350218067,#FF0000
6.6000874,3.3004724,769353816989149,#FF0000
6.6000248,3.3004560999983,231518045398945,#FF0000
6.6001679995361,3.3003932200776,264360875398949,#FF0000
6.6001710999976,3.3003296,286383426546054,#FF0000
6.600320900001,3.3497249724972,599370451043015,#FF0000
6.6000552,3.3496060999986,325393835819462,#FF0000
6.6007729000016,3.3009546000022,495468658533978,#FF0000
6.6000505050505,3.3001571000014,2932237000346786,#FF0000
6.6000084,3.3000928991906,304817154428151,#FF0000
6.6002485,3.3004677000022,826428964747028,#FF0000
6.6000291000022,3.3000298999988,312280793674154,#FF0000
6.6000385415871,3.300258000854,3449192525182334,#FF0000
6.6006665528233,3.300249300001,940736533426609,#FF0000
6.6000036,3.3000346793023,4192464597540270,#FF0000
6.600017,3.3000799000011,980373619384793,#FF0000
6.6000835,3.300283300001,767646673944766,#FF0000
6.6000903000019,3.3002040999991,4576349455715783,#FF0000
6.6000166000026,3.3004646999991,472565530678045,#FF0000
6.6000694444444,3.300476,474095043917958,#FF0000
6.6007887000024,3.3009082000021,1017320712135219,#FF0000
6.600014,3.3001705,483755369599349,#FF0000
6.6000304,3.300390699999,491314605411212,#FF0000
6.6001046999985,3.3003175200803,500313314426275,#FF0000
6.6007024,3.3002215,222646709244507,#FF0000
6.6001361000164,3.3004865,500956541032521,#FF0000
6.6000655,3.3001288,522182978775412,#FF0000
6.6000125,3.3496211881397,921862198502743,#FF0000
6.600082,3.3002242,616777203047992,#FF0000
6.6001516999974,3.3004814000023,620278499364468,#FF0000
6.600508,3.3005583058306,220146076207890,#FF0000
6.6007343000011,3.3000410999982,504392937586201,#FF0000
6.600322299999,3.3004492,794989177815574,#FF0000
6.4505981690287,3.3993740700744,109171114579091,#FF0000
6.4505077590081,3.3999550695882,4315421568515670,#FF0000
6.4506376706116,3.3998836098709,375439103827684,#FF0000
6.4507297498798,3.399011118766,1118221365346617,#FF0000
6.4507137386699,3.3990792262218,1176998882750114,#FF0000
6.4510259532859,3.3993617340209,141282238016549,#FF0000
6.4509674404622,3.3993744041811,162747075700115,#FF0000
6.4506958145922,3.3991399922571,168320388545369,#FF0000
6.450584527637,3.3997321332161,820394928577663,#FF0000
6.4505982652776,3.3996057440502,989495835195404,#FF0000
6.4507947229597,3.3987896248311,1737068473164966,#FF0000
6.4506871665666,3.3990036820579,1901933349983384,#FF0000
6.4507641385704,3.3988861386139,196111238901373,#FF0000
6.450907785114,3.3982342557611,171675318195587,#FF0000
6.4507412883944,3.3988215671476,200115888605363,#FF0000
6.4506958145922,3.3991399922571,222384153023607,#FF0000
6.4507947229597,3.3987896248311,255377856377302,#FF0000
6.4509674404622,3.3993744041811,256125589594652,#FF0000
6.4505845611602,3.3998540162661,520815502419158,#FF0000
6.4506784514422,3.3992032062169,2886790041587355,#FF0000
6.4507641385704,3.3988861386139,291080605980228,#FF0000
6.4509047839836,3.3982608766926,311278940447061,#FF0000
6.4506536853805,3.399317361339,294420215501135,#FF0000
6.450586465713,3.3995774298616,196472505636809,#FF0000
6.4507509976793,3.3989460450328,302924418170450,#FF0000
6.4507794236778,3.3988355040471,305993334233157,#FF0000
6.4506784514422,3.3992032062169,307667620928851,#FF0000
6.4505384682609,3.3998333333333,296580912203038,#FF0000
6.4506414880952,3.3993681164485,378230096796952,#FF0000
6.4507297498798,3.399011118766,385492615959030,#FF0000
6.4505605538196,3.3998132867938,110805254412502,#FF0000
6.4506126933477,3.3993040637381,393303221716869,#FF0000
6.4506303566492,3.3992218703192,4029199707162074,#FF0000
6.4508836770903,3.3984657291667,156374329828252,#FF0000
6.4506699540264,3.3990651823882,4317855988299211,#FF0000
6.4506536853805,3.399317361339,467205511158667,#FF0000
6.4506414880952,3.3993681164485,477768810140114,#FF0000
6.4506368039077,3.3996415739453,1067188847102771,#FF0000
6.4505877610145,3.3995236625514,1096611954193960,#FF0000
6.4506632882591,3.3992616350261,478756513444678,#FF0000
6.4507137386699,3.3990792262218,480456966346704,#FF0000
6.4506352627719,3.3981800849363,2934909020164474,#FF0000
6.4507569043304,3.3987675063237,493081575368347,#FF0000
6.4506632882591,3.3992616350261,498580581181617,#FF0000
6.450584527637,3.3997321332161,1431701650540334,#FF0000
6.4505713001722,3.3997583156405,282748493569717,#FF0000
6.4507509976793,3.3989460450328,499419507873780,#FF0000
6.4510259532859,3.3993617340209,504094264109775,#FF0000
6.4506416901009,3.3991736111111,504490820871394,#FF0000
6.4507472383171,3.3999202083787,167986945144843,#FF0000
6.4510322058448,3.3993686097225,521194759259058,#FF0000
6.4505110632765,3.399795041674,484611726157024,#FF0000
6.4507059070707,3.3989424799122,523419002131296,#FF0000
6.4508423160416,3.3994695066639,901350510410308,#FF0000
6.4506545264636,3.3991213958319,547125449615476,#FF0000
6.4507239119854,3.3988821373457,620004528956446,#FF0000
6.4507920206139,3.3995111205927,2962448437364365,#FF0000
6.4506200988051,3.3994590842456,325445488975067,#FF0000
6.4506162965468,3.3999131399526,488790702549044,#FF0000
6.4507794236778,3.3988355040471,761719031372875,#FF0000
6.4510322058448,3.3993686097225,791777188379583,#FF0000
6.4505779226088,3.3998089938694,1028365527693586,#FF0000
6.4505583058306,3.3998530986123,1113823252438248,#FF0000
6.4505710401257,3.3998903178811,1116146235560966,#FF0000
6.4504898051841,3.3998453261346,1136589056859604,#FF0000
6.4507353110206,3.3995497932428,455910672170254,#FF0000
6.4505583058306,3.3998530986123,1142683126209835,#FF0000
6.4508486819666,3.3994921946057,475039640391170,#FF0000
6.4505734412752,3.3996335510392,1145331745963286,#FF0000
6.4509767467735,3.3994059919972,1157507674722519,#FF0000
6.4507894056848,3.3995098412448,237681261448729,#FF0000
6.4505555555556,3.3998297344292,1167476910415488,#FF0000
6.4510345629853,3.3981478277586,219861159583165,#FF0000
6.450874189212,3.3994360978888,1188015531611218,#FF0000
6.4509702018493,3.3999803598161,1225105107960260,#FF0000
6.4506355234577,3.3998698745071,1200849937038720,#FF0000
6.4507472383171,3.3999202083787,1203230936759800,#FF0000
6.4509862735974,3.3994116339963,1255609408174731,#FF0000
6.4506012570576,3.3997525086377,131811968987025,#FF0000
6.450757950474,3.399913309578,132288932265679,#FF0000
6.4508803800403,3.3999554335283,1333533667028535,#FF0000
6.4506317496848,3.3994146975128,133622935424616,#FF0000
6.4505290828646,3.3998969330105,400457444254329,#FF0000
6.4504898051841,3.3998453261346,134157028744103,#FF0000
6.4508213218744,3.3994727877578,1352798178424580,#FF0000
6.4508153869796,3.3999321751839,1372067623173465,#FF0000
6.4505839047041,3.3995840312674,1372222259827015,#FF0000
6.4505365997907,3.3997186504489,137654145047146,#FF0000
6.4505906753813,3.3996265922775,1380374898993674,#FF0000
6.4505670229065,3.3997930407384,138687351617570,#FF0000
6.4505924620053,3.399681252614,1415661468773618,#FF0000
6.4505253107121,3.3997459178467,141666114643367,#FF0000
6.4506566151285,3.3995432279834,375735277123115,#FF0000
6.4508896303819,3.3999615397584,142495327858561,#FF0000
6.4508876993782,3.3994682469572,502408044451119,#FF0000
6.4508970364519,3.3982040792493,4255151027884283,#FF0000
6.45074134764,3.399529410623,144280464283474,#FF0000
6.4509095743212,3.3984115445851,1422320921446582,#FF0000
6.5997018,3.3507736,3422118394554674,#FF0000
6.5996422,3.3502382999984,4146652202070286,#FF0000
6.599713,3.35057,4204697242894884,#FF0000
6.5996984,3.3504612999987,205730141367679,#FF0000
6.5996537999981,3.3505183000018,5591122214292777,#FF0000
6.5996672,3.3503494000018,824212721522967,#FF0000
6.5996542,3.350292,183235363672505,#FF0000
6.5995948,3.3500301999972,1159472181160369,#FF0000
6.5996436,3.3504654,291552512634626,#FF0000
6.5997381999979,3.3507252,219985362907976,#FF0000
6.6005795,3.350888,1556614804532761,#FF0000
6.6003854,3.3501342999982,1162822924189851,#FF0000
6.6002940999976,3.3508333333333,225681562659645,#FF0000
6.6003758,3.350080299999,136094481875765,#FF0000
6.6004189000018,3.3501208,153144196818659,#FF0000
6.6005224,3.350721,800775823903823,#FF0000
6.6004402,3.350364900001,816548319274740,#FF0000
6.6003745,3.350028700001,160489462684184,#FF0000
6.6010916,3.3514184,1172022143225739,#FF0000
6.6004736,3.3502243000013,162962619102070,#FF0000
6.6003958999974,3.3501836,1643406615852139,#FF0000
6.6003886,3.3501046000021,174126577960111,#FF0000
6.6004466999978,3.3503984,303015854747182,#FF0000
6.6003758,3.350080299999,176037101081663,#FF0000
6.600431,3.3503448,298586255291905,#FF0000
6.6004033000015,3.350063,188773366446796,#FF0000
6.6006331000025,3.3512945,245574987351800,#FF0000
6.6005491000013,3.3509262387387,1118091312042908,#FF0000
6.6002504,3.3508421000022,1354618244922124,#FF0000
6.6004018999977,3.3501769000019,207965847806180,#FF0000
6.6006362007168,3.3512976,1690940977960891,#FF0000
6.6004736,3.3502243000013,245001450711878,#FF0000
6.6004595,3.3501496,262431765571839,#FF0000
6.600446,3.3500735,2801369083458372,#FF0000
6.6004595,3.3501496,2831673230481693,#FF0000
6.6004381000018,3.3501795,296188628708022,#FF0000
6.6005201000022,3.3509102999991,1426505524414853,#FF0000
6.6006746031746,3.3513276999972,174692237888836,#FF0000
6.600446,3.3500735,306066077635094,#FF0000
6.6001803000011,3.3508333333333,282018983646513,#FF0000
6.6005211000016,3.3505505,313534383475243,#FF0000
6.6003745,3.350028700001,324142812403400,#FF0000
6.6004381000018,3.3501795,325390385680260,#FF0000
6.6005118000024,3.3508073999979,486858479125996,#FF0000
6.6005620999991,3.351022100001,5500290093346062,#FF0000
6.6003886,3.3501046000021,3616457091792141,#FF0000
6.6005238000019,3.3508589000009,2582932602000485,#FF0000
6.6006356,3.3511576,361480778906132,#FF0000
6.6003921999977,3.35,3960884190615088,#FF0000
6.600714,3.3514716,173476744684780,#FF0000
6.600714,3.3514716,375211593824745,#FF0000
6.6003764,3.3507820999977,566407020997367,#FF0000
6.6004189000018,3.3501208,915727372544533,#FF0000
6.6003628,3.3500225,483024249681797,#FF0000
6.6003628,3.3500225,483322493002762,#FF0000
6.600266300001,3.3507953000023,5414021598668802,#FF0000
6.6011356,3.3513916391639,286181106552459,#FF0000
6.6003854,3.3501342999982,498407898260611,#FF0000
6.6006032,3.3509966,540020883829312,#FF0000
6.6003958999974,3.3501836,533033357856371,#FF0000
6.600405,3.3502356,472981407315853,#FF0000
6.5482508,3.354728,159402399458074,#FF0000
6.5487804,3.3545136,668326400630502,#FF0000
6.5495275836325,3.3541968166952,512743389911521,#FF0000
6.549171,3.3544375,1447324625611469,#FF0000
6.5497961999979,3.3541781000021,1187493375027656,#FF0000
6.5489826999982,3.3546259000025,929584957798112,#FF0000
6.5479786999945,3.3549209000011,1833649260128593,#FF0000
6.5498316,3.3541694169417,766371614238909,#FF0000
6.5493477000019,3.3544172999976,305163481012254,#FF0000
6.5468909000011,3.3542396999983,309184140676688,#FF0000
6.5467611000013,3.3541714,1124693541347425,#FF0000
6.5486111111111,3.3546250999989,1006847226812676,#FF0000
6.5490598000027,3.3545304,1081853448970054,#FF0000
6.5490906999974,3.3545857999977,1158659931263656,#FF0000
6.5495796,3.3541614,775828489744247,#FF0000
6.5499295,3.3541966000024,833854497273979,#FF0000
6.5489772999978,3.3544878999975,1175038686275890,#FF0000
6.5490813000024,3.3544576,135190605317315,#FF0000
6.5485889080014,3.3546179033123,1471733813171108,#FF0000
6.5490498999983,3.354487,152105420216964,#FF0000
6.5491568999985,3.3544937000011,156771943057371,#FF0000
6.5486582000023,3.3545634920635,161223542607254,#FF0000
6.5489597999981,3.3545682000026,182413133650643,#FF0000
6.5466962,3.353933400002,844820502908566,#FF0000
6.5488956,3.3545968,185067810038264,#FF0000
6.5467962962963,3.3542576,811039649787137,#FF0000
6.5490005,3.3545553999979,1860876040744654,#FF0000
6.5471420999973,3.3546296296296,212852927068384,#FF0000
6.5489405,3.3546163000012,223080172916326,#FF0000
6.5490718,3.354472100001,305440677740630,#FF0000
6.549177,3.354522,2578438435796998,#FF0000
6.5489898000024,3.354508699998,273627317835957,#FF0000
6.54941,3.354376199998,882665428947473,#FF0000
6.548711,3.3546237999975,281008720425461,#FF0000
6.5485488,3.3546057999976,794304471480214,#FF0000
6.5490559000018,3.3545700999977,288093819697680,#FF0000
6.5478589691194,3.354933401384,1687729851422896,#FF0000
6.5491526999973,3.354479099986,2887228571545926,#FF0000
6.5489136999989,3.3544592,301242491501304,#FF0000
6.5493333333333,3.3543605,529845298030521,#FF0000
6.548821,3.3546158999981,302398038186316,#FF0000
6.5489341999945,3.3545332,307001957491217,#FF0000
6.5483295546783,3.354697092905,1739701769569388,#FF0000
6.5488216,3.3545778,310585487143863,#FF0000
6.5486820999985,3.354634199998,319741223051823,#FF0000
6.5469416941694,3.3543547000011,469870280909749,#FF0000
6.5496768,3.3542545,478233263495784,#FF0000
6.5491193000009,3.3544316,320498766090186,#FF0000
6.5488490196781,3.3545256354785,338682497675295,#FF0000
6.546723,3.354133899998,902110677235878,#FF0000
6.546648,3.3540356,2726461730810921,#FF0000
6.549114,3.3544578999991,3949850025069746,#FF0000
6.5497945999979,3.3542062,881230959144856,#FF0000
6.5489760954515,3.354466676088,4021730677943186,#FF0000
6.5487390999989,3.354604300002,425716275182720,#FF0000
6.5489513000014,3.354566099999,465909841178732,#FF0000
6.549089,3.354513,476458740344640,#FF0000
6.5488270999974,3.3545492,478771046767912,#FF0000
6.5498881999974,3.3541666666667,898056814096831,#FF0000
6.5488034,3.3545826353992,481759299702555,#FF0000
6.5493013999978,3.3544675,4225332504164697,#FF0000
6.5490564,3.354522899998,509146336788941,#FF0000
6.549052600002,3.3544004,515169246505438,#FF0000
6.5771468165174,3.2669802224875,175176071185804,#FF0000
6.5999428,3.2998782999989,128700062553986,#FF0000
6.5652249040282,3.251070190433,311369543826174,#FF0000
6.5650756048453,3.2511213510902,1064511844076804,#FF0000
6.5655930972459,3.2512395295123,215706343401643,#FF0000
6.5999781999978,3.2998790999977,155395459926228,#FF0000
6.5630117509225,3.2505306656826,489861188832485,#FF0000
6.5741571889788,3.256385358645,480131433196580,#FF0000
6.5660707093562,3.2512655890342,525109648503735,#FF0000
6.5672672150391,3.2516932310971,181968080461896,#FF0000
6.5732563803505,3.2552964973607,197164238908280,#FF0000
6.5626411978351,3.2505172866264,140560237999958,#FF0000
6.5734075344827,3.2553253054188,475913010192344,#FF0000
6.5999327651081,3.2999347485595,2911552555787140,#FF0000
6.599949899998,3.2998736,294826702188927,#FF0000
6.5999069000011,3.2999086,303095524648155,#FF0000
6.574555652877,3.2571527861041,2984279451855061,#FF0000
6.575506796063,3.2582253838583,526106981892533,#FF0000
6.599997249725,3.2999390999984,3880288012089071,#FF0000
6.5635955539611,3.2507600470065,1663550967170470,#FF0000
6.5737658992024,3.2558278244267,1387404598308689,#FF0000
6.566712601917,3.2515236579711,585280325774900,#FF0000
6.5737180975872,3.2558869717824,156689073068488,#FF0000
6.562391410412,3.2504609316408,2604158383212475,#FF0000
6.5629759150838,3.2506006900737,583249479732946,#FF0000
6.5657379635954,3.2512620767742,586628725546431,#FF0000
6.5999288,3.299957,508016750336591,#FF0000
6.5999542999981,3.2999365,513717619762436,#FF0000
6.574219599602,3.2564734381094,314732290030653,#FF0000
6.4497310999988,3.449971,184468436864264,#FF0000
6.4497249724972,3.4498948,214960336822044,#FF0000
6.4497249724972,3.4498948,217786759820544,#FF0000
6.4497178000023,3.4498355996433,225736525560150,#FF0000
6.4496592826,3.4498618750242,455851872379128,#FF0000
6.4497310999988,3.449971,468154411148440,#FF0000
6.4496732026144,3.4499112999974,513506599804361,#FF0000
6.4490999256676,3.4024343675224,474462243781355,#FF0000
6.4496732026144,3.4499112999974,530618258319210,#FF0000
6.4496803411103,3.4499997920962,532263091103423,#FF0000
6.4497178000023,3.4498355996433,920119362179187,#FF0000
6.4493928930742,3.4024486482936,471371847461827,#FF0000
6.4996084899237,3.4012962962963,527982878221429,#FF0000
6.451244,3.4491985999977,522701758747876,#FF0000
6.4999682795327,3.4014263762556,502814214258791,#FF0000
6.4501653000012,3.4492508999978,1014800365590850,#FF0000
6.450512700001,3.4492645,135466388528170,#FF0000
6.4504974594186,3.4492669655737,1428946460785717,#FF0000
6.4504047054738,3.4492471987485,166973045353834,#FF0000
6.4506281999979,3.4492716,168495758424882,#FF0000
6.450529900001,3.449255,2006375869511472,#FF0000
6.4504135,3.4492494000024,207685377647747,#FF0000
6.4500668,3.4492346999989,214344700235854,#FF0000
6.4501083239743,3.4492990360653,280909290390351,#FF0000
6.450397700001,3.4492615,294280528843136,#FF0000
6.4518435,3.4491466999991,1208369642922239,#FF0000
6.450397700001,3.4492615,2980369808949538,#FF0000
6.4506281999979,3.4492716,301533704771567,#FF0000
6.450048,3.4492475,745044306170169,#FF0000
6.4502810999989,3.4492562999981,308942974178029,#FF0000
6.4507141647362,3.4492446996012,377708316854786,#FF0000
6.4501828,3.449233,465648974729347,#FF0000
6.4502810999989,3.4492562999981,468337994263018,#FF0000
6.4502981000018,3.4492377999981,474513883784042,#FF0000
6.4505902172006,3.4492788192633,496820305008539,#FF0000
6.4502981000018,3.4492377999981,549609066062448,#FF0000
6.4500668,3.4492346999989,595930771367113,#FF0000
6.4501981310505,3.4492728948126,738839746793586,#FF0000
6.4501828,3.449233,743250596349695,#FF0000
6.450512700001,3.4492645,792373948331809,#FF0000
6.450529900001,3.449255,840192600229194,#FF0000
6.4504135,3.4492494000024,846466689410847,#FF0000
6.4503073810721,3.4492597270057,921305765382356,#FF0000
6.4501653000012,3.4492508999978,937425400347691,#FF0000
6.5003699246689,3.4015261354135,471591607289772,#FF0000
6.5004949999106,3.4016197027826,1380819952272095,#FF0000
6.5003308850341,3.4015197691901,744959186199416,#FF0000
6.5001901633992,3.4014740581649,908114330040900,#FF0000
6.5000038481438,3.4014131759965,1104043200362011,#FF0000
6.500207100002,3.4016907000016,1177844462660673,#FF0000
6.5018395783196,3.4021053963562,1600586043463344,#FF0000
6.5014451986926,3.4019907407407,764815841061466,#FF0000
6.5001465005626,3.4014918235057,136173251864630,#FF0000
6.5019314685238,3.4021436556026,239228884624399,#FF0000
6.5002612739776,3.4015104634691,1596874203855523,#FF0000
6.5021604310621,3.4022017152909,2955762494661370,#FF0000
6.5000200393479,3.401405131308,181503870510027,#FF0000
6.501991075545,3.4021870662522,136003025216233,#FF0000
6.5000351103678,3.4016035353535,1847490932089925,#FF0000
6.50023022606,3.4016761034329,210070950709731,#FF0000
6.5000947218659,3.4014932723394,215021166811929,#FF0000
6.5023730010918,3.4023286514381,460767305011671,#FF0000
6.5019776801283,3.4021827663146,207626380972822,#FF0000
6.5001537461654,3.4014556813859,282341970261389,#FF0000
6.502292294597,3.4024099934091,769427170417364,#FF0000
6.500207100002,3.4016907000016,2860181934310223,#FF0000
6.5000936886223,3.401503722786,295905925407308,#FF0000
6.5015512106029,3.4019651933512,183347783660390,#FF0000
6.5023225832248,3.4023047814755,199278172034851,#FF0000
6.5002646812172,3.4015644592579,3000469900278529,#FF0000
6.5000351103678,3.4016035353535,307101614205950,#FF0000
6.5009541251162,3.4017713449942,763684751006965,#FF0000
6.5001627698665,3.4014718362666,317778276520803,#FF0000
6.5013055,3.4020768999977,537144097668996,#FF0000
6.5008914940818,3.4019154365156,856823655180537,#FF0000
6.5002630735709,3.4015554097855,327219752093418,#FF0000
6.5003213904827,3.4015306618199,851859935404561,#FF0000
6.5001901415799,3.4014732130542,336295991351028,#FF0000
6.5010123716973,3.4019650711925,213023327055893,#FF0000
6.5001859971914,3.4014937565644,338456194285605,#FF0000
6.5016226967054,3.4020567861764,525456872199702,#FF0000
6.5024984597139,3.4023328395183,3835349659896412,#FF0000
6.5001537461654,3.4014556813859,375485240464100,#FF0000
6.5000041340494,3.4014156062771,3914959378557822,#FF0000
6.5009262387387,3.4017980046815,106578208178723,#FF0000
6.5001465005626,3.4014918235057,473668060570234,#FF0000
6.5018175228718,3.4021234362536,156500833097566,#FF0000
6.5000947218659,3.4014932723394,478587080118438,#FF0000
6.5027530781638,3.4024166602289,458063055485357,#FF0000
6.5010964065595,3.401859399391,476852243554473,#FF0000
6.5000056384648,3.4014272109309,487434069266957,#FF0000
6.5012059935125,3.4020390666719,287092483084505,#FF0000
6.5023730010918,3.4023286514381,237840944760454,#FF0000
6.5004293194226,3.4016159468989,303401174750597,#FF0000
6.5003217839502,3.4015562965507,770356367002177,#FF0000
6.5024197815484,3.4023063935351,287210539779832,#FF0000
6.5007599000011,3.401888,784803689095012,#FF0000
6.5012867106004,3.4019276280548,306230874212464,#FF0000
6.5002630735709,3.4015554097855,618062349154480,#FF0000
6.5013055,3.4020768999977,158919042762795,#FF0000
6.50023022606,3.4016761034329,635494474519079,#FF0000
6.501334975736,3.4019091020175,250805976798117,#FF0000
6.5008746538699,3.4016932470643,821030845500122,#FF0000
6.5012797274774,3.4018983090854,2834831593497905,#FF0000
6.5028988584049,3.4025172277933,484039706038865,#FF0000
6.5001742846213,3.4016719795356,850553148867517,#FF0000
6.5013560780144,3.4019416941694,504661914054079,#FF0000
6.5011170359837,3.4018339342643,805326967088404,#FF0000
6.5545059604519,3.2477381982384,514417079714730,#FF0000
6.5550558876668,3.2482482395892,106426138194980,#FF0000
6.5524097646139,3.2432660762463,296973168565275,#FF0000
6.5576208059172,3.2491977585798,141802754538320,#FF0000
6.5551999154929,3.2482158696178,176034957745266,#FF0000
6.5546108091912,3.2478418637827,312293310600114,#FF0000
6.5515125935272,3.2409829870544,160739232578408,#FF0000
6.5546793503012,3.2477678783132,324731179006045,#FF0000
6.5514123855712,3.24079017996,1461616554182996,#FF0000
6.5550255296506,3.2480766609065,451530555946268,#FF0000
6.5547192502605,3.247944815586,454315695634457,#FF0000
6.5549375850935,3.2481483726079,514975922849383,#FF0000
6.5548443519115,3.2479216953723,847879789408931,#FF0000
6.5512387723512,3.2405029447023,1002485033619405,#FF0000
6.5548265892612,3.248048342074,954914701716067,#FF0000
6.555181729453,3.2483391413164,1392649257784229,#FF0000
6.5524751260782,3.2434206452357,906702283496033,#FF0000
6.5555538193274,3.2485907337381,1413819618966461,#FF0000
6.5503469826211,3.239247132365,338443947612503,#FF0000
6.5553758804264,3.248340802907,2893372894270416,#FF0000
6.5557520370629,3.2485643818181,334514584721484,#FF0000
6.5558114142631,3.2487446392358,490938438650548,#FF0000
6.5516489890474,3.2415794808541,319328062881324,#FF0000
6.5555616084763,3.2484545769929,494953695186759,#FF0000
6.552815972,3.2442631964,159091709415120,#FF0000
6.5518168841348,3.2420806870125,185305100155114,#FF0000
6.5553069316885,3.2484289380707,573706266938160,#FF0000
6.5521016161586,3.242492967378,288029519669137,#FF0000
6.5554311417364,3.2485098001954,889893544889895,#FF0000
6.5564873634921,3.2488958388889,1090873954744203,#FF0000
6.5559325178643,3.2486590996008,3520110911422015,#FF0000
6.5563139847236,3.2488324292462,473470807215422,#FF0000
6.5560889315441,3.2488849996645,478420520057565,#FF0000
6.5561217250252,3.2487457353768,825375691436710,#FF0000
6.5564940415325,3.2490417880435,292582032409350,#FF0000
6.556361111651,3.2489922009738,307097377656384,#FF0000
6.5562250424376,3.2489431432329,743349939670809,#FF0000
6.5569940595573,3.2490311603622,149050737232608,#FF0000
6.5515427643477,3.2413255259391,496326204853891,#FF0000
6.5566739963989,3.2489511180979,218262323116744,#FF0000
6.5571594378947,3.2490750141053,2319423704856327,#FF0000
6.5568348016865,3.2489879828373,2746693892236522,#FF0000
6.5574663528876,3.2491610720365,283314630195071,#FF0000
6.5577898752688,3.2492530580645,368707981247732,#FF0000
6.5573139011152,3.249119569145,3717199075074556,#FF0000
6.5544048401335,3.247630536571,744643979491261,#FF0000
6.5573263352922,3.249269217526,3769369379828524,#FF0000
6.5574751703612,3.2493033751526,601719174554452,#FF0000
6.5576263874777,3.249327787341,746557876026987,#FF0000
6.5594521831129,3.2496311480163,788086048733557,#FF0000
6.5585102562627,3.2494850766333,1147049972429161,#FF0000
6.5504200394117,3.2391978276471,3770425506389248,#FF0000
6.5580767844622,3.2493176416335,175202127838772,#FF0000
6.5582283811623,3.249355208016,2112272798914744,#FF0000
6.5500283375665,3.2388514911679,3719675928138415,#FF0000
6.5579005424761,3.2493883819333,215083683483854,#FF0000
6.5537031062696,3.2466815543655,398586734463547,#FF0000
6.5579266647059,3.249282717647,374894880516958,#FF0000
6.5583827915408,3.249391202417,491532402191158,#FF0000
6.5588971525074,3.2494941637168,515999389418066,#FF0000
6.559073974676,3.2495342311067,814130982814745,#FF0000
6.5585594396632,3.2494268302152,829557067997098,#FF0000
6.558728210303,3.2494661573737,947615042658076,#FF0000
6.5523899197581,3.2432033032258,240765717839355,#FF0000
6.5517503771084,3.2416580849398,517624062749851,#FF0000
6.5589590347676,3.2496207614018,1815028672000377,#FF0000
6.5588097338301,3.2495734834637,315692579959580,#FF0000
6.552304628263,3.2429975193327,172774118069628,#FF0000
6.559117409513,3.2496650124604,527508495077520,#FF0000
6.5594424515361,3.2497490680328,1416613458699023,#FF0000
6.5523505881526,3.2431130104418,1199179420601596,#FF0000
6.5592820840948,3.2497084308894,2950481491903538,#FF0000
6.5592613956159,3.249581888309,325312732309502,#FF0000
6.5596558222004,3.249677748723,343432240451579,#FF0000
6.5598612568667,3.2497319763988,1710506032490783,#FF0000
6.5605200706322,3.2499970526418,224929315636576,#FF0000
6.5523875554047,3.2434165281181,2920848734843107,#FF0000
6.5600624958374,3.2497898375605,230605402160827,#FF0000
6.5602438646445,3.2499483964352,283135510197174,#FF0000
6.5603922960159,3.2498761454183,284541226446966,#FF0000
6.5603394808583,3.2499688657647,318482246342268,#FF0000
6.5601459369806,3.2499328185354,328458272227196,#FF0000
6.560430350189,3.2499792006799,729074867762405,#FF0000
6.5893495141174,3.2453435127981,1594333294644387,#FF0000
6.5601945071572,3.2498269847782,934629353937809,#FF0000
6.5893479492574,3.2453650074751,1037066237582609,#FF0000
6.5893798486084,3.2453287109696,1390746878318302,#FF0000
6.5521209861477,3.2425416395349,496097304915308,#FF0000
6.5893610392712,3.2453455102901,1879784302418261,#FF0000
6.5893798486084,3.2453287109696,2472513839619291,#FF0000
6.5893530928484,3.2453428624769,288835920352811,#FF0000
6.5524438319361,3.2433575608783,3012977598933449,#FF0000
6.589345425727,3.2453657648546,289036686999148,#FF0000
6.5509336418398,3.2399765198813,304705951144888,#FF0000
6.5893545311003,3.2453539820214,323075900554602,#FF0000
6.5893532821777,3.2453553413552,6619014658202442,#FF0000
6.589364708005,3.2453450728061,682415487350667,#FF0000
6.5893524617448,3.2453465677657,739140341436996,#FF0000
6.4497662000019,3.450449799998,1010162866180771,#FF0000
6.4497458000026,3.4501744,140300758081013,#FF0000
6.4474288,3.4539014,249061457000942,#FF0000
6.4497253000923,3.4504258999977,181147803775159,#FF0000
6.4498277620297,3.4516640612103,295214422100996,#FF0000
6.4497954,3.4507958000021,305585407835399,#FF0000
6.4497203714962,3.4503262952821,201672211638433,#FF0000
6.4497662000019,3.450449799998,221570079367390,#FF0000
6.4496856999987,3.4500124,2561306824177651,#FF0000
6.4497539000021,3.4503024,315406249937449,#FF0000
6.4496983000027,3.4501317999981,3484322255002666,#FF0000
6.4497253000923,3.4504258999977,374697520592730,#FF0000
6.4497539000021,3.4503024,4218137218251768,#FF0000
6.4496935006031,3.4502121038367,4405430329467216,#FF0000
6.4476709000014,3.4539336999987,146877584119060,#FF0000
6.4496856999987,3.4500124,472991467357922,#FF0000
6.4497458000026,3.4501744,527575078262571,#FF0000
6.4497403000015,3.4500652,564071287896089,#FF0000
6.4479201999981,3.4542357999979,790806048461944,#FF0000
6.4476344,3.4539220999973,501266930922359,#FF0000
6.4497262764418,3.4504618859572,781415996077783,#FF0000
6.4478741999974,3.4540811965812,1411614149198628,#FF0000
6.4497403000015,3.4500652,842135979848111,#FF0000
6.4479437000025,3.4541957000009,921878815052660,#FF0000
6.4499452211622,3.4527783777722,748037049221137,#FF0000
6.4496983000027,3.4501317999981,847853245801683,#FF0000
6.4496898070292,3.4500972254592,958701421551471,#FF0000
6.4497727803985,3.4509452492736,1106462883175150,#FF0000
6.4497756,3.4509686999986,1660491777491426,#FF0000
6.4478868,3.4541013999974,143158447791734,#FF0000
6.4497601010101,3.4507816,220520266171218,#FF0000
6.4478868,3.4541013999974,114444217369656,#FF0000
6.447831,3.4540178999988,1498265803884650,#FF0000
6.4497954,3.4507958000021,2230863197045070,#FF0000
6.4497622737105,3.4507696671592,2658529481103829,#FF0000
6.4497797999981,3.4506162999981,2814925845420917,#FF0000
6.4497416,3.4505986999981,301657114861891,#FF0000
6.4461138613861,3.4540632999982,1934299386727814,#FF0000
6.4478878999991,3.4541189000019,141895234525612,#FF0000
6.4497601010101,3.4507816,301882004988600,#FF0000
6.4477356,3.4539345,1134541377059321,#FF0000
6.4497797999981,3.4506162999981,311611523825209,#FF0000
6.449807101086,3.450979900001,4006148536108121,#FF0000
6.4497756,3.4509686999986,4389392521113148,#FF0000
6.4497469549554,3.4506013603698,521952369166756,#FF0000
6.4497416,3.4505986999981,755151421824016,#FF0000
6.449807101086,3.450979900001,964506134310368,#FF0000
6.449819,3.451166,319619009677609,#FF0000
6.4498447000014,3.4515408,795295984440740,#FF0000
6.4498447000014,3.4515408,320372422769324,#FF0000
6.447454,3.4539648,3022975781360461,#FF0000
6.449831,3.4513542132737,379646543331697,#FF0000
6.4498295,3.4515435,471584874101112,#FF0000
6.4497928,3.4511602,476334943587319,#FF0000
6.449831,3.4513542132737,513077120074918,#FF0000
6.4478057000025,3.453992299999,3911098705640892,#FF0000
6.449819,3.451166,515839106452702,#FF0000
6.4474841000023,3.4538965000599,534146807970265,#FF0000
6.4477104,3.4539276999976,770623180483792,#FF0000
6.4464425,3.4540137000025,236646681591881,#FF0000
6.4498062837741,3.4513130290501,528861024791277,#FF0000
6.4498295,3.4515435,595419535194588,#FF0000
6.4498122097878,3.4514907020139,894185924479969,#FF0000
6.4497936352516,3.451122469252,951939558957663,#FF0000
6.4497928,3.4511602,992472698226510,#FF0000
6.4498772857694,3.4520254761363,1200512983731711,#FF0000
6.4498689000025,3.4519231000017,131275979040724,#FF0000
6.449912,3.4522957999976,1364092563984102,#FF0000
6.4474955,3.4538693000011,854258712109434,#FF0000
6.4498492,3.451734,932185957348542,#FF0000
6.4499034816618,3.4522124270575,1372290679810232,#FF0000
6.4474056,3.4539753999976,161830312610855,#FF0000
6.4498689000025,3.4519231000017,169549064976813,#FF0000
6.4463518000019,3.4540710999977,221905279327691,#FF0000
6.4498622000025,3.4517288999975,173466734677692,#FF0000
6.4498951000022,3.452105,213423473682987,#FF0000
6.4498622000025,3.4517288999975,220941356130882,#FF0000
6.4476418999991,3.4538990999976,3976936072396706,#FF0000
6.449912,3.4522957999976,2755313924779517,#FF0000
6.4498951000022,3.452105,278398453980346,#FF0000
6.449888,3.4521141000018,304360084581981,#FF0000
6.4475228,3.4538984,222072982651028,#FF0000
6.4498492,3.451734,312188540295138,#FF0000
6.4477833333333,3.4539527777778,859766181277535,#FF0000
6.4498549202787,3.4518332736267,338987180908031,#FF0000
6.4477104,3.4539276999976,505205030669911,#FF0000
6.449905700002,3.4523044,3743126662481252,#FF0000
6.4475166666667,3.4539,319790849537786,#FF0000
6.5975453554809,3.4994392308065,1099301203914271,#FF0000
6.5975291995624,3.4996852177882,753098358685487,#FF0000
6.5975411475084,3.4994374223126,1120003788410607,#FF0000
6.597791530629,3.4990919983701,1192464247853876,#FF0000
6.5977272727273,3.4991093195451,1368348586897026,#FF0000
6.5976021588014,3.4995015928365,1492378537821144,#FF0000
6.5976420435923,3.4993639232135,150003280421442,#FF0000
6.5977262569915,3.4991143544048,150590777028934,#FF0000
6.5980767686024,3.4980430327869,299052791799231,#FF0000
6.5973890735332,3.4998937570726,1767975043374991,#FF0000
6.5976969554042,3.4991912000667,177216524294356,#FF0000
6.597877672956,3.4988667546956,269875738154267,#FF0000
6.5980626708879,3.4981112258953,515666069467398,#FF0000
6.5977620473339,3.4991815509349,2010656502426503,#FF0000
6.5975,3.4993687753853,201593298313396,#FF0000
6.5977290250785,3.4992506898455,214987687102136,#FF0000
6.5979287899648,3.4987168513446,291317535953317,#FF0000
6.5974211437715,3.4997934200205,3495650120535693,#FF0000
6.5975752908197,3.4993102786938,216202806681468,#FF0000
6.5975793063774,3.4991829241858,217092039902931,#FF0000
6.5980876847032,3.4979139111805,801754217112374,#FF0000
6.5975612793474,3.4993744423391,222170369312108,#FF0000
6.597678652968,3.4994205824045,236649228258423,#FF0000
6.5975868055556,3.4995332545577,255312376334386,#FF0000
6.5977574768646,3.4990290687232,373703977352058,#FF0000
6.5977951515152,3.4991090359353,263304688816747,#FF0000
6.5975658300485,3.4995847105459,280436473788101,#FF0000
6.5976489855964,3.4991439941296,2837097003207014,#FF0000
6.5977315682412,3.499252865171,2910711839187836,#FF0000
6.597759226694,3.4991704325647,298927935189317,#FF0000
6.5976090943146,3.4992468168826,3045730208988850,#FF0000
6.5975567980121,3.4996524528155,317385466437823,#FF0000
6.5976178276605,3.4990832891891,320318842939813,#FF0000
6.5977068935331,3.4993363471802,350898103412876,#FF0000
6.597511080435,3.4995188523376,374519937251153,#FF0000
6.5976984126984,3.4991966714674,3888399757896121,#FF0000
6.5976493768231,3.4993489149341,3892559424184734,#FF0000
6.5976741323039,3.4992752927136,3997621440332387,#FF0000
6.5975940437442,3.499645479765,4472474249452110,#FF0000
6.5976237940253,3.4995731059399,462746108132199,#FF0000
6.597502750275,3.4995619326031,475316197068597,#FF0000
6.5976338749817,3.4994555704398,479173053292890,#FF0000
6.5975587750626,3.499610480736,486601585923208,#FF0000
6.5975340346911,3.4996466097013,495696008288182,#FF0000
6.5976499185561,3.4994984632859,515080976333837,#FF0000
6.5975255755564,3.499501162152,526061765429014,#FF0000
6.5976143901544,3.4994506289658,554245462233116,#FF0000
6.5975785630313,3.4995790347963,574191403559137,#FF0000
6.5976591379218,3.4989831251907,1454612024874066,#FF0000
6.5976656653747,3.4993878818483,5967126713329926,#FF0000
6.5975982597592,3.4995187398349,671164730331916,#FF0000
6.5976685148222,3.499275924861,749796412350574,#FF0000
6.5976975179442,3.4993190154956,804174197172359,#FF0000
6.5975412692397,3.4992765346111,824006804891170,#FF0000
6.5975049989476,3.4997017922777,928649694372733,#FF0000
6.5975729148066,3.4993457106707,947135212787779,#FF0000
6.5976244651295,3.4994248794556,951537068949245,#FF0000
6.5979922669677,3.4985634976096,1116688228807754,#FF0000
6.5979639903918,3.4984472805275,4127229017356645,#FF0000
6.5979492680327,3.4984828645763,160423682754700,#FF0000
6.5978948758501,3.4988518518519,167451561959545,#FF0000
6.5970308437511,3.4999350484377,209430364120494,#FF0000
6.5977904705553,3.4986639329806,1928823420603671,#FF0000
6.5977572992895,3.4990284757119,1989049744582548,#FF0000
6.5980265302821,3.4984619461642,201759638299247,#FF0000
6.5979029751151,3.498791207151,214129343585780,#FF0000
6.5977805280528,3.4988201969294,2148421825309019,#FF0000
6.5979823907598,3.4985630125397,220737889476117,#FF0000
6.5973808520689,3.4999175541356,1007976476405417,#FF0000
6.5980126039845,3.4984819876686,221892469329023,#FF0000
6.5980065627031,3.4983166412751,810170072953090,#FF0000
6.5979228560622,3.4984518569383,226425115918738,#FF0000
6.5978601941313,3.4987130447113,237054594844364,#FF0000
6.5980528052805,3.498051405242,975907769616039,#FF0000
6.5978547790368,3.4987480859255,2460796710732377,#FF0000
6.5978739705161,3.4985789733209,282863570205974,#FF0000
6.5973976608187,3.4998414153837,2825517641095677,#FF0000
6.5977358385144,3.4989323456963,2911318532519087,#FF0000
6.5978900957984,3.4986513061651,3936012943178969,#FF0000
6.5977893590811,3.49893912694,2930243993910315,#FF0000
6.5979586033387,3.4986617013936,2939354039668627,#FF0000
6.5976993445924,3.4988805943526,298647221850399,#FF0000
6.5973624031008,3.4997295104824,312747500217371,#FF0000
6.5978253824704,3.4987027983389,303309024783743,#FF0000
6.5979543740298,3.4986415311282,305930967758231,#FF0000
6.6045926398905,3.4945111159865,1145949862566414,#FF0000
6.6045841259389,3.4945659094506,319429332919660,#FF0000
6.6038131041432,3.4949031483311,904621556767265,#FF0000
6.6044668575655,3.4945457434965,135394131864904,#FF0000
6.6044444444444,3.4945996144712,191575339485616,#FF0000
6.6047258033613,3.4946150635188,1656811064504862,#FF0000
6.603305351401,3.495306955826,926011044909170,#FF0000
6.6032279526433,3.4951579634741,123360406443523,#FF0000
6.6054106934848,3.4951313235204,767294310823626,#FF0000
6.6030697867862,3.4951936795762,133010175530890,#FF0000
6.6031146466341,3.4952029491385,133946268780153,#FF0000
6.6042729945465,3.4940650500981,528772201467389,#FF0000
6.6033985594706,3.4951173369364,137744598292885,#FF0000
6.6022312931517,3.4946040357178,167924335153411,#FF0000
6.6022831021054,3.4946292556634,294119018869608,#FF0000
6.6034735836308,3.4950571037359,1427780487586852,#FF0000
6.6034547361589,3.4950091172583,153311853420644,#FF0000
6.604976724447,3.4948293172691,311043700596591,#FF0000
6.6034984878556,3.494985380117,1703698619822085,#FF0000
6.6040667065937,3.494762946924,2800095830212353,#FF0000
6.6034376580002,3.4950914493156,1732375783618569,#FF0000
6.6031342237832,3.4951816686024,177487630934253,#FF0000
6.6036271330099,3.4949401641548,454715515827795,#FF0000
6.603341655055,3.4951447962071,1906462882850833,#FF0000
6.6031588478264,3.4951825972894,200987428507381,#FF0000
6.6036582853071,3.4949641577061,464796154616339,#FF0000
6.6033619262697,3.495148707896,968012440612372,#FF0000
6.6034034299371,3.495074424218,212484283770664,#FF0000
6.6031665528233,3.4951303552065,215411390105599,#FF0000
6.6036452227373,3.4949323543623,266170221920382,#FF0000
6.6035313009788,3.4950453289424,741740326466200,#FF0000
6.6030208799403,3.495190039657,220072362889562,#FF0000
6.6033017909996,3.4950943449555,2214019248734319,#FF0000
6.6033579386123,3.4950891935935,228453955748499,#FF0000
6.6037329320514,3.4949292832283,783711509015386,#FF0000
6.6033619262697,3.495148707896,2578612102438642,#FF0000
6.6034123211179,3.495029164864,273278894482979,#FF0000
6.6032684674877,3.4950349493133,273738321166914,#FF0000
6.6046776370432,3.4945744932267,758913368159850,#FF0000
6.6050671408785,3.4949487377523,1037774523293065,#FF0000
6.603464591881,3.4950812451997,2776650699313430,#FF0000
6.6032135675086,3.4951206203774,281948740329981,#FF0000
6.6048692428839,3.4946887457563,304999511035737,#FF0000
6.6039669979825,3.494851713674,471528937292565,#FF0000
6.6030242546829,3.4951815181518,2941336819445752,#FF0000
6.6035057633077,3.4949898722132,2969302146727199,#FF0000
6.6033333333333,3.4950486926538,312479500401395,#FF0000
6.6044668251662,3.4943920281494,544625920042084,#FF0000
6.6031959246363,3.4950980831865,336467637879453,#FF0000
6.6034533797086,3.4950090339101,3921523467940056,#FF0000
6.603067210229,3.4952151028512,4093124297414912,#FF0000
6.6032702437513,3.495098930751,463934578027619,#FF0000
6.6030926355499,3.4951473372192,474419617149779,#FF0000
6.6033052120652,3.4951343770767,493694375309440,#FF0000
6.6029923978077,3.4951923781721,509622706964421,#FF0000
6.6031210381259,3.4951412345447,512265223129099,#FF0000
6.6050272418009,3.4948519209455,4101742636538155,#FF0000
6.6030555555556,3.4951153348784,514263669752731,#FF0000
6.6030286851805,3.4950777278822,533965960934877,#FF0000
6.6043277951881,3.4941694169417,1568902889980007,#FF0000
6.6049275603037,3.4947864191193,2972739583015157,#FF0000
6.6030203015424,3.4951305666205,586218118920851,#FF0000
6.6049405612509,3.4947748598295,229945092235048,#FF0000
6.603043826255,3.4951545837859,786018755640676,#FF0000
6.6032604012871,3.4950696220517,816715345892919,#FF0000
6.6037929588746,3.4948755394495,182781207044961,#FF0000
6.6032241601539,3.4951728672278,826503538266888,#FF0000
6.6033860274954,3.4951141182234,840077300280081,#FF0000
6.603137970397,3.4951241503173,845764022706174,#FF0000
6.6033619262697,3.495148707896,861725677813663,#FF0000
6.6054715000121,3.4953839749708,1201470246972536,#FF0000
6.604855946584,3.494891860709,748780322484939,#FF0000
6.6032725014032,3.4951671169564,869677146917922,#FF0000
6.6030116875713,3.495144188505,886525688870796,#FF0000
6.6053030555556,3.4951628138613,249255243619465,#FF0000
6.6034126205656,3.4950266974714,944412289724420,#FF0000
6.604484186747,3.494318010006,3824085241046096,#FF0000
6.6052516878475,3.4951626984127,176958734311421,#FF0000
6.6023083035676,3.4946685372014,1032250964271356,#FF0000
6.6023279950472,3.4946720505209,135554305186703,#FF0000
6.6023676629991,3.4946847323601,138359101557311,#FF0000
6.6022944756892,3.4947617999097,169742488387807,#FF0000
6.6023180742776,3.494711581667,214051580263415,#FF0000
6.6044890260631,3.4945539795001,3755384037922467,#FF0000
6.6022871401233,3.4946777234004,4047452911969839,#FF0000
6.6023023726279,3.4947114596146,794810504742438,#FF0000
6.6038185545536,3.4949232168428,457013378727428,#FF0000
6.5935042562724,3.400526023419,1030510594021906,#FF0000
6.5931007607926,3.4004382409344,1245821379208824,#FF0000
6.5930150147057,3.400440779157,135003865340033,#FF0000
6.5932560152083,3.4004266150427,1382614858791234,#FF0000
6.5933003041536,3.4004173646008,1399366793760133,#FF0000
6.5934486650068,3.4005166892197,148791327256109,#FF0000
6.5937314144645,3.4004876266717,135562488606682,#FF0000
6.5931987436615,3.400503000033,160738852721212,#FF0000
6.5931170197368,3.4004263789181,164799058812197,#FF0000
6.5932855874465,3.4004812805786,175128987855004,#FF0000
6.5933775447255,3.4005076328691,248807473687488,#FF0000
6.5932601212699,3.4005008103629,2024128321058878,#FF0000
6.5929240712124,3.4004365665518,209322730784727,#FF0000
6.593352291006,3.4004137675034,293261399115526,#FF0000
6.5929110075985,3.4004851915427,212170263793296,#FF0000
6.593072736674,3.4004905740861,2147307465576368,#FF0000
6.5929839922016,3.400465676722,230999475462986,#FF0000
6.5932385033733,3.400422967881,278640580605809,#FF0000
6.5940513923582,3.4006178623036,4015499031872093,#FF0000
6.5929166666667,3.4004403580616,280662907063434,#FF0000
6.5929654938538,3.4004373355975,284087370054822,#FF0000
6.5940099274078,3.400646707584,504364160978529,#FF0000
6.5929016650449,3.4004716127163,2865947426952012,#FF0000
6.593468474392,3.4004203843743,303068281438705,#FF0000
6.5933133549792,3.400507012838,304530341228414,#FF0000
6.5934866205831,3.4004387002463,376917066966382,#FF0000
6.593436131666,3.4004765530877,377994586822313,#FF0000
6.5933119326326,3.4004284240252,3892466747473678,#FF0000
6.5930200165009,3.4004877671958,454253805669965,#FF0000
6.5930687751999,3.4004305246837,454823872483214,#FF0000
6.5917095566513,3.4004090115722,136202505205671,#FF0000
6.5928521511911,3.4004315051686,465444471427971,#FF0000
6.593118438022,3.4004931753173,469654894365235,#FF0000
6.5934973102212,3.4004838896926,470734044180512,#FF0000
6.5931734087109,3.40043053313,4726706420691294,#FF0000
6.5934123968656,3.4004119555868,478467833465391,#FF0000
6.5929651353376,3.4004874411902,894550891092581,#FF0000
6.5931951423786,3.4004244009861,481877523080793,#FF0000
6.5924109708434,3.4000452570662,740999453246764,#FF0000
6.5928564391957,3.4004811000747,528016035242873,#FF0000
6.5933705931709,3.4004214483453,755959288447762,#FF0000
6.5932151661196,3.4004824770893,773942599972501,#FF0000
6.5930177706501,3.4004346016251,788551305105121,#FF0000
6.5930681430438,3.4004716729441,825436414716502,#FF0000
6.5933888888889,3.4004762491782,828557867782773,#FF0000
6.5931481481481,3.4004803309443,851069599142021,#FF0000
6.5934345831735,3.4004236679396,858064131456412,#FF0000
6.5924773701485,3.4003606023606,294167888915358,#FF0000
6.5933424027766,3.4004787719925,948683612608279,#FF0000
6.5924207003278,3.4000925925926,1055956708141497,#FF0000
6.5924952877607,3.400404599987,111863577635520,#FF0000
6.5943983045898,3.4006767521522,338049854327390,#FF0000
6.5927777777778,3.4004488261629,1121990424969274,#FF0000
6.5927256380349,3.4004349328238,1139899766523096,#FF0000
6.5924042449005,3.4003685964326,376488330340258,#FF0000
6.5923486664984,3.4001635474913,1186900755080674,#FF0000
6.5925341406231,3.400444928735,1256800144749300,#FF0000
6.5924453283741,3.4001030405766,1349241268792382,#FF0000
6.5928245732689,3.4004462420167,1410747519281622,#FF0000
6.5924490956685,3.4002147394488,141863201257164,#FF0000
6.5922110378568,3.4004799220039,166380595412296,#FF0000
6.5923690591659,3.4001664829908,176462931040291,#FF0000
6.5940154104171,3.4005555555556,2708189036138155,#FF0000
6.5923448299816,3.4001058903112,178706317367455,#FF0000
6.5939015360428,3.4005894415534,165076812285958,#FF0000
6.5924373311581,3.4000554300535,182472527101553,#FF0000
6.5941393914697,3.4005879720256,3591173970989041,#FF0000
6.5924295116296,3.4000061661106,2001931239945456,#FF0000
6.592428972053,3.4004304750771,220556892825449,#FF0000
6.5925929054054,3.4004744208494,235336268391412,#FF0000
6.592357261727,3.400223418115,246861580565591,#FF0000
6.5927562190031,3.4004793834377,2547562742034292,#FF0000
6.5928054631776,3.4004781387446,262129565644993,#FF0000
6.592444683865,3.4001546168384,280890870398146,#FF0000
6.5916608318825,3.4004413785982,309095244063375,#FF0000
6.5946304134936,3.4006496440792,2900799383509935,#FF0000
6.5924604580373,3.4003133225652,294463769022463,#FF0000
6.5935859935569,3.4005106548621,329626781839828,#FF0000
6.5924535411405,3.4002664491355,2964544780448060,#FF0000
6.5925959014145,3.4004380804468,298747111779772,#FF0000
6.4500528,3.4538245,4187850904592602,#FF0000
6.4500202457677,3.4535145072186,300281884900418,#FF0000
6.4502073137884,3.4556684137391,313489897029450,#FF0000
6.4501106999991,3.4569606999987,2837350863197965,#FF0000
6.4500164117212,3.4569961567679,162244819236072,#FF0000
6.450097699999,3.4544216,485583079330754,#FF0000
6.4571694444444,3.4706277777778,1172279473234441,#FF0000
6.4564361111111,3.4702944444444,312936860200904,#FF0000
6.450234900002,3.4559859000014,1114930122325050,#FF0000
6.4501976,3.456582600002,368639831257264,#FF0000
6.455975,3.4701916666667,557731148567117,#FF0000
6.4501116996891,3.4566650422347,219811632910058,#FF0000
6.4567083333333,3.4703916666667,170217121578010,#FF0000
6.4570416666667,3.4705583333333,804637336825309,#FF0000
6.4501898,3.4552074000025,175665624456516,#FF0000
6.457225,3.4705861111111,816788215914474,#FF0000
6.4571833333333,3.4705611111111,285983413246928,#FF0000
6.450254,3.4561899000014,1139687679884552,#FF0000
6.450242,3.455406199998,319179439788066,#FF0000
6.4501668999973,3.4565646999981,1189063471519154,#FF0000
6.4572111111111,3.47065,477650686870395,#FF0000
6.4500231302371,3.4538667704245,194372479076654,#FF0000
6.4501274018169,3.4545894672668,238980594646728,#FF0000
6.4502066742346,3.455842554805,539563167037899,#FF0000
6.4567472222222,3.4704111111111,1146023822559432,#FF0000
6.4502139000016,3.4554060005505,791724915097329,#FF0000
6.4501565999973,3.4548080999972,1379124345802804,#FF0000
6.5946529562982,3.5888664545155,1110206262818530,#FF0000
6.5948371834655,3.5888693061372,114961873974959,#FF0000
6.5972374960483,3.5885525792382,176857544335058,#FF0000
6.5963378919392,3.5886818806439,275217204333591,#FF0000
6.5967579097775,3.5886290488356,2958037001186751,#FF0000
6.5925833043074,3.5885745407144,459266815373037,#FF0000
6.5830139963397,3.5935584020742,536156354046749,#FF0000
6.5945621516049,3.5888632969987,1362912247420818,#FF0000
6.59456143899,3.588851742738,223442959584056,#FF0000
6.5947458930474,3.5888691182827,557332005248648,#FF0000
6.5890270798437,3.5876610257004,4315463831811761,#FF0000
6.5820565109613,3.5908305830583,319908259524575,#FF0000
6.5933051858715,3.588665055026,1210684412681284,#FF0000
6.5934715242881,3.5887347345546,135434091863335,#FF0000
6.582202456638,3.5916456865044,561933518271388,#FF0000
6.5935133732896,3.5887273469587,152729453478669,#FF0000
6.5849101526966,3.5871422645457,136484195182542,#FF0000
6.5933773374215,3.5887212008026,162143452423116,#FF0000
6.5865291936188,3.5868884026084,180957543897040,#FF0000
6.5828492210751,3.5931358296486,1334616993605750,#FF0000
6.5822159136529,3.5914847031011,3741547469306845,#FF0000
6.5821743441555,3.5910728516627,298722671721387,#FF0000
6.5822189599243,3.5913019040594,1152381235276022,#FF0000
6.5933023621249,3.5887217945229,1647385688765405,#FF0000
6.5929067239149,3.588630968499,264648145403245,#FF0000
6.5929871113944,3.5886083608361,266451911840472,#FF0000
6.5866511237992,3.5869488671544,273323524517619,#FF0000
6.5929847708772,3.588653459632,274432537707051,#FF0000
6.5821372911658,3.5912926938122,513163110046158,#FF0000
6.5832062487442,3.5938489427489,761733707831429,#FF0000
6.5892966191879,3.5877172512527,2809219952629284,#FF0000
6.5841695855225,3.5874348152195,224408469044589,#FF0000
6.5934076328421,3.5886853826647,282784760201126,#FF0000
6.5932009048728,3.5886459944234,2919084465085978,#FF0000
6.5828728105911,3.5931098906669,300759331671321,#FF0000
6.5947256354192,3.588835556173,375397163799037,#FF0000
6.5836663113268,3.5875734543599,497550601392192,#FF0000
6.5820969241583,3.5909696969697,741327069871876,#FF0000
6.5935086239631,3.5887101462385,2936319016638826,#FF0000
6.5945462746573,3.5888292934429,211643303867191,#FF0000
6.5928923646594,3.5886034443063,311924357174418,#FF0000
6.5839617348561,3.587502750275,3888521497931168,#FF0000
6.5920293347302,3.5884083092921,230342218854105,#FF0000
6.5909605220913,3.5882089302828,427521455001346,#FF0000
6.5970301527724,3.5886111111111,659864374861385,#FF0000
6.593094966054,3.5886277993374,3251454961623467,#FF0000
6.5820742741079,3.5909097999889,150809183612361,#FF0000
6.593281415813,3.5887052879203,3638444306261147,#FF0000
6.5925073943326,3.5885360506307,167400581979004,#FF0000
6.582181601215,3.5911072063576,316166786615882,#FF0000
6.5928778899707,3.5885925113637,378731260093934,#FF0000
6.5886166059112,3.5875188978007,947194479373773,#FF0000
6.5907468132569,3.5881983908559,859597617925020,#FF0000
6.5917333686213,3.5883679265348,1700924530097987,#FF0000
6.5932065877098,3.5887021377223,3926976317371286,#FF0000
6.5931075571947,3.5886773348245,467299221229345,#FF0000
6.5872495046703,3.5871363873322,451725679401816,#FF0000
6.5934867389004,3.5887518474865,471142137511670,#FF0000
6.5911388047726,3.5882575517533,918756478709398,#FF0000
6.5847268412253,3.5871989793872,1845808722265331,#FF0000
6.5931814923031,3.5886884443301,498898191263382,#FF0000
6.5903857558296,3.5880483883556,768771680489197,#FF0000
6.5970631889383,3.5886306537549,912385602655970,#FF0000
6.5888980535551,3.5876462148355,3011671522446857,#FF0000
6.5829354827306,3.5933136256208,4317201184999211,#FF0000
6.5978573652627,3.5884900016062,4425491770815818,#FF0000
6.5854597587916,3.5868711394159,168351815109692,#FF0000
6.5877828716221,3.5872769476238,476483716743832,#FF0000
6.5931037876774,3.58863866338,503750797433457,#FF0000
6.5858551691455,3.5868071414072,141797367929889,#FF0000
6.5927699440771,3.5885740740741,225658318898793,#FF0000
6.5881962186067,3.5874168761238,321172169395407,#FF0000
6.5821851851852,3.5911410815141,467975450970744,#FF0000
6.5954682539683,3.5888285459809,469162624390860,#FF0000
6.5967079895852,3.5886532302164,502517667850522,#FF0000
6.5929984496006,3.5886211683288,518710772483878,#FF0000
6.5829073761908,3.5932433642249,529551504714138,#FF0000
6.5974816707078,3.5885464627727,795735248042261,#FF0000
6.5923526139476,3.5884989924023,455811858853817,#FF0000
6.5932074482444,3.5886553787341,529137844794051,#FF0000
6.5855101919125,3.5869132273181,509954373387116,#FF0000
6.5933955670449,3.5887383669886,796405651262152,#FF0000
6.5930069178744,3.5886550494594,798163747493020,#FF0000
6.5921426275689,3.5884554179093,936936487069578,#FF0000
6.5959404635878,3.5887364629458,368230121297379,#FF0000
6.5933106969239,3.588674934432,810209619634258,#FF0000
6.5928073597638,3.5886083608361,834496744112712,#FF0000
6.5945713466391,3.5888497774144,918959235567962,#FF0000
6.5893767669726,3.5877401727833,435929890711522,#FF0000
6.584406897499,3.5872583016787,500109041426273,#FF0000
6.593412923124,3.5886989711463,869061383704535,#FF0000
6.5930828948481,3.5886720587475,980508166120976,#FF0000
6.5924069530321,3.5885111598221,135840461873206,#FF0000
6.5914240301243,3.5882765754744,867918003792611,#FF0000
6.5964470903562,3.5887130575291,3057984544326435,#FF0000
6.5922466438797,3.5884747811074,136777898489242,#FF0000
6.5946359182823,3.5888333333333,504916303879231,#FF0000
6.5942867321509,3.5888387517867,529037728128255,#FF0000
6.5923429161569,3.5884758865888,143944937711446,#FF0000
6.5840176875998,3.5874789184484,1604153153307443,#FF0000
6.5924851572092,3.5885475102593,279678883855525,#FF0000
6.5947411014911,3.5888470019612,1380551838988885,#FF0000
6.5830252823174,3.5934681494259,2597860637184993,#FF0000
6.5981542793008,3.5884442656175,190867752885227,#FF0000
6.5853072295952,3.586922536299,303418481389153,#FF0000
6.5922839506173,3.5884995400347,344026680447166,#FF0000
6.5927083333333,3.5885830133505,2940409652948676,#FF0000
6.5926620917138,3.5885513743231,297111831954117,#FF0000
6.585890104981,3.5868376418386,961588221257638,#FF0000
6.5829693395227,3.5934875138364,285235276636105,#FF0000
6.592458481064,3.5885225144162,307391507447815,#FF0000
6.5968594716076,3.5886253956509,461916768441954,#FF0000
6.584288255647,3.5873210583172,243587314215464,#FF0000
6.5981914006007,3.5884616768728,757940721559618,#FF0000
6.5899210902488,3.587944833139,2951802951722373,#FF0000
6.592674001168,3.5885665144718,3093641514200682,#FF0000
6.5927833790351,3.588584285836,369406131175795,#FF0000
6.5884333527075,3.5874817900484,194792549157714,#FF0000
6.5880517382995,3.5873565761285,900345373876091,#FF0000
6.5926083164476,3.5885614068602,3819719348082331,#FF0000
6.592565534469,3.5885463761488,396664848018572,#FF0000
6.5847913610305,3.5871575712344,142854971191611,#FF0000
6.5886146436331,3.5875585623679,297879665247140,#FF0000
6.5904974947409,3.5880781022355,830284557593812,#FF0000
6.5925574752521,3.5885269921131,4477972485580316,#FF0000
6.5923071024275,3.5884906418782,462942835006282,#FF0000
6.5922393497071,3.5884534411853,466436731284904,#FF0000
6.5640336959689,3.5995950141208,801695293805711,#FF0000
6.5956453270836,3.5888107082169,1199760760495327,#FF0000
6.5911140757927,3.5882634321757,2946149305656955,#FF0000
6.5840646720191,3.5873953885708,273887337751581,#FF0000
6.5940615197703,3.5888415422138,324104882562826,#FF0000
6.5923837818317,3.5885212418301,485248419587304,#FF0000
6.5899242424242,3.5878839516975,1692802930926674,#FF0000
6.5857814438242,3.5868144790949,4013818442018433,#FF0000
6.5926819036395,3.5885983739093,489975025461597,#FF0000
6.5822194719472,3.5915296831127,792433325043764,#FF0000
6.5864050012339,3.5868644456927,384500216080484,#FF0000
6.5927833393018,3.5886165977727,808228496721985,#FF0000
6.5944706933929,3.5888575349089,908210676700266,#FF0000
6.596035435973,3.5887243760417,949917619189238,#FF0000
6.594455770281,3.5888242960148,135928951894519,#FF0000
6.5922076530964,3.5884715242881,809931069908967,#FF0000
6.5866209354575,3.5869178898422,301974238160991,#FF0000
6.5838834352824,3.587502750275,1101863463632227,#FF0000
6.5919236220934,3.5883850421278,1104009933426580,#FF0000
6.5913751307494,3.5882949419569,182749120382990,#FF0000
6.5831207269145,3.5936143064076,334742121500855,#FF0000
6.5916072315486,3.5883418098824,1123004071530652,#FF0000
6.5820850542431,3.5910601907089,334310314707199,#FF0000
6.5917163584184,3.5883379259147,1184650415335347,#FF0000
6.5959259259259,3.5887648175975,309652197287281,#FF0000
6.5844935301443,3.5872187524096,828289947776834,#FF0000
6.5918172295332,3.5883871145374,1198789153887743,#FF0000
6.5917969332084,3.5883792117449,1249881102135855,#FF0000
6.5939623070988,3.5888343136552,132902205538695,#FF0000
6.5896385562352,3.5878584770744,842104049713170,#FF0000
6.5919140806453,3.5884086125883,1320845464952357,#FF0000
6.5863510194434,3.5868398221581,172293151478022,#FF0000
6.5917225572077,3.5883659396304,235054665039370,#FF0000
6.5918348721124,3.5883877420307,235394465013888,#FF0000
6.5921090826107,3.5884527136697,532487621461736,#FF0000
6.595300389261,3.5888062420272,1463919087288580,#FF0000
6.5921331623092,3.5884302297308,235410025005421,#FF0000
6.5912075863997,3.5882428526294,858939741361443,#FF0000
6.5916331501617,3.5883481422048,277962274025031,#FF0000
6.5845681769052,3.5871869298327,380717199852204,#FF0000
6.5949849408762,3.5888355226173,463095161447907,#FF0000
6.5896372940459,3.5878227186473,1151968691983547,#FF0000
6.5845073932673,3.5872641930814,3033034150309149,#FF0000
6.5892592592593,3.58774912739,189421049697355,#FF0000
6.583190380281,3.593789965908,206237177979742,#FF0000
6.5879598383883,3.5873339922455,305008174436308,#FF0000
6.5920398463128,3.5884344581225,2979285509061381,#FF0000
6.5971846147017,3.5885735530828,229149732305065,#FF0000
6.5829001438997,3.593287950861,274145874455617,#FF0000
6.5831804901894,3.5937801676438,303160758094295,#FF0000
6.5918181818182,3.5883617337603,305164897894881,#FF0000
6.5965411023122,3.5886995824338,298340241996955,#FF0000
6.5916313311903,3.5883457406594,312549527040693,#FF0000
6.5639495207503,3.5999337209907,171486058214240,#FF0000
6.5880296994002,3.5873516262664,173470774666435,#FF0000
6.5919369717677,3.588410206777,315790110172500,#FF0000
6.5966331264613,3.5886885585776,459386398499203,#FF0000
6.5964284469235,3.5886734041126,954457642071407,#FF0000
6.5920875479259,3.588449858322,319392063135470,#FF0000
6.5962265267821,3.5886995350262,329117085462301,#FF0000
6.5919895567436,3.5884275469717,466079577991585,#FF0000
6.5855396347443,3.5868511450382,1820357164802146,#FF0000
6.5916144857842,3.5883146894521,486014322646413,#FF0000
6.5822913516402,3.5918495822269,568037210840290,#FF0000
6.5917015097636,3.5883585603767,488149945727658,#FF0000
6.5961315340225,3.5887106331655,134053152089511,#FF0000
6.5918922803093,3.5884029652965,686432222125265,#FF0000
6.5937565300087,3.5887720081283,963437167817601,#FF0000
6.5943645601733,3.5888179235884,1150626405439342,#FF0000
6.5821131013923,3.5910507570117,1559419197588392,#FF0000
6.5900623404975,3.5879477314181,2773398509639282,#FF0000
6.5866583470847,3.5869416941694,261440912331671,#FF0000
6.5820817738679,3.5909938747354,454545395623054,#FF0000
6.5915427761481,3.5883246105347,813733246233932,#FF0000
6.594171119253,3.5888136265502,3441436955955868,#FF0000
6.585085039108,3.5869938978541,3975081515941740,#FF0000
6.5921855168019,3.588476148159,958403474950003,#FF0000
6.5641041047602,3.5991009104831,479038643334768,#FF0000
6.592011550549,3.5884315622984,967551566977804,#FF0000
6.5640963084396,3.599382664923,1146757069070252,#FF0000
6.5821628560618,3.5914936428685,1733796493481637,#FF0000
6.5897791689598,3.5879008825863,117981970334026,#FF0000
6.5830309622707,3.593607452156,478704960122390,#FF0000
6.5898495582801,3.587884989036,133205648850726,#FF0000
6.5905738660882,3.5881424128174,182191800436777,#FF0000
6.5822078560602,3.5913723090898,309400597408896,#FF0000
6.5971475588132,3.5885645440762,984179325721683,#FF0000
6.5821461160657,3.5913774567542,3079912632294998,#FF0000
6.5897782158088,3.5878656704129,156062286467757,#FF0000
6.5909567543181,3.5882056611384,182295687095750,#FF0000
6.5838763617654,3.5874808818673,1180555219033120,#FF0000
6.5639683458047,3.5998071535131,1396489090731564,#FF0000
6.5896103248197,3.5878458722987,1610832722443102,#FF0000
6.5897078746514,3.5878446106689,209101760818403,#FF0000
6.5852348705502,3.5869507477557,328511591951752,#FF0000
6.5831534277909,3.5937018806105,487577439216499,#FF0000
6.5821580265232,3.590962781438,161406162587590,#FF0000
6.5937126954661,3.588770515888,293576588929546,#FF0000
6.589796741375,3.5879115362237,2867650706827775,#FF0000
6.5907302295138,3.5881473061504,307973330786587,#FF0000
6.5901205664759,3.587934045131,309682424000511,#FF0000
6.5913432835821,3.5882607404338,465389804676438,#FF0000
6.5878627014244,3.587305320475,1869161553267249,#FF0000
6.5899209718987,3.5879063706747,315821916617201,#FF0000
6.5870826353992,3.5870811209872,953843768763176,#FF0000
6.5900644582609,3.5879830541969,321518179362017,#FF0000
6.5855555555556,3.5868556415632,796452317652265,#FF0000
6.5843062534897,3.5872950549505,801799590729871,#FF0000
6.5897093156987,3.5878784737247,343311687221917,#FF0000
6.5915179573513,3.5883289877584,1846851658828238,#FF0000
6.5885143045658,3.5875052946726,307084607638124,#FF0000
6.5831296828656,3.5937621091794,778169076233839,#FF0000
6.590196219524,3.5880139145299,3919872338130148,#FF0000
6.5888772996655,3.5876007986749,2681215098836222,#FF0000
6.5898934286866,3.5879424721782,4237237892992927,#FF0000
6.58982887261,3.5878574923646,456918602270134,#FF0000
6.5967223852015,3.5886763449522,1839207129589934,#FF0000
6.5979716970243,3.5884729555321,182866563695802,#FF0000
6.5895607161962,3.587805918822,475451177045171,#FF0000
6.5829411565088,3.5934510704436,2883020911935840,#FF0000
6.5868206249172,3.5870190321748,150637616963603,#FF0000
6.5895460046384,3.5877851388142,521755148827346,#FF0000
6.5891666666667,3.587693147756,322126892664238,#FF0000
6.5899913839615,3.5879716705394,600662760903815,#FF0000
6.5959580481228,3.5887779556382,901824534003468,#FF0000
6.5820565109613,3.5908305830583,2565954920380246,#FF0000
6.5901376490555,3.5879698417591,767637707269984,#FF0000
6.5949293261806,3.5888686998008,783495348897553,#FF0000
6.5948363113898,3.5888597807299,248294670409199,#FF0000
6.5881999948961,3.5873984788725,300279775101188,#FF0000
6.5874054244289,3.5872040927132,512405163271647,#FF0000
6.5937993402746,3.5887650927278,519553622387301,#FF0000
6.5861300637694,3.5868034807919,521760208852309,#FF0000
6.5900219508047,3.5879094297845,789484015018259,#FF0000
6.5829092303502,3.5934070282167,1418312578568563,#FF0000
6.5898496344979,3.587924159422,790351504958618,#FF0000
6.5956558526598,3.5887677228009,153182823430752,#FF0000
6.5820583880796,3.5908397615708,306904901032876,#FF0000
6.5892163811943,3.5876977190825,334015544746478,#FF0000
6.5874184891844,3.5871859544188,486094889375042,#FF0000
6.5850330448559,3.5870331140661,740221690005026,#FF0000
6.5897020442273,3.5878786595878,859107541614273,#FF0000
6.589638722229,3.5878087604352,872087260007268,#FF0000
6.584615603227,3.5871652747897,4055167944545001,#FF0000
6.588424235645,3.5875076903037,300818498375805,#FF0000
6.5891339429418,3.5876778781009,813417452600571,#FF0000
6.5899917580281,3.5879612267433,910757652805050,#FF0000
6.5964154230009,3.5886852608388,1659054521150189,#FF0000
6.5847111479773,3.5871477818237,205842251173782,#FF0000
6.5897333099434,3.5878326550913,953264158780417,#FF0000
6.5968331647789,3.5886150330736,197427975554382,#FF0000
6.5822521223087,3.5916694169417,489963025530374,#FF0000
6.5895664998392,3.5878386020937,956230048539167,#FF0000
6.5641231078159,3.599009009009,211330013905281,#FF0000
6.5949185713415,3.5888595867996,318055426372072,#FF0000
6.5820833333333,3.5910412683686,375354077135873,#FF0000
6.5822418586808,3.5914457870209,907670433132232,#FF0000
6.5901404524074,3.5880064576129,990226721732769,#FF0000
6.596063247633,3.5887175225513,317426839745154,#FF0000
6.5866336447595,3.5869444444444,831853374088162,#FF0000
6.5893302259368,3.5877439261677,1043558512719146,#FF0000
6.5942722088836,3.5888109032197,157680112980329,#FF0000
6.5894939230777,3.5878165374677,1089384644805533,#FF0000
6.563938284018,3.5996852873563,106942501476638,#FF0000
6.5893495183354,3.5877633960898,134480152061706,#FF0000
6.5848295614514,3.5871062603372,613438362897880,#FF0000
6.5821901022189,3.5915998209823,285781356586782,#FF0000
6.5821300487386,3.5908943554327,296666485343269,#FF0000
6.5823209786002,3.5919670006095,484742929244956,#FF0000
6.5890819825821,3.5876655948087,1350346262006114,#FF0000
6.5831839286014,3.5939101171152,480788899829077,#FF0000
6.4648763271933,3.5602519721624,837229380206632,#FF0000
6.4634402869797,3.5582388891744,1159625917868475,#FF0000
6.4502120463375,3.5524059378391,488536025722799,#FF0000
6.4651276599052,3.5606610247448,135061085327346,#FF0000
6.4658891102972,3.562059916546,175247994502488,#FF0000
6.4776953438196,3.5686226469784,333293085058268,#FF0000
6.4762919972467,3.5682307830574,4236634976381373,#FF0000
6.4629540517057,3.5571754192686,137047985076614,#FF0000
6.4587702464502,3.555231326178,277169457393132,#FF0000
6.452064080457,3.554618427186,311512577153653,#FF0000
6.4589785476793,3.5552473941299,536890927761807,#FF0000
6.4734553996117,3.5668952056598,330885215356445,#FF0000
6.4713788904389,3.5654797606967,3922235344559396,#FF0000
6.47224986391,3.5658121690647,970752093715921,#FF0000
6.4636379654639,3.5582926980071,2894493144133630,#FF0000
6.4707492023652,3.56532196628,581911946140007,#FF0000
6.4570027348475,3.5552087229205,501078354419249,#FF0000
6.4724397675273,3.5659954672864,304061074767883,#FF0000
6.468303169764,3.5659218354206,859300977988887,#FF0000
6.4573696387322,3.5551382806568,4216248805052904,#FF0000
6.4590485898949,3.5551562873418,168016728658338,#FF0000
6.4713194440538,3.5920937318144,461835954908579,#FF0000
6.4628882759487,3.5570642562193,913495805892256,#FF0000
6.4650502994519,3.5605362264226,247862190453886,#FF0000
6.4620759131917,3.5560763977605,334164341383170,#FF0000
6.4681458569353,3.5654031433749,164271798961334,#FF0000
6.4688568224783,3.5650928065354,814632496101598,#FF0000
6.4700385050903,3.565189784051,307786760730193,#FF0000
6.4652895759087,3.5609248957251,310847813742421,#FF0000
6.4608902846883,3.5555383109941,907539583374908,#FF0000
6.4593739221046,3.5552577132576,150860656978667,#FF0000
6.4588680398836,3.5552353596818,304511594517905,#FF0000
6.4702957379244,3.5652375446374,314561046852293,#FF0000
6.4727032494586,3.5662827883889,474379437008119,#FF0000
6.4753329720489,3.5680538567524,170423711661325,#FF0000
6.4612896249872,3.555688286712,471807287488631,#FF0000
6.4775339701176,3.5685087917236,474744980413195,#FF0000
6.4500750649444,3.5521073525184,194948132455856,#FF0000
6.463457560774,3.5579985825711,939243163577512,#FF0000
6.4547790173408,3.5551473725991,1074777326379261,#FF0000
6.4584052212674,3.5552257529761,293668252364476,#FF0000
6.4630791484192,3.5573779252808,299514001891901,#FF0000
6.4721368224715,3.5657192742234,515994776081988,#FF0000
6.4500373917494,3.552007211977,3873711189414813,#FF0000
6.4503364140706,3.5527099801938,1038487493221737,#FF0000
6.4597775587312,3.5553749981511,302834188015308,#FF0000
6.4735265093681,3.5998003657919,305159531017607,#FF0000
6.467993042067,3.5656165187246,494950284963863,#FF0000
6.450263740315,3.5528014414992,1304652063285177,#FF0000
6.4783913414224,3.5696731152708,220953922786732,#FF0000
6.4734674615067,3.5668507854382,297200311955759,#FF0000
6.4622912447213,3.5564504099063,473407197272902,#FF0000
6.4502649027892,3.5526336030182,1358529764527803,#FF0000
6.4665471670065,3.5633322195738,134949508573136,#FF0000
6.4677802351839,3.5652038295873,905470676902178,#FF0000
6.4500979962911,3.5524634713522,1359475301094711,#FF0000
6.4685718164905,3.5653138550922,762837287727959,#FF0000
6.4501575020527,3.5523154828913,2170652629741744,#FF0000
6.465088922278,3.5605988632001,860877291164609,#FF0000
6.450151551231,3.5525483990657,2254454428023048,#FF0000
6.4681169352214,3.5654465711244,225058392291225,#FF0000
6.4501235993803,3.552212008672,312069310484299,#FF0000
6.4642724999321,3.5592913633574,331885498363180,#FF0000
6.473927478577,3.5672399009211,3891903850906309,#FF0000
6.4501811740894,3.5526284973425,483633496227483,#FF0000
6.4698238614536,3.5652049550802,265038162020877,#FF0000
6.4502368194828,3.5525205819598,484258719444819,#FF0000
6.4676186916889,3.5644220111402,1610587975794882,#FF0000
6.4608577891336,3.5554200464453,176511781017311,#FF0000
6.4781410323441,3.5692121412127,519758732767779,#FF0000
6.4524929190355,3.5547943421165,527803204880165,#FF0000
6.4500352506523,3.5522903283069,533513080974844,#FF0000
6.4647099505095,3.5599944867712,566701230958362,#FF0000
6.4505378262182,3.5531358372655,215550323709964,#FF0000
6.4625638008496,3.556824303801,251463560093640,#FF0000
6.4740965016131,3.5673767109986,316076546628174,#FF0000
6.4602292664811,3.5552632702481,400577044264790,#FF0000
6.4616048426954,3.5558730535624,515750692799924,#FF0000
6.4758092654809,3.568044593908,579761016273891,#FF0000
6.4504725492467,3.553009322804,221038413117561,#FF0000
6.4557181989451,3.5550489624879,459403601809373,#FF0000
6.4704195632701,3.5653151971261,483920909519142,#FF0000
6.462613360022,3.5566388816906,287861836375719,#FF0000
6.4504919052787,3.5533284479745,320150276172708,#FF0000
6.4682743172181,3.565130143363,380961763164892,#FF0000
6.4637611751149,3.5584875027516,535216737861893,#FF0000
6.4577097511302,3.5552069516439,477068846953824,#FF0000
6.4505776889413,3.5532903867501,489727012244174,#FF0000
6.4658580846254,3.5617782145985,566383984327976,#FF0000
6.4635817936842,3.5583775793417,1836496979837997,#FF0000
6.4675267688053,3.564860707779,4235387706484067,#FF0000
6.4603373115708,3.5553876854068,256325069578238,#FF0000
6.4503434413564,3.5529820695833,491323715397371,#FF0000
6.4637516215317,3.5587113392164,779098362809570,#FF0000
6.4695725298949,3.5652258742814,2782014238726629,#FF0000
6.4647936973222,3.5603987768313,156804423060875,#FF0000
6.4710627359567,3.5654291042408,220960346461282,#FF0000
6.467948013483,3.5650845167063,308579800775669,#FF0000
6.4504068039024,3.5531527675367,493939368414877,#FF0000
6.4549360664739,3.5550054331111,496326891568958,#FF0000
6.4571582781757,3.5552114411646,469874427676645,#FF0000
6.4739118358561,3.5671782681891,480964569822964,#FF0000
6.4504136568587,3.5531565346749,496178544859733,#FF0000
6.466128277451,3.5625213104598,2988069821519247,#FF0000
6.4698062004633,3.5651885740135,326557298820371,#FF0000
6.4504064782541,3.552925284853,530529548116144,#FF0000
6.4654545471072,3.5614160233445,582666795964252,#FF0000
6.4685076660073,3.5651135133372,307626330925350,#FF0000
6.4503567939338,3.5528128764703,820217992256012,#FF0000
6.4683639491517,3.5651386441223,993033578187285,#FF0000
6.4695597748826,3.5651582692183,453406122422888,#FF0000
6.4626624289233,3.5569184530723,516832659317067,#FF0000
6.4506645638336,3.5536637869228,1765392283642592,#FF0000
6.4506363281857,3.5534385403716,224346162377232,#FF0000
6.470591808296,3.5653485709724,2957321914490796,#FF0000
6.450570315225,3.5534956307885,526669811681160,#FF0000
6.4725036979092,3.5660584128511,828377004697771,#FF0000
6.450879230052,3.5539453979732,3436966093071336,#FF0000
6.4509946694729,3.5538440161911,1452312245107255,#FF0000
6.4508962074888,3.5537481932354,186840029959127,#FF0000
6.4748298875544,3.5678592885347,316085276567101,#FF0000
6.4736745358269,3.567004243575,515989582769835,#FF0000
6.4512066250818,3.5540644802127,197980635476558,#FF0000
6.459740437345,3.5553253492825,283149333431354,#FF0000
6.4633878940015,3.557873671646,374701440556809,#FF0000
6.4736090151578,3.566956595209,1079654892558290,#FF0000
6.4712764517333,3.5653959554999,464477224779717,#FF0000
6.458179959752,3.5551079894215,496588918458214,#FF0000
6.4727310318955,3.596984198958,1189954868084112,#FF0000
6.4631566205467,3.5574810926282,2547642655543653,#FF0000
6.4507572707873,3.5537185743274,2572793516347900,#FF0000
6.450771676237,3.5538156030869,459510748465818,#FF0000
6.4665947285133,3.5628462443119,568274584159600,#FF0000
6.4604258841352,3.5553032399946,910364596422262,#FF0000
6.457932447922,3.5552406438186,318258759704861,#FF0000
6.4508073646091,3.5536444666122,473469463876789,#FF0000
6.4675271399298,3.564738280067,2586852534953294,#FF0000
6.4658307897922,3.5619664312312,460680915222691,#FF0000
6.4511048889331,3.5539427849455,496458081559474,#FF0000
6.455227248,3.5550142362235,494250628290072,#FF0000
6.4507238014867,3.553542374398,905653983589399,#FF0000
6.4633353012425,3.5577959709308,970957240112906,#FF0000
6.4610365567185,3.555532336472,4293601147330982,#FF0000
6.4517667785201,3.5546969034345,133082492202133,#FF0000
6.4629675923548,3.5574524863018,1110607342758638,#FF0000
6.4652589640379,3.5608486478818,179458634060426,#FF0000
6.4514592576132,3.5542342547802,215546870079602,#FF0000
6.4519407376093,3.5545498527332,273935774424588,#FF0000
6.4580195746159,3.5551016786532,382111393030994,#FF0000
6.4649673523723,3.5606599934074,958289991588295,#FF0000
6.4673695171219,3.564016827219,2646111602294117,#FF0000
6.4517193922823,3.5546076731125,2932518546963753,#FF0000
6.4735414521047,3.5669038262361,478001526652294,#FF0000
6.4516885963319,3.554403556407,3020568384842416,#FF0000
6.4732408620638,3.5667340209736,231969812030803,#FF0000
6.4515741059215,3.5543218039472,305134467749670,#FF0000
6.4681487458334,3.5654848352166,504868780698570,#FF0000
6.4514293274632,3.5544654074341,321594776267393,#FF0000
6.4666490683886,3.5634324514905,2929759167301261,#FF0000
6.4647702268177,3.5602601846496,207501304320324,#FF0000
6.4513409822106,3.554147068347,488694498849335,#FF0000
6.4635836201051,3.5583956146172,498110838289201,#FF0000
6.4595652081878,3.5553476076599,935740453853735,#FF0000
6.4701656334094,3.5652763164015,303652598044596,#FF0000
6.4518099080689,3.5544866615775,494108581835329,#FF0000
6.4654698221344,3.561412121383,217807540156419,#FF0000
6.4619250318101,3.5560993904666,306600914239914,#FF0000
6.4684487601422,3.5651313296762,560900608227942,#FF0000
6.4515912920203,3.5545836670213,952738512216481,#FF0000
6.4521946416793,3.5546840657871,295157202286309,#FF0000
6.4555502828915,3.5550399656862,465877324514295,#FF0000
6.4779156702945,3.568926899127,932922740890082,#FF0000
6.472076876306,3.5657208608429,148053630624776,#FF0000
6.4658160510012,3.5617216346382,305488884388749,#FF0000
6.4587470569791,3.5551544964281,307599810821323,#FF0000
6.4714980139698,3.5654138689529,523901771969458,#FF0000
6.4519489124158,3.5547711765892,857702971448668,#FF0000
6.4522886487193,3.554876218926,279794330562529,#FF0000
6.452572039125,3.5549442247977,905137270340399,#FF0000
6.4723072033577,3.5954803519247,1417622715259016,#FF0000
6.4645331515304,3.5598729997548,311432217145558,#FF0000
6.4670323972086,3.5640728366732,321607292656717,#FF0000
6.4521421003975,3.554835420706,938307343586539,#FF0000
6.4624073938617,3.5565789474995,1205326796572591,#FF0000
6.4782058498837,3.5693135390493,230837708796977,#FF0000
6.4769526820675,3.5683459479396,787250838662325,#FF0000
6.4523513646047,3.5548894595731,941590366617204,#FF0000
6.4526653173383,3.554831977827,134146795369992,#FF0000
6.465716181824,3.5618254863766,297173475194489,#FF0000
6.4523317753798,3.55473524231,986046165467713,#FF0000
6.4667364577531,3.5631089675486,1843160915865396,#FF0000
6.4536922636019,3.5549546928503,2412319082244907,#FF0000
6.4619026049498,3.5558854915865,349116216604937,#FF0000
6.4626261680564,3.5568593220987,496781788180545,#FF0000
6.4529355285426,3.5550336937757,1213818809045169,#FF0000
6.4601487468157,3.5552451881937,4042334172478771,#FF0000
6.4723110576307,3.5658714690533,455175922451255,#FF0000
6.4681487458334,3.5654848352166,785620192329158,#FF0000
6.4527830043612,3.555003365979,2087288331413831,#FF0000
6.4529735774589,3.5550374884745,291476459237835,#FF0000
6.4630530178965,3.5576341141131,1189442378172734,#FF0000
6.4780777498528,3.5691108154914,2540920599549065,#FF0000
6.4529803553552,3.5548672202282,294326242239691,#FF0000
6.4628437614705,3.5572973158568,632246291509516,#FF0000
6.4664628422734,3.5629419618418,799515174002126,#FF0000
6.4718847115837,3.5655396501434,291382109141051,#FF0000
6.4532727637671,3.5549018839749,311991507217611,#FF0000
6.4528250902406,3.5548480353035,751706545523567,#FF0000
6.4535471549791,3.5549482284283,1064883627371189,#FF0000
6.4653763489458,3.561274518364,2000023580145351,#FF0000
6.4551820917136,3.5551507871834,2554551968181340,#FF0000
6.4761576302266,3.5680947004598,299171135070940,#FF0000
6.4531281966864,3.5548893770439,782844349087447,#FF0000
6.4657348147806,3.5618738904323,4261833410504506,#FF0000
6.4608356372305,3.5554256739235,476276783640595,#FF0000
6.4654787066081,3.5612344967926,498256651325108,#FF0000
6.4661900124058,3.5626457711805,825785234697913,#FF0000
6.4531682201458,3.5550524978239,897434660819303,#FF0000
6.4574558021566,3.5552071580655,2923953244593591,#FF0000
6.4535937382595,3.5550652895784,1088774771613293,#FF0000
6.4539865384796,3.5549764183633,208898754172848,#FF0000
6.4642687422869,3.559563919224,1116024072248807,#FF0000
6.4650445168081,3.5605067231108,166749585372000,#FF0000
6.4565473843844,3.555184441458,226357098823748,#FF0000
6.4538759521985,3.5550762168824,309934647202159,#FF0000
6.4673730906551,3.5645684239352,336774031113387,#FF0000
6.4655097595983,3.5612526786205,4523734687643946,#FF0000
6.4603261189153,3.5554236992707,300650525050746,#FF0000
6.4533566254993,3.5550555422458,321842009572264,#FF0000
6.4674256783217,3.5641226806479,858512818065511,#FF0000
6.453839659954,3.5549722251055,4209026299148942,#FF0000
6.4733257920981,3.5667398114974,4327674060576498,#FF0000
6.4638978919688,3.5589256838786,248912730326584,#FF0000
6.4656312724298,3.5616519431017,318397016391988,#FF0000
6.4537291621855,3.5550536203383,4529696440393670,#FF0000
6.4535463249464,3.5550529416969,504668667548632,#FF0000
6.4596797718792,3.5553588743445,1577354949132993,#FF0000
6.4534121620337,3.5549285557827,937597363479760,#FF0000
6.4543398865329,3.5550633726709,1380133235677102,#FF0000
6.4544109230999,3.5551464268269,146449177453186,#FF0000
6.4655482315134,3.5613353052501,1059561808197747,#FF0000
6.4541217575467,3.5549819031374,1882929535200093,#FF0000
6.4623498665372,3.556478711305,3677146155718913,#FF0000
6.4759239883858,3.56806084722,4057761607624864,#FF0000
6.4546535125069,3.5551453120366,225275388936871,#FF0000
6.4669500434758,3.5639946670462,741338586561546,#FF0000
6.4545338224568,3.5549978293725,273647241172151,#FF0000
6.466187300648,3.5622689146269,299697208456654,#FF0000
6.4691700435645,3.5650988638056,270207218166718,#FF0000
6.4607108142609,3.5554202282503,312202600464346,#FF0000
6.4541728184774,3.5551376251902,3028944997337079,#FF0000
6.4628008775978,3.556926128216,539595507028329,#FF0000
6.4561094390862,3.5551891654859,822105442023666,#FF0000
6.4543028861246,3.5551440444327,3729169903858524,#FF0000
6.4542553910234,3.5549868663774,739301446744409,#FF0000
6.4545289163555,3.5551506349436,777969366423002,#FF0000
6.4714323005113,3.5654105954272,2043196712512088,#FF0000
6.4649883542239,3.5606265562317,588791728761702,#FF0000
6.4540347528617,3.5551221133007,798928664345673,#FF0000
6.4631429244133,3.5574818387681,177388387614501,#FF0000
6.4743797991447,3.5675254242755,300905248296647,#FF0000
6.4543973099858,3.5549968443645,857116508216182,#FF0000
6.4512032673442,3.5542106579367,203431721376323,#FF0000
6.4666789535366,3.5635141538705,532278467791145,#FF0000
6.4632716147742,3.5576929746576,1725061794364467,#FF0000
6.4766484698723,3.5681900935461,133696278788737,#FF0000
6.4608649367073,3.5554054772792,299120495101147,#FF0000
6.4624817427817,3.5564805564072,318298399687023,#FF0000
6.4710965413822,3.5653707313406,881434155740275,#FF0000
6.450997586935,3.5540885289217,903279377180086,#FF0000
6.4622417244893,3.5564234936401,1161192024373152,#FF0000
6.4737361291391,3.567049668708,2876577062658631,#FF0000
6.467187158384,3.5643269065916,175000901193273,#FF0000
6.4512720223948,3.5543534462327,912213099630879,#FF0000
6.4511239396459,3.5542341087584,972737993500052,#FF0000
6.4604739642867,3.5554088442116,1323934421311739,#FF0000
6.4646462123778,3.5598981876145,2779503199047180,#FF0000
6.6057804795536,3.5983287280004,131864365648428,#FF0000
6.6439067551576,3.555414824244,146359424129079,#FF0000
6.6058615968635,3.5980969709849,199488848679636,#FF0000
6.6426624528534,3.5529829719055,924667775052034,#FF0000
6.6450650902537,3.5576811271783,1136404216822721,#FF0000
6.6058031339446,3.5980173063826,2645914139032047,#FF0000
6.6058215913621,3.5982131669336,289546472823351,#FF0000
6.6051733127077,3.599896618064,943893506371141,#FF0000
6.6077750275027,3.592575021271,2800677076862432,#FF0000
6.6059037616854,3.5979808166973,305518411051149,#FF0000
6.6075687906868,3.5931724227966,462332361502419,#FF0000
6.6079592444838,3.5921327399479,490246755632646,#FF0000
6.607963980464,3.5916910911473,2993493600928603,#FF0000
6.607528274438,3.5933941403293,218785986367427,#FF0000
6.6052626578789,3.5994922601771,456198039016886,#FF0000
6.6057203808114,3.598245936209,463212864773070,#FF0000
6.6428996189633,3.5536204348638,382562972965672,#FF0000
6.6058850129199,3.597790276845,465597588061043,#FF0000
6.6058434222222,3.5979041185212,803022946988082,#FF0000
6.6075307170772,3.5932404192387,209916194061244,#FF0000
6.643737682858,3.5551161861928,321003146207381,#FF0000
6.6059479332186,3.5978648378604,830811750852682,#FF0000
6.6089374981042,3.5931384044244,213096997043384,#FF0000
6.6432655463129,3.5541232902461,470721610702920,#FF0000
6.6059923081195,3.597752121989,832421364287441,#FF0000
6.6433595857945,3.5544316738051,1036851060179309,#FF0000
6.6055284533905,3.5989835111431,1218834231903990,#FF0000
6.6439785213359,3.5556624531835,2562864850681248,#FF0000
6.6440863099503,3.5555628187046,2868212283399335,#FF0000
6.6055662207001,3.5988839103945,1377356635975404,#FF0000
6.642826325526,3.5534866882732,4320291691316869,#FF0000
6.6056352555087,3.5984781323877,199250158697141,#FF0000
6.6456758450086,3.5592328673475,751037168919601,#FF0000
6.6105245173282,3.5954065823473,4574007672616679,#FF0000
6.6055100446657,3.5988132790718,317964293311623,#FF0000
6.6444586090919,3.5564447894644,1902492869889416,#FF0000
6.6445092559202,3.5567155161919,276720034181179,#FF0000
6.6055496657967,3.5987032000858,324729715713877,#FF0000
6.6079134265327,3.5922259599262,782217842437893,#FF0000
6.6077642673805,3.5926271572074,883754822483194,#FF0000
6.6431544555091,3.5538916391639,816067022628863,#FF0000
6.605651777414,3.5986705014546,3844949108945124,#FF0000
6.6423818712895,3.552560994287,137803995000330,#FF0000
6.6446535601707,3.5568414297217,495608635200529,#FF0000
6.6057372515246,3.5984439666262,3880155418759150,#FF0000
6.6079070180357,3.5922498596349,207306967681664,#FF0000
6.6064034035865,3.5963562899927,488198332427858,#FF0000
6.6074405914417,3.5934272371045,544103756750815,#FF0000
6.6448195569051,3.5572116460162,781626009204254,#FF0000
6.644331786045,3.556214028883,2989770097904323,#FF0000
6.6056782496881,3.5983628624692,4177081655684822,#FF0000
6.6056076388889,3.598779834748,463808158017741,#FF0000
6.6074722727886,3.5933232667809,292301395932800,#FF0000
6.6056944444444,3.5985580887776,466042847793653,#FF0000
6.6055915052513,3.5985905001275,513376439813842,#FF0000
6.6433231914203,3.5545044265143,221222126103523,#FF0000
6.607660740978,3.5929206692881,377259463604621,#FF0000
6.6076673084074,3.5929055381218,536320007364065,#FF0000
6.6054730192835,3.5989195498566,792907214691675,#FF0000
6.6446535601707,3.5568414297217,811144123173984,#FF0000
6.6077931995541,3.5928281765071,468997897716628,#FF0000
6.6076861587404,3.5928784899839,513288326342418,#FF0000
6.6054501994043,3.5991703015151,1141300723002672,#FF0000
6.6064783146558,3.5961497331025,1214585042329406,#FF0000
6.6439517751121,3.5553299840193,1319776475082595,#FF0000
6.6053667225334,3.5992081986909,1876655999158358,#FF0000
6.6052859073232,3.5994297652548,206380221120942,#FF0000
6.6073547600594,3.5940052237414,464628521504776,#FF0000
6.6428936430187,3.5537563523834,474037613711200,#FF0000
6.6064409154292,3.5962532326236,1097877330622222,#FF0000
6.6439303396261,3.5555114893857,123355126442378,#FF0000
6.6080091406051,3.5917969092224,194866839026206,#FF0000
6.6053269475569,3.5994831932773,231596528767070,#FF0000
6.6455639072442,3.5589644120875,405022577853130,#FF0000
6.6456015013576,3.5590531182583,806379530011764,#FF0000
6.6053104712335,3.5993643390467,238745281360904,#FF0000
6.6428459058223,3.5536600042826,213660683904395,#FF0000
6.606841598916,3.5951483593057,1648855621972720,#FF0000
6.6054150984924,3.5992573911035,2564097383891368,#FF0000
6.6417030585833,3.5511577080436,828110571447178,#FF0000
6.6444181137281,3.5563695795651,2563012467335471,#FF0000
6.6054369153995,3.5990211725799,2904816253125089,#FF0000
6.6053012558835,3.5995500176659,508141413871479,#FF0000
6.6052393955596,3.5995516593867,2951793828430213,#FF0000
6.6444409063981,3.55656655679,306838984364346,#FF0000
6.6052777777778,3.5996138988361,309062023958542,#FF0000
6.6453084784821,3.5580643951212,471467257485017,#FF0000
6.6437190226876,3.5552294858032,802099203828819,#FF0000
6.643081258561,3.5537276961344,993530688057002,#FF0000
6.6053550510322,3.5994131613359,472274697380283,#FF0000
6.6446155404865,3.5567766111641,603835707678014,#FF0000
6.6418575606482,3.5514592937636,328511055400104,#FF0000
6.6053368704858,3.5992912908423,489014815554393,#FF0000
6.6432333733857,3.5542659828998,517520729277968,#FF0000
6.64400024915,3.5557212706337,762510307777841,#FF0000
6.6422011131705,3.5521581196581,279893263828940,#FF0000
6.644389004389,3.5564374701345,475083286941269,#FF0000
6.6053838359008,3.5993385962755,589076325405964,#FF0000
6.607863784656,3.5923552733368,801426160810145,#FF0000
6.6105528052805,3.5954508176195,198660452085221,#FF0000
6.6077532217331,3.5927463891249,288858125971786,#FF0000
6.6080942965111,3.5920277777778,477846026630994,#FF0000
6.6428459058223,3.5536600042826,478935686666528,#FF0000
6.6054007243444,3.5991173391246,823722258233534,#FF0000
6.6425424218905,3.5528132897331,1437347906608963,#FF0000
6.6447160048782,3.5569870925142,160230549372902,#FF0000
6.6054891113082,3.5990797302834,288660679574221,#FF0000
6.6073206342907,3.5938255662687,534466910877262,#FF0000
6.6060479866623,3.5973355209385,133434658817559,#FF0000
6.6080223196544,3.5919705853301,1387779134913432,#FF0000
6.6059259259259,3.5976759292316,262677795555949,#FF0000
6.6432315373949,3.5543483757927,272018834606845,#FF0000
6.6067049415624,3.5957877205693,298596965133365,#FF0000
6.6439948825141,3.5553960066872,1228733034196582,#FF0000
6.6075058528893,3.5932616704081,1601558760042387,#FF0000
6.6060363168264,3.5976388888889,3032149767071772,#FF0000
6.6061289509636,3.5971108108188,320578092758416,#FF0000
6.6065526098888,3.5959481960462,1192623757860174,#FF0000
6.64165495118,3.5509204746779,1430533790621335,#FF0000
6.6060080282666,3.5974484370164,370096957755414,#FF0000
6.60793231079,3.5921768694204,828248337775938,#FF0000
6.606088931866,3.5972222222222,508583906837655,#FF0000
6.6076031262415,3.5930959689308,299540951647647,#FF0000
6.6059666393666,3.5975610484726,582689195989653,#FF0000
6.6060793024734,3.597524411125,720988418645948,#FF0000
6.6077750275027,3.5925496204491,980125225725598,#FF0000
6.6061226720478,3.5974086282022,806118733344782,#FF0000
6.6445440952637,3.5568353609261,297639401930847,#FF0000
6.6050899312802,3.5999584458501,147786130690968,#FF0000
6.6075917995344,3.5931224919031,249199460321134,#FF0000
6.64355771604,3.5549398502891,883103618921557,#FF0000
6.6442644178822,3.5560513718622,1087888421699408,#FF0000
6.6052574214729,3.5996737574569,1540571146274631,#FF0000
6.6051184464214,3.599876999677,156007826478259,#FF0000
6.6051899085183,3.5998419702391,169587804972539,#FF0000
6.6448853541351,3.557360413177,517336902908459,#FF0000
6.6068841251123,3.5952904746789,904884537035025,#FF0000
6.6076132441869,3.5930685763889,1735679339952703,#FF0000
6.6077566230694,3.59269956721,112110084277033,#FF0000
6.6051051462128,3.5999113598373,173780994544108,#FF0000
6.6051587301587,3.5999399235822,183844906829534,#FF0000
6.6451153584199,3.5583056800608,465428127877209,#FF0000
6.6444876004047,3.5566068133166,1180375712375610,#FF0000
6.6077705188485,3.5925905493802,225276702267754,#FF0000
6.608015323301,3.5919870435656,282427173370873,#FF0000
6.607375237227,3.5939420715066,749673818993037,#FF0000
6.6433209777472,3.5543269297515,1267469793676601,#FF0000
6.6416506828537,3.5510340880118,151076903578150,#FF0000
6.6050956124798,3.5999373612926,214350780223595,#FF0000
6.6434047447492,3.5546575112291,862614167800583,#FF0000
6.6435446235921,3.5549397838155,274888370996724,#FF0000
6.6079247583235,3.5921916590003,767761893904238,#FF0000
6.6079706513329,3.5920977286994,283669356793521,#FF0000
6.6052359943251,3.599731606792,292720495809907,#FF0000
6.6420697390978,3.5518350914685,288308129692658,#FF0000
6.6456683010553,3.558910779837,742362009733432,#FF0000
6.6051744723748,3.5997304529975,306876444170785,#FF0000
6.6078723672023,3.5923340257632,278316703845868,#FF0000
6.6051327652923,3.5999883153249,333722478167290,#FF0000
6.607486858206,3.593285603827,482569562894580,#FF0000
6.6065164944474,3.5963008442484,3429825270453313,#FF0000
6.6442377535873,3.5562076369776,467182277898481,#FF0000
6.6074896890924,3.5935272883739,505815834110625,#FF0000
6.6078518220073,3.591416623196,1365429610505572,#FF0000
6.6051342385358,3.5998358211414,4302999716425532,#FF0000
6.6418922214648,3.5514844250781,174913327857439,#FF0000
6.6429417985169,3.5538389359909,248403163708288,#FF0000
6.6426095144281,3.5533106005126,321992979308639,#FF0000
6.6436400741551,3.5550400103635,461638894919546,#FF0000
6.6455349186731,3.5585340962662,2934684936804417,#FF0000
6.6430067344328,3.5535653179261,136986191790994,#FF0000
6.6075621714218,3.5931819785153,295021042275174,#FF0000
6.6051537400436,3.5997864270131,505178330523909,#FF0000
6.6052128636754,3.599787778025,512792876570408,#FF0000
6.6076365979501,3.5929830861306,771989663708705,#FF0000
6.6070437200597,3.5948297410192,468230904257556,#FF0000
6.6432353885678,3.554049006081,758182508214226,#FF0000
6.6050877525937,3.5999738133176,898401997390609,#FF0000
6.6441914672216,3.5558936268747,469118044152341,#FF0000
6.6439432859445,3.5555555555556,523775845474727,#FF0000
6.6427511524746,3.5533425925926,1854650621352236,#FF0000
6.6442985962473,3.5562532628013,2932870270261427,#FF0000
6.6455693775385,3.5586170160417,106897061486617,#FF0000
6.6418942603783,3.5515467093488,834569947440321,#FF0000
6.6435002479833,3.5546586429559,865385124015803,#FF0000
6.64472943145,3.5571875,1171562543264558,#FF0000
6.6051958973071,3.5996705601401,921637648407744,#FF0000
6.643737682858,3.5551161861928,256028162886699,#FF0000
6.6050874562621,3.5999901842165,926768084826200,#FF0000
6.6066276078818,3.595745196768,137328618415742,#FF0000
6.6067797037523,3.5955757944001,303736037918665,#FF0000
6.6434047447492,3.5546575112291,504296654026268,#FF0000
6.642245713838,3.5522928620133,954409818648447,#FF0000
6.6066639163916,3.5956419852488,141944471191098,#FF0000
6.6428455382079,3.5532373691397,467835661176809,#FF0000
6.6433093413285,3.5542699903161,497064135046628,#FF0000
6.607422408632,3.5934927883876,928289871282050,#FF0000
6.6076679716255,3.593058456629,3606971822742828,#FF0000
6.606741163538,3.5956761714254,187527473229993,#FF0000
6.6431144019379,3.553810855489,2823474364649444,#FF0000
6.6417034844619,3.5509693488523,1378250069200910,#FF0000
6.6067724349558,3.5953415780233,1943794265782818,#FF0000
6.6076487293594,3.5929511301134,112270240923741,#FF0000
6.6440863099503,3.5555628187046,178198377513260,#FF0000
6.6068069538679,3.5952440867065,302318824811714,#FF0000
6.6454568868307,3.5586678099258,465860591158869,#FF0000
6.6444586090919,3.5564447894644,975727933227463,#FF0000
6.641984674682,3.551717791411,2943375415898695,#FF0000
6.6067007660632,3.5955407524826,308254997621264,#FF0000
6.6442985962473,3.5562532628013,1222609424865312,#FF0000
6.6434062269679,3.5546549546374,2994235164188887,#FF0000
6.6067366772091,3.5954404516951,507042793822374,#FF0000
6.6438861111111,3.5553587309272,936307817194534,#FF0000
6.6066269098846,3.5960048331963,1187161668392723,#FF0000
6.6064804593326,3.5964067558488,134974541909873,#FF0000
6.6069144794291,3.595195735888,284925050004654,#FF0000
6.6430842473726,3.5540969015143,508736206931536,#FF0000
6.6066666666667,3.5959002150365,162443962549309,#FF0000
6.6070790115563,3.5947372862976,216674136628791,#FF0000
6.643081258561,3.5537276961344,752028795489653,#FF0000
6.6078385223048,3.5924112132024,794742404499625,#FF0000
6.6093189200162,3.5937099791195,957678461633851,#FF0000
6.6435860507922,3.5549656160145,165949465359572,#FF0000
6.6065885643766,3.5961036121673,300737595013091,#FF0000
6.6444832900212,3.5565670936581,836258793641799,#FF0000
6.6444483402656,3.5565522003582,263579858845518,#FF0000
6.6065903309693,3.5958462883384,311636590401011,#FF0000
6.6070745301849,3.5944948563021,198639412103415,#FF0000
6.6416813413859,3.5510909520357,294632972376558,#FF0000
6.6438442951768,3.5552718612604,463017421625778,#FF0000
6.6426095144281,3.5533106005126,474973117055375,#FF0000
6.6065157502709,3.5960489248679,488525069143013,#FF0000
6.6065519422921,3.596200778309,806867206920098,#FF0000
6.643909358751,3.5552603617071,133187978848529,#FF0000
6.6076807433157,3.5929988304523,876191149628871,#FF0000
6.6437925721965,3.555074035614,1437071643317942,#FF0000
6.644531911134,3.5567550944659,3313681195401968,#FF0000
6.6438442951768,3.5552718612604,144223394352529,#FF0000
6.6416933257109,3.5512037037037,144228221012713,#FF0000
6.64355771604,3.5549398502891,222884745887393,#FF0000
6.607870836574,3.592603256813,2690882364537273,#FF0000
6.6438316959866,3.5551338636856,196301375670663,#FF0000
6.6079595919969,3.5923791159703,503267120810752,#FF0000
6.6091458333333,3.5934640628362,981888622562597,#FF0000
6.643909358751,3.5552603617071,3658439001048199,#FF0000
6.6438316959866,3.5551338636856,198504905436182,#FF0000
6.6452413600758,3.5586491363515,307661744096497,#FF0000
6.6442677278492,3.5562535857528,2636995086592806,#FF0000
6.6437897510297,3.5551977836803,308642080893350,#FF0000
6.6070108819259,3.5949222781624,311464090558055,#FF0000
6.6437925721965,3.555074035614,369082187874078,#FF0000
6.6415599834494,3.5509259259259,218551293071319,#FF0000
6.6436589914309,3.5549179352498,292257522449362,#FF0000
6.6439517751121,3.5553299840193,3970912459655498,#FF0000
6.6438677911322,3.5553125,488961285638577,#FF0000
6.6440348345872,3.5557840784632,1178702732572092,#FF0000
6.6429958018472,3.5539304581751,132400972176077,#FF0000
6.6437897510297,3.5551977836803,501603214518349,#FF0000
6.6441371467537,3.5560077964318,509636123719058,#FF0000
6.6424343199318,3.5526419077779,3977896122307190,#FF0000
6.6438677911322,3.5553125,813337416226065,#FF0000
6.6438695820947,3.5551903629115,911240253055287,#FF0000
6.6074053369815,3.5938343465542,512387796557524,#FF0000
6.6438695820947,3.5551903629115,922008058576827,#FF0000
6.6427255353374,3.5534625838282,4195515827178184,#FF0000
6.6079564954183,3.591671574027,146246550809772,#FF0000
6.6068524028871,3.5953875846376,378827243409367,#FF0000
6.6433280089435,3.5544580108737,1104922156658035,#FF0000
6.6068162393162,3.5954806879182,381751556407012,#FF0000
6.6077556813926,3.5927141123074,730333447633986,#FF0000
6.609665238184,3.5942216891807,1107877016360792,#FF0000
6.6435202303257,3.5548525303455,502293044293089,#FF0000
6.6061687777951,3.5970001833349,1126483941185993,#FF0000
6.6436198473955,3.5548807664072,302291321355048,#FF0000
6.606247816092,3.596780792193,1226393254446012,#FF0000
6.6063297114572,3.5968459571748,1245282605874308,#FF0000
6.6079873965856,3.5920509964279,478810089996426,#FF0000
6.6427896717705,3.5535584840899,1196011634192931,#FF0000
6.6064072327044,3.5966234037634,1419763631726229,#FF0000
6.6417549780191,3.5511965079937,1946788122139608,#FF0000
6.6063652574882,3.5964604496507,145433727560168,#FF0000
6.6062506979341,3.5970691622634,179097440773848,#FF0000
6.6079655771693,3.5921141884371,185064240140668,#FF0000
6.6064448530485,3.5965139801467,235382908349103,#FF0000
6.6062083257973,3.596890148841,296884811945595,#FF0000
6.6440690620423,3.5558459832134,297123421946734,#FF0000
6.6450309169891,3.5576152283982,310412947380448,#FF0000
6.6613964892742,3.591894091928,541716420535939,#FF0000
6.6634384229391,3.5991666666667,1188590221579719,#FF0000
6.6634762997522,3.5987262747701,1371307593250980,#FF0000
6.6582095868059,3.5846397667349,4130940733630805,#FF0000
6.6614127256016,3.5918897260366,492749711929182,#FF0000
6.6634384229391,3.5991666666667,1890986144400358,#FF0000
6.6635358357839,3.5990530008712,271512848021577,#FF0000
6.6614123110198,3.5918891367408,464706128163247,#FF0000
6.6633976136975,3.5990542408821,642760690458289,#FF0000
6.6614663885113,3.5918228146162,999518913915463,#FF0000
6.663504897924,3.5989413655709,230714418852614,#FF0000
6.6633976136975,3.5990542408821,969102083862340,#FF0000
6.6589645173703,3.5857498085569,3774652069310480,#FF0000
6.6609157739456,3.5898006844434,485238962896214,#FF0000
6.6627980130615,3.5971866613717,2598338907126365,#FF0000
6.6614510724754,3.5920454545455,180096710668037,#FF0000
6.6623650856107,3.594839370326,479332056624166,#FF0000
6.6627980130615,3.5971866613717,919360942180273,#FF0000
6.6632313017881,3.5985704777679,1159324764495114,#FF0000
6.6604506880298,3.5884665834374,1182431562178934,#FF0000
6.6627684527776,3.5962347685076,334101701473118,#FF0000
6.6635856956196,3.5992738183275,1136409783540135,#FF0000
6.6634280400343,3.5985572591823,1201201693641110,#FF0000
6.6632121282229,3.5984826560772,133409388831009,#FF0000
6.6636510068168,3.5991930074009,195868462371601,#FF0000
6.6605419307431,3.5887734744268,980264249445181,#FF0000
6.6634730446583,3.5992648498305,243123424270243,#FF0000
6.6634477321524,3.5986374772948,1372850679758006,#FF0000
6.6593105034867,3.5862335757448,2922039368122955,#FF0000
6.6632866449296,3.5987606268301,144192684292824,#FF0000
6.6633228278334,3.5988521448196,147751920652353,#FF0000
6.6609965288707,3.5902219754535,1109475186205350,#FF0000
6.6619037447403,3.593250585545,3124137081155807,#FF0000
6.6631922047416,3.5983908779965,184773936847326,#FF0000
6.6612668100903,3.5910666617955,253518099855909,#FF0000
6.6638019715011,3.5997443265932,379028056746412,#FF0000
6.6632535381542,3.5986664997372,210143044251716,#FF0000
6.6619521357557,3.5934486409109,526497171818800,#FF0000
6.661676154064,3.5924711972413,818448355723512,#FF0000
6.6633606857349,3.5989443289443,213076603714180,#FF0000
6.6600515029215,3.5875282289479,203141964808490,#FF0000
6.6616448161608,3.5922949472021,213732990618054,#FF0000
6.6634459749325,3.5987173265039,2656404084650920,#FF0000
6.6598725261609,3.587118452618,2955542201437772,#FF0000
6.6506248214796,3.5755408283956,177137910955353,#FF0000
6.6626352993524,3.5958552956919,200888228526821,#FF0000
6.660365890267,3.5882727075558,204823751283602,#FF0000
6.6633886790741,3.5984093143487,273087814559695,#FF0000
6.6597356228383,3.5868788744526,462872588348549,#FF0000
6.6628310128114,3.5973138249855,475974030398238,#FF0000
6.6631922047416,3.5983908779965,322076472963252,#FF0000
6.6626041666667,3.5957462787969,585151642616399,#FF0000
6.6632866449296,3.5987606268301,337743014386041,#FF0000
6.6624392224362,3.5954047303857,537594720983035,#FF0000
6.6614063035601,3.5918303146352,220978866123970,#FF0000
6.6634191127941,3.598605870021,346017220249300,#FF0000
6.6610290741227,3.5903326440736,798033077775043,#FF0000
6.66336530683,3.598383525336,374485803939901,#FF0000
6.6503370150776,3.5751437676176,507016117184035,#FF0000
6.6616582979271,3.5924070146584,919258998925576,#FF0000
6.6616050543843,3.5925332027787,1989711011204864,#FF0000
6.6622585339101,3.5944416941694,186683899973521,#FF0000
6.6632121282229,3.5984826560772,387566069070302,#FF0000
6.6612460116366,3.5909908698491,488646669236706,#FF0000
6.6633886790741,3.5984093143487,3990816640986007,#FF0000
6.6634477321524,3.5986374772948,439857760785198,#FF0000
6.663746800923,3.5995181548299,538226490896824,#FF0000
6.661874055259,3.5931557871471,2740858406189277,#FF0000
6.6603265445682,3.5880985851698,467204001179651,#FF0000
6.6634088352912,3.5984818662008,4667910993235243,#FF0000
6.6634280400343,3.5985572591823,505424517311227,#FF0000
6.6592137656684,3.5860842020352,1072130213314485,#FF0000
6.6632313017881,3.5985704777679,771293780446679,#FF0000
6.6633228278334,3.5988521448196,812811206281670,#FF0000
6.6616289642689,3.591724689748,872988086898148,#FF0000
6.6614286343768,3.591926493968,292737309224351,#FF0000
6.6598725261609,3.587118452618,301896571447258,#FF0000
6.6592626010461,3.5862256634798,480119823320431,#FF0000
6.6620422008281,3.5937276558124,844356846462225,#FF0000
6.6634088352912,3.5984818662008,850546489208594,#FF0000
6.6632535381542,3.5986664997372,867904164139039,#FF0000
6.6630437593716,3.5978814153092,294181088863258,#FF0000
6.6638322962905,3.5999113149087,347014797100220,#FF0000
6.6626165735721,3.5965155849343,517784895910875,#FF0000
6.6622867016951,3.5945434763551,580524209504943,#FF0000
6.6597744005505,3.5871101388214,780940422853153,#FF0000
6.6633606857349,3.5989443289443,918220902306437,#FF0000
6.6607677322315,3.5892537279813,196244578995781,#FF0000
6.6626041666667,3.5957462787969,1169196716855224,#FF0000
6.662430734076,3.5952218879388,1226630281084699,#FF0000
6.6599156707463,3.587349891729,539334220565979,#FF0000
6.6604203520694,3.5883333333333,749998402359392,#FF0000
6.6624508157587,3.5955034269402,1530322330507158,#FF0000
6.6624834108233,3.5957827840637,153966950023619,#FF0000
6.6624598393574,3.5956011062307,207072154377098,#FF0000
6.6624303153389,3.5953071730203,171912588177849,#FF0000
6.662503192848,3.5959759058729,225037722726835,#FF0000
6.6503877741277,3.5752142739681,310453890531884,#FF0000
6.6625503455777,3.5955367735675,181049980554030,#FF0000
6.6637200539741,3.5994471947195,514104189775939,#FF0000
6.6594301170578,3.5864136590597,853062032301318,#FF0000
6.6625030525031,3.5953335216307,1880132228833543,#FF0000
6.6590022619097,3.5857985648765,2818773478386242,#FF0000
6.662528614221,3.5954352965014,198314315461968,#FF0000
6.6625030525031,3.5953335216307,201724188297138,#FF0000
6.6621811797044,3.5942166440608,3851780891583931,#FF0000
6.6624772261623,3.5952395202839,206373004651466,#FF0000
6.6600784021456,3.5875296793655,296335792170353,#FF0000
6.6631113845231,3.5974273053753,478321106717653,#FF0000
6.660578361056,3.5887560326862,345089810554355,#FF0000
6.6618912944808,3.5933820944709,493470411896460,#FF0000
6.6624711311575,3.5956924347924,2561392260673421,#FF0000
6.6624303153389,3.5953071730203,280588016895715,#FF0000
6.6614102826281,3.5918784637139,583922429192104,#FF0000
6.6594301170578,3.5864136590597,773225890046756,#FF0000
6.6622324553118,3.5943426993367,242591777616461,#FF0000
6.6625516381766,3.5954904137361,296766941984944,#FF0000
6.6625746921764,3.5956374011249,303215861256952,#FF0000
6.6620766134562,3.5937412589195,334881978055340,#FF0000
6.6607980211806,3.5893618165013,542629577125078,#FF0000
6.6596260298455,3.5866957128361,201695041642258,#FF0000
6.6624834108233,3.5957827840637,314043673428227,#FF0000
6.6612460116366,3.5909908698491,503337914036301,#FF0000
6.6626121810885,3.5957084111912,391600431957495,#FF0000
6.658076021168,3.5844495772213,830998521148956,#FF0000
6.6635598730684,3.5991639163916,943627746456699,#FF0000
6.6608714757579,3.5895435448017,3803703379742107,#FF0000
6.6625746921764,3.5956374011249,4035379486550994,#FF0000
6.6622723664109,3.5945239581092,2982476262033225,#FF0000
6.6624919549634,3.5952734314531,4219519778115861,#FF0000
6.6625797266856,3.5955995905674,4481732801854760,#FF0000
6.6624772261623,3.5952395202839,476061200118971,#FF0000
6.6614127256016,3.5918897260366,521247445917346,#FF0000
6.6637848677009,3.5996656458107,5721556261218579,#FF0000
6.6624508157587,3.5955034269402,495473831602087,#FF0000
6.6618175126017,3.593148460961,970927700310862,#FF0000
6.6636155015596,3.599726292479,197184892229660,#FF0000
6.662528614221,3.5954352965014,504869563976523,#FF0000
6.6580684427922,3.5847057539297,2936498663335422,#FF0000
6.6624711311575,3.5956924347924,612287586400315,#FF0000
6.662430734076,3.5952218879388,665598854258052,#FF0000
6.6614612223796,3.5919391801914,770733586974672,#FF0000
6.6626410696484,3.5958177094047,776125706383960,#FF0000
6.6597790774392,3.586960980876,959340278143001,#FF0000
6.6605419307431,3.5887734744268,1110721079434586,#FF0000
6.6627633059282,3.597059875646,786211272034690,#FF0000
6.6625503455777,3.5955367735675,836169337251883,#FF0000
6.6619358322071,3.5933483351691,259941392304764,#FF0000
6.6624392224362,3.5954047303857,836488110553253,#FF0000
6.6624204501524,3.595043942762,267750735047389,#FF0000
6.6592857754927,3.5861925896703,891002981454658,#FF0000
6.6624598393574,3.5956011062307,918828315580291,#FF0000
6.6626954815472,3.5960318722892,112216287601186,#FF0000
6.6627021620497,3.596829006883,147529133947680,#FF0000
6.6626977015262,3.5960720181044,1152372445262672,#FF0000
6.6618553935241,3.5932561618387,1738216296361281,#FF0000
6.6605096371605,3.5885574161632,3034849576746440,#FF0000
6.6604987158488,3.5886870880221,148391330595009,#FF0000
6.6627608495553,3.596286986715,1158816557969976,#FF0000
6.6632864599364,3.5980004600995,4223118597738908,#FF0000
6.6615113808051,3.5922055833713,919829072149020,#FF0000
6.6624901483915,3.5958753321035,1451662685167320,#FF0000
6.6505821023446,3.5754861111111,4096255403729355,#FF0000
6.6618622987145,3.5930845619239,378112350175472,#FF0000
6.6626352993524,3.5958552956919,1549602172097978,#FF0000
6.6627934504018,3.5963373844918,174119074607099,#FF0000
6.6596042443766,3.5866457205272,1424931781176149,#FF0000
6.6625200647705,3.5960787482332,193926289219076,#FF0000
6.6615006840496,3.5919832564194,300431905019180,#FF0000
6.6620366757001,3.5936530119669,565470584418976,#FF0000
6.6590728598855,3.5858739983174,797240767620622,#FF0000
6.6627283327645,3.5961803770351,251141966786293,#FF0000
6.6623708314832,3.5948356537213,482000003110949,#FF0000
6.6623389162899,3.5947323404379,929821937862751,#FF0000
6.6625200647705,3.5960787482332,2550440901925505,#FF0000
6.6617147613529,3.5926095949386,772019030023196,#FF0000
6.661105064844,3.5903768801031,776674369651662,#FF0000
6.6627892704852,3.5963888888889,2842990045950907,#FF0000
6.6607516543744,3.589427127849,301868394944660,#FF0000
6.6624901483915,3.5958753321035,318527093011290,#FF0000
6.6606345303249,3.5889510297123,460100831726248,#FF0000
6.6590948850519,3.585772110871,1163559970773827,#FF0000
6.6589782656699,3.5857104784391,212710857069474,#FF0000
6.6614716901178,3.5921121992858,318619083002317,#FF0000
6.6626673774043,3.595925531159,367997681321290,#FF0000
6.6626671566569,3.5959676364902,375471423809754,#FF0000
6.6595149851202,3.5866465014318,112411377573399,#FF0000
6.6625933148128,3.5964239139212,377855086897692,#FF0000
6.6615949020216,3.5916476089919,507969683890231,#FF0000
6.660398237966,3.5884086566968,842294719694724,#FF0000
6.6627283327645,3.5961803770351,3894158267359095,#FF0000
6.6630844092739,3.5975231839029,771652093354085,#FF0000
6.6623472222222,3.5947059030713,906805539885239,#FF0000
6.6626977015262,3.5960720181044,4005143409598921,#FF0000
6.662503192848,3.5959759058729,4139760172775837,#FF0000
6.662911218564,3.5967873523847,458337685269568,#FF0000
6.6617147613529,3.5926095949386,568422217879947,#FF0000
6.6591195921808,3.5859031228492,750055859003581,#FF0000
6.6590956930605,3.5857264035088,1172314009890095,#FF0000
6.6627608495553,3.596286986715,4162222380512228,#FF0000
6.6636155015596,3.599726292479,184275226885226,#FF0000
6.6625933148128,3.5964239139212,511162659903646,#FF0000
6.660002750275,3.5875152526733,1213107572472981,#FF0000
6.6604406382667,3.5885042735043,1348306858873551,#FF0000
6.6579523181374,3.5845339739342,227517315813145,#FF0000
6.6625653213494,3.5963188820907,518959632468577,#FF0000
6.6625403795234,3.596202649725,524916608923556,#FF0000
6.6629251600861,3.5968708529097,196872965613386,#FF0000
6.6615385145784,3.592297979798,471437240756789,#FF0000
6.6626671566569,3.5959676364902,772426876777989,#FF0000
6.6627313739942,3.5961350440739,795683211151061,#FF0000
6.6600065908102,3.5874441506314,270640244747562,#FF0000
6.6627892704852,3.5963888888889,809932569647324,#FF0000
6.6616947541187,3.5925384124506,1398023320572243,#FF0000
6.6632327859459,3.5978227303821,255968669603041,#FF0000
6.6619924187828,3.5935728825653,477092890080950,#FF0000
6.6625653213494,3.5963188820907,931748507367717,#FF0000
6.6630484064188,3.5972071704636,3907644859289552,#FF0000
6.6625403795234,3.596202649725,998235260948226,#FF0000
6.6623176224234,3.5946037388099,1215747478880002,#FF0000
6.6631396415904,3.5975331576636,1298765963858847,#FF0000
6.6621534104271,3.5941181894384,5529531120453789,#FF0000
6.6589782656699,3.5857104784391,132563448920151,#FF0000
6.6628310128114,3.5973138249855,132711805561482,#FF0000
6.6613023139585,3.5918571066504,4053694964709960,#FF0000
6.6635103912852,3.5988184781954,804016683833668,#FF0000
6.6630167074389,3.5970998754202,1383244642074033,#FF0000
6.6630555555556,3.5974187419421,145482164221892,#FF0000
6.661454008997,3.5914419030782,220654729488468,#FF0000
6.6611138613861,3.5905392941874,2286770684790185,#FF0000
6.6631683040104,3.597633006375,173542174681742,#FF0000
6.6592030418376,3.5861049382716,393867042335753,#FF0000
6.6598143099696,3.5870094761768,472117394050217,#FF0000
6.6609091999233,3.5896634441947,479358636729926,#FF0000
6.662959034006,3.5976729016384,184618013531417,#FF0000
6.662260957464,3.5944024838264,501093781043837,#FF0000
6.6610567206913,3.5904455889428,828813821339163,#FF0000
6.662959034006,3.5976729016384,306606334264278,#FF0000
6.661482419698,3.5919562794064,778435012876572,#FF0000
6.6629239283387,3.5975612738338,872517163342356,#FF0000
6.6630811333119,3.5973181870404,306856220814285,#FF0000
6.6608487756453,3.5897803644474,673422836783953,#FF0000
6.6630484064188,3.5972071704636,344760163900775,#FF0000
6.6629239283387,3.5975612738338,368435987938973,#FF0000
6.662678658835,3.5967174178774,870111110239289,#FF0000
6.6631683040104,3.597633006375,371249054302958,#FF0000
6.6600941012754,3.5876143584401,195463469068606,#FF0000
6.6602805280528,3.5879849003133,253645992932353,#FF0000
6.6613078703704,3.5911715999629,300593221562463,#FF0000
6.6631133923346,3.5976309428165,374976287199989,#FF0000
6.6633683156935,3.5983362044215,4149415025124744,#FF0000
6.6628815052403,3.5974409956455,425231338582444,#FF0000
6.6631113845231,3.5974273053753,470989054165288,#FF0000
6.6630167074389,3.5970998754202,478667889885809,#FF0000
6.6615119047619,3.5919692095778,1255833031530787,#FF0000
6.6603265445682,3.5880985851698,1846131372208447,#FF0000
6.6615703709293,3.591954448782,115095240629374,#FF0000
6.6630326784267,3.5973089366216,488677825669445,#FF0000
6.662339249543,3.5947371318872,498693541482540,#FF0000
6.6594289661319,3.5864888265545,987362495401473,#FF0000
6.6614005106243,3.5913480830758,1652305255160357,#FF0000
6.6630056999969,3.5972005296511,494015428582445,#FF0000
6.6603744453203,3.5882160288628,747396332618352,#FF0000
6.6602849399454,3.588084640829,483795386285895,#FF0000
6.6631396415904,3.5975331576636,514054553084478,#FF0000
6.6614313210269,3.5918679522565,333161181566548,#FF0000
6.661417162664,3.5916072995597,579204816805682,#FF0000
6.6628815052403,3.5974409956455,582888072690023,#FF0000
6.6634762997522,3.5987262747701,211225340581269,#FF0000
6.6632624173589,3.5979119390384,400012670975034,#FF0000
6.6606669439078,3.5890442364907,777511742915123,#FF0000
6.6630811333119,3.5973181870404,951525555657740,#FF0000
6.662147006753,3.594031317171,1444697379213886,#FF0000
6.6629737273524,3.5970917384509,958571704907668,#FF0000
6.661611996638,3.5922647128432,1061374411059063,#FF0000
6.6617703924286,3.5927258758689,1348694275512407,#FF0000
6.6612187524504,3.5908981959071,202372564895883,#FF0000
6.6627021620497,3.596829006883,793828531502947,#FF0000
6.6592626010461,3.5862256634798,908089113100221,#FF0000
6.662260957464,3.5944024838264,929959464492019,#FF0000
6.6632864599364,3.5980004600995,1059060284920769,#FF0000
6.6631578472222,3.5981404447688,1091786527975787,#FF0000
6.6607187559312,3.5892842109443,4560278933999345,#FF0000
6.6632560316571,3.5980591686263,1275536999532363,#FF0000
6.6630912120284,3.5979714123531,1749273561940328,#FF0000
6.6630437593716,3.5978814153092,191170566161982,#FF0000
6.6633062725438,3.5980893476558,1937639886412342,#FF0000
6.6614313679178,3.591903544995,2973491022934718,#FF0000
6.6596559268345,3.586915001677,172239584704100,#FF0000
6.6632327859459,3.5978227303821,197334855559406,#FF0000
6.6579001437269,3.5844391849394,267940495016008,#FF0000
6.6632156094425,3.5979537109765,217965033132882,#FF0000
6.6621182460593,3.59393156439,342446537303397,#FF0000
6.6633466896714,3.5982565929804,276595580786401,#FF0000
6.6610567206913,3.5904455889428,996971144375004,#FF0000
6.6622432431426,3.5943068765968,3892018260845930,#FF0000
6.663178185868,3.5978473998295,2884700545176434,#FF0000
6.4409035819484,3.5300148468798,214408370216083,#FF0000
6.4439380683453,3.5368922093494,462582498402001,#FF0000
6.4421775492088,3.5306996604183,1118736025299475,#FF0000
6.4360981864154,3.5034157755496,1183887975459946,#FF0000
6.4364637398319,3.505899822123,209337300791922,#FF0000
6.4360348547986,3.5031117731968,216784499933702,#FF0000
6.4442210029073,3.5373874724696,534110857975063,#FF0000
6.436948096887,3.5089307394223,2895869447367847,#FF0000
6.4364656930088,3.5060345672006,2961836667474791,#FF0000
6.4444076122713,3.5378337975179,3630915227134095,#FF0000
6.4359222054911,3.502959676131,217749423161170,#FF0000
6.4435680995381,3.52999558631,498733357836607,#FF0000
6.4359476496872,3.5024004141965,743762709629836,#FF0000
6.4427312378249,3.5353191392686,1381932462176521,#FF0000
6.4356124548987,3.5008463007838,1745547618982335,#FF0000
6.442881070826,3.5351039002752,1804099123093184,#FF0000
6.4425699302571,3.5337997422458,2972394279743990,#FF0000
6.4360532821331,3.5032497645061,224430212377975,#FF0000
6.4383833224271,3.5193209030616,280788560452473,#FF0000
6.4384569545737,3.5206141164455,511149749926185,#FF0000
6.4435612353376,3.5364932420723,4276961569005132,#FF0000
6.4359627174605,3.5031622213024,260091709148347,#FF0000
6.4363318344171,3.5059798351635,487889679302381,#FF0000
6.4405396257872,3.5290436547035,500523411379841,#FF0000
6.4401307929833,3.5277480637487,2525177284295600,#FF0000
6.4381882189491,3.5186705638479,2834480973506228,#FF0000
6.4360155050495,3.5028764859214,288388046104409,#FF0000
6.438488770486,3.519961691338,304328661356014,#FF0000
6.4412987114439,3.5304631405834,497991431554735,#FF0000
6.4388375511506,3.5219896316337,576256510019393,#FF0000
6.4389681735061,3.5229744010117,833529547373420,#FF0000
6.445348576093,3.5398356497499,1138061253373413,#FF0000
6.4433750874845,3.536019489717,1183983058688232,#FF0000
6.4374810958299,3.5129216304456,1769593366545362,#FF0000
6.4417947626164,3.5321245949735,293766305728225,#FF0000
6.4449865214293,3.5396493149269,1534175510106292,#FF0000
6.436034215607,3.503037306182,2912520222332807,#FF0000
6.4378560622927,3.5151827441071,2927291397558356,#FF0000
6.4372042152531,3.5107663646122,173496364574772,#FF0000
6.4368029315456,3.5079259543244,214301906885384,#FF0000
6.4385574338657,3.5203031993451,841045683179000,#FF0000
6.4359943108215,3.5034659231717,2989454187942628,#FF0000
6.4365911331233,3.5074644687791,168556468528445,#FF0000
6.4359322889181,3.5029643748932,496274271723828,#FF0000
6.439106244417,3.5240015420063,784993512403401,#FF0000
6.4366243087836,3.5076190844003,1201940150245733,#FF0000
6.4408984999026,3.5295500844732,206779901055722,#FF0000
6.4360181775303,3.5029756602547,749106125762594,#FF0000
6.4413983635514,3.5312904669511,480353406618243,#FF0000
6.4359391984448,3.503130290414,762782494381998,#FF0000
6.435679483489,3.5005372649869,2897556730464553,#FF0000
6.4366300470248,3.5068377569947,464980251275701,#FF0000
6.4360715461664,3.5033903070296,777050353012021,#FF0000
6.4359156656296,3.503021317423,809251883326433,#FF0000
6.4373837745383,3.5123035642549,935001047291682,#FF0000
6.4387189270878,3.5225739691925,763252917708676,#FF0000
6.4360729753691,3.5032370231779,813065105996790,#FF0000
6.4369335325093,3.5087949432403,841848759746591,#FF0000
6.4391102313226,3.5247657749874,911431669400966,#FF0000
6.4405335701476,3.5286443028566,135073465279782,#FF0000
6.4390679698798,3.5237426570145,376582373671722,#FF0000
6.4359612899044,3.5033011339519,954064742021146,#FF0000
6.4420033816447,3.5306919844279,1195085417615576,#FF0000
6.4401569997243,3.5277125346431,131686848995274,#FF0000
6.444034455087,3.5375544983937,298246268342997,#FF0000
6.4407815183852,3.529317987445,839779803294138,#FF0000
6.4359769386745,3.5033575508219,985492765590007,#FF0000
6.4439439492677,3.5375758041445,2559590014342933,#FF0000
6.4382919791157,3.5187755661101,183131767011540,#FF0000
6.4369700817478,3.5100368205631,194891375801079,#FF0000
6.4359340622752,3.5023235389342,238018381453378,#FF0000
6.4376888210028,3.5141708715396,382193779694170,#FF0000
6.4437681494605,3.536688326658,283606270084328,#FF0000
6.4411114767951,3.5300156266628,828622478067035,#FF0000
6.4359697991899,3.5025566439008,2797008783885218,#FF0000
6.4434907041447,3.5300317391424,2951362121806716,#FF0000
6.4435436138065,3.5299788621486,2991061171106144,#FF0000
6.4384654280458,3.5208094059028,193470979167396,#FF0000
6.4359118534261,3.5027949814314,288029366293223,#FF0000
6.441599158843,3.5316330643483,154990113174704,#FF0000
6.4383409355937,3.5185117448177,248176873759027,#FF0000
6.4358415838292,3.502283083705,296429608862753,#FF0000
6.4366350717115,3.5069454402064,3005552866387400,#FF0000
6.4401032243669,3.5275899950784,171542874873589,#FF0000
6.4416195813523,3.5308742280595,220661363154073,#FF0000
6.4435094912227,3.5363664172932,2016601898477668,#FF0000
6.435861725789,3.5024589781594,3998520280240810,#FF0000
6.4437341880521,3.5368931751831,1411121439224057,#FF0000
6.4359931822543,3.5027145892781,4263104727055033,#FF0000
6.4376247484445,3.5137232424522,195155962442857,#FF0000
6.4429877275829,3.5352371572326,322465915990527,#FF0000
6.4359528062865,3.5024497426455,468600141094103,#FF0000
6.4381192772948,3.5167880417182,532575574568559,#FF0000
6.4370217350444,3.5097209141919,627768045288311,#FF0000
6.436887528499,3.5085688011281,841642606751686,#FF0000
6.4368336737828,3.5081073833175,947483356044110,#FF0000
6.4384449279383,3.5204340814212,3915270951842654,#FF0000
6.4360011772144,3.5028418170923,476392890255120,#FF0000
6.4435606219759,3.5298263742311,514536079922134,#FF0000
6.4420960932316,3.5326882196626,465511438072471,#FF0000
6.4358693851635,3.5025577601904,479292246723890,#FF0000
6.4355325630268,3.5002130438988,901280727271371,#FF0000
6.4372592458436,3.5113196589416,1218048991947208,#FF0000
6.4361777609137,3.5040891744785,467667901230078,#FF0000
6.4358802897516,3.5026290329004,505244657326902,#FF0000
6.4438230915013,3.5372699335229,176398537605839,#FF0000
6.4359849629127,3.502709541087,603754590584396,#FF0000
6.4404218487313,3.5283841368123,875959763011876,#FF0000
6.4373494379178,3.5120182731239,376897410307462,#FF0000
6.4358336240381,3.5023552093842,747481192613580,#FF0000
6.4404729770887,3.5289113360036,2202413699890148,#FF0000
6.4357829524083,3.5012912238647,479478446462123,#FF0000
6.4359691305667,3.5025786878664,767999403910691,#FF0000
6.4387974811058,3.5228736321325,808812776401520,#FF0000
6.4381285769011,3.5171604230222,197128752125886,#FF0000
6.4377311690754,3.5155481139283,472819133806845,#FF0000
6.4358967359967,3.5027615464182,907346149842139,#FF0000
6.4366810272893,3.5081039010372,1220379041747180,#FF0000
6.4368501950705,3.5082653195353,1939143699574207,#FF0000
6.438976741022,3.5231133286289,161647425909209,#FF0000
6.4358002370683,3.5022818128737,960377767839000,#FF0000
6.4393305578691,3.5253660351594,301903674905338,#FF0000
6.438198013829,3.5176678509464,463684221401615,#FF0000
6.4382734168184,3.5186320628825,513595093102694,#FF0000
6.4358681819146,3.5019386288126,1193931137732416,#FF0000
6.4370473928871,3.5104774784367,1734190066768351,#FF0000
6.4384796471903,3.5198784405917,2920517948205551,#FF0000
6.4357377463495,3.5011014203474,171568094871717,#FF0000
6.4414589291691,3.5305295508738,313237693535089,#FF0000
6.4422472891697,3.5307110778512,320909912754367,#FF0000
6.4432935155699,3.5358297349705,762965104322510,#FF0000
6.4376082827845,3.5137344861354,903410750219444,#FF0000
6.4358210520252,3.5016803452922,1412833195739361,#FF0000
6.4388754517872,3.522318932365,174748674611710,#FF0000
6.4444873742161,3.5379822400023,296699502011126,#FF0000
6.4356986747006,3.5006922454585,469287914351283,#FF0000
6.4358439161951,3.5018091168669,1500914853584912,#FF0000
6.436993360534,3.5093788632829,2917913658463684,#FF0000
6.4357658897077,3.501747991148,172901374743203,#FF0000
6.4390988049324,3.5247325636359,176942207552453,#FF0000
6.4371050263925,3.5111468039078,500437764327394,#FF0000
6.4357615126551,3.5017227026572,391422891930025,#FF0000
6.4366713197112,3.5080566990758,492643982083415,#FF0000
6.4449900636573,3.5397497891631,295998178693649,#FF0000
6.4402926929628,3.5285126252804,479007470019718,#FF0000
6.4359106691198,3.5022075609345,4128186997244562,#FF0000
6.4394742185933,3.5264545858706,160542026021409,#FF0000
6.4357239928329,3.5008442675418,248624000348044,#FF0000
6.4436086581017,3.5363887093883,330346651822778,#FF0000
6.4358168324751,3.5021410895391,476050226839919,#FF0000
6.4393522216722,3.5261059090981,494678411576267,#FF0000
6.4408431211091,3.5294027367601,376964576954871,#FF0000
6.4384553679951,3.5194204858371,474344167012411,#FF0000
6.4357981523315,3.5019314046086,482024759799185,#FF0000
6.4428876478216,3.5346653417561,586856628856997,#FF0000
6.4374146567546,3.5122874147056,3310741835695449,#FF0000
6.4358926397184,3.5020674984714,489438082259201,#FF0000
6.439431620706,3.5259008041083,984988348907836,#FF0000
6.4367879836685,3.5078043522403,1156483458098990,#FF0000
6.4445447526985,3.5381357102997,301399538161569,#FF0000
6.4358145169728,3.5021135242218,516021849430669,#FF0000
6.4412135653699,3.5307950553813,963066051136911,#FF0000
6.4386313508759,3.5219433920788,165782162036004,#FF0000
6.4454245020377,3.5412091733394,480328543075696,#FF0000
6.4357829398922,3.5019342980128,547442616242788,#FF0000
6.4373242790738,3.5117160229585,484373256320999,#FF0000
6.4358843170266,3.5020445206058,762066387745183,#FF0000
6.4371332874281,3.5109707654374,1100313353786483,#FF0000
6.4432368126347,3.5354338146315,490281632393016,#FF0000
6.4358637982547,3.5018668653302,862945840925758,#FF0000
6.4403581411165,3.5286668186093,1159948941146445,#FF0000
6.4413008016733,3.5310440065598,1738213143024519,#FF0000
6.4362146489755,3.5043507135894,183103617017878,#FF0000
6.4407248489476,3.5296460439916,524636332277603,#FF0000
6.4375256991738,3.5140445760907,767746027437631,#FF0000
6.4358296199212,3.5017271020708,937898077041591,#FF0000
6.4395202381995,3.5262386859325,1954432064733682,#FF0000
6.4378986765949,3.5155880067606,375831007110850,#FF0000
6.4423002707545,3.5307077311769,757710661607214,#FF0000
6.4359130599169,3.5021966516256,991412884997156,#FF0000
6.4357530272994,3.5012089788491,162358189153546,#FF0000
6.4368474702727,3.508219412518,272607557932608,#FF0000
6.4391738839703,3.5252620762448,517263566125838,#FF0000
6.4356280084801,3.5001801382518,140376081439143,#FF0000
6.4357877326531,3.5014339225222,221988735985710,#FF0000
6.4372470078109,3.5109863082652,1115293738979034,#FF0000
6.441306856976,3.5310286871177,1585847101614193,#FF0000
6.4378536079822,3.5163290848785,206415597775341,#FF0000
6.4376417203815,3.5150249139573,305801381159095,#FF0000
6.4387108280517,3.5212518893304,327881778854555,#FF0000
6.4414012958516,3.5312579690459,466521571082241,#FF0000
6.4388106329149,3.522052806812,1629374817261738,#FF0000
6.4357484976186,3.5009806540995,2797727920557416,#FF0000
6.4424468217073,3.5306954170192,188268406478029,#FF0000
6.435771934628,3.501131414288,300487141544321,#FF0000
6.4418266261694,3.5307568653221,304848547837847,#FF0000
6.4426746159168,3.5352356429778,539333393738860,#FF0000
6.4430211358912,3.5306543275141,139832704807625,#FF0000
6.4357979192442,3.5014353139528,476135387028520,#FF0000
6.4427263243126,3.5352552149825,820734592131096,#FF0000
6.4386507760101,3.5208003345375,218219633439012,#FF0000
6.4357713735702,3.5013194138462,785578538760949,#FF0000
6.4365304409547,3.5071491544722,810335296268273,#FF0000
6.4357552990826,3.5015516864378,825777338065716,#FF0000
6.4388527165898,3.5222900558751,977532919452323,#FF0000
6.4372249000096,3.5109027246732,3829727917152628,#FF0000
6.4412473377589,3.5308662710927,5846568462050720,#FF0000
6.4358141525479,3.5015757423884,825818101697372,#FF0000
6.4372092414197,3.5114792222079,311110947061845,#FF0000
6.4358033891618,3.5015539480489,831692154098719,#FF0000
6.4371799803562,3.5107354843227,903169313583169,#FF0000
6.4380105871932,3.5164128803971,2568688476766736,#FF0000
6.4386204802079,3.520643158782,218359783078181,#FF0000
6.441723739279,3.5319852506057,285302339965758,#FF0000
6.4391929322125,3.5245268782767,298214771791348,#FF0000
6.4433711766049,3.5306580863097,306627817534210,#FF0000
6.4427995958332,3.5343871151683,497294958060994,#FF0000
6.4363653892142,3.5059631096112,845867116334608,#FF0000
6.4364466895838,3.5059082938412,1137656836646133,#FF0000
6.4369966749806,3.5093295569667,181248400536483,#FF0000
6.4366528076413,3.5070359679271,261571955699460,#FF0000
6.4364268651452,3.5057749538181,1354747298278248,#FF0000
6.4364067887661,3.5056397494088,150720847021387,#FF0000
6.4429580176053,3.5348119694293,315791613245642,#FF0000
6.438828035755,3.5218175581238,464585517967750,#FF0000
6.4428834181845,3.5348432163458,1691360781051378,#FF0000
6.4423916772132,3.5336582478983,902154473962728,#FF0000
6.436424645978,3.5056344641207,2887506638167825,#FF0000
6.4370445123476,3.5105595179086,204491508148764,#FF0000
6.4420971815186,3.5325937531426,301278858159028,#FF0000
6.4372160385608,3.5108322172549,314480240070723,#FF0000
6.4363879299159,3.5055091054753,375139150488498,#FF0000
6.4378821383755,3.5154064296078,1121295801711992,#FF0000
6.4443419506836,3.5383004689533,1616119615255439,#FF0000
6.4357235502303,3.5009947388397,308153817384998,#FF0000
6.4367370677722,3.5074552109455,505648533921691,#FF0000
6.4363951551413,3.5055157884815,836690056947202,#FF0000
6.4402819702033,3.5281520329643,3965433420243501,#FF0000
6.4441338282511,3.5373266744213,295040545538738,#FF0000
6.4396218544259,3.5266571730523,900603820507071,#FF0000
6.4378245454249,3.5161315844534,941207119989574,#FF0000
6.436442600348,3.5057622715874,969400537140232,#FF0000
6.4388934912589,3.5233424001004,1443670705972877,#FF0000
6.4433303870391,3.5357300297525,937233140454204,#FF0000
6.4360392635054,3.5037240191409,1268847326863282,#FF0000
6.4409497222366,3.5296083188249,2383395938471743,#FF0000
6.4360192743065,3.5037494380755,135671768550065,#FF0000
6.4361583871972,3.5039552757506,150085357087956,#FF0000
6.4370019161273,3.5094527376087,295975625340761,#FF0000
6.4374711943829,3.5136772531747,501872321016256,#FF0000
6.437182978331,3.5113100668999,812398499677635,#FF0000
6.4430359348599,3.5306929756474,944794363002714,#FF0000
6.4385842551326,3.5216591452293,2956317731271857,#FF0000
6.4429705250183,3.5347799640662,478253513444068,#FF0000
6.4423162825215,3.5335152714487,817147595577823,#FF0000
6.4437663390539,3.5368706816164,825641091665140,#FF0000
6.4361354709964,3.5038171208884,1773159569550616,#FF0000
6.4408628941401,3.5294428297211,2884186578495904,#FF0000
6.4360523814285,3.5037909229446,219168819661734,#FF0000
6.4400650261771,3.5278526891184,271434248009024,#FF0000
6.439136837212,3.5249387571944,470304147578032,#FF0000
6.4408209343188,3.5293555597451,480678503146263,#FF0000
6.4428419947215,3.5352431810522,152140443548057,#FF0000
6.4360081007105,3.5035449626657,294663398878760,#FF0000
6.4391263622547,3.524130790512,513219826527115,#FF0000
6.4384259614324,3.519441686575,516837426349855,#FF0000
6.4420447390097,3.5328579734623,2493196057492472,#FF0000
6.4438714409671,3.5367638943827,176077387740445,#FF0000
6.4368091026558,3.5078723434565,379902283290120,#FF0000
6.436022127106,3.503619567856,3061989310697057,#FF0000
6.4360894184139,3.5035330579625,313128456872157,#FF0000
6.4372008081562,3.5108032753811,328381802254989,#FF0000
6.4438865075016,3.537420365293,897654587751038,#FF0000
6.4370617264851,3.5099804361981,1098105144007147,#FF0000
6.4417463684127,3.5307966680602,1964488997060253,#FF0000
6.4367667013557,3.509062597498,158771072777820,#FF0000
6.439311736627,3.5254738215855,314198413442251,#FF0000
6.4361125433077,3.5036755766632,466477647966826,#FF0000
6.4367544351215,3.5085041707659,739173710091717,#FF0000
6.4392918279171,3.5259249646467,340250837432965,#FF0000
6.4361115281337,3.5035900538655,473702690561445,#FF0000
6.4368424993275,3.508188366656,516680856001628,#FF0000
6.4402775101996,3.5279818554386,763394347704943,#FF0000
6.4367892046985,3.5076185704809,921651975351012,#FF0000
6.4399492427323,3.5273078267354,326273799007926,#FF0000
6.4360692470239,3.5039552661274,512441396602331,#FF0000
6.4436033274495,3.5366291383071,133264378833139,#FF0000
6.4376450756453,3.5138609635735,138727434939500,#FF0000
6.4389294835042,3.5227592891587,172431291460614,#FF0000
6.4366399376165,3.5078903796655,309661650564910,#FF0000
6.4360857063846,3.504119294314,539086963763043,#FF0000
6.4371345292104,3.5105334698235,545694313260808,#FF0000
6.4363465541932,3.5058330363238,141977071243079,#FF0000
6.4422496244737,3.5333656989776,150389176983535,#FF0000
6.4362553129153,3.5052323824696,217191919895260,#FF0000
6.4378592882346,3.5152513899484,378914560072161,#FF0000
6.4361215170667,3.5037658528232,771756933704753,#FF0000
6.4366968501249,3.507256336351,1372588049806802,#FF0000
6.43619692764,3.5042205258666,196458738975362,#FF0000
6.4396085211642,3.526795085322,293224972278071,#FF0000
6.4393896533606,3.5263003845054,485397999403933,#FF0000
6.4369730208903,3.5090993991589,778827656336131,#FF0000
6.4361455464264,3.5039345685477,804009746976255,#FF0000
6.4363828773809,3.5060979116372,933660790764316,#FF0000
6.4363501452614,3.5052289137633,1780697185470168,#FF0000
6.4361011662734,3.504281440047,143398424371836,#FF0000
6.4377576102147,3.5156088956376,302383691349141,#FF0000
6.4360844074797,3.5040699358522,916976369141367,#FF0000
6.4437900830532,3.5370188497582,462457094848064,#FF0000
6.4360554370557,3.5038984304781,920768131831789,#FF0000
6.4446958840725,3.5390924629619,179704227355531,#FF0000
6.4435542125434,3.5299054947209,218594560030164,#FF0000
6.443511099353,3.5306539338151,251227730023180,#FF0000
6.4361769703484,3.5040998428312,954604048628041,#FF0000
6.4356920637312,3.5012918745065,1167971570331259,#FF0000
6.4357276950335,3.5015086415656,153372633410147,#FF0000
6.4387491537874,3.5213008403064,160390899421987,#FF0000
6.4401312660929,3.5276501125362,321637562676319,#FF0000
6.4432224933444,3.5306899963718,507350570299183,#FF0000
6.4408155208247,3.5298176202875,2042954892509902,#FF0000
6.4362997175953,3.5048641951996,171952608066339,#FF0000
6.4356521045013,3.5010777070876,214385000206766,#FF0000
6.4384716604891,3.5206101372947,271681631361941,#FF0000
6.438883858723,3.5223849476698,376233800380223,#FF0000
6.4381568314656,3.5185056560097,467589530981649,#FF0000
6.4374052687472,3.5124464599243,848559349077830,#FF0000
6.4376121229664,3.5136665027579,4178993415490890,#FF0000
6.4356447534381,3.5010176371658,4624531534240407,#FF0000
6.4378291632111,3.5153430956093,479769803257960,#FF0000
6.4357038234556,3.5015238358966,600651447559461,#FF0000
6.436507583871,3.5061628640212,790791848233419,#FF0000
6.4418424852071,3.5320216615164,2946394602347122,#FF0000
6.4365640492361,3.5064812736942,3711802698942638,#FF0000
6.4428479987199,3.5349892391355,312729450567385,#FF0000
6.4357180553391,3.5013805587114,671273440347649,#FF0000
6.4403993999758,3.5283276624194,465096307931741,#FF0000
6.437308271123,3.5126425061368,900436070804427,#FF0000
6.4356829345858,3.5012014368483,945008876286646,#FF0000
6.4443275287636,3.5381815493249,248335273646787,#FF0000
6.4431938789893,3.535576986264,272267587936722,#FF0000
6.4373380280509,3.5117392598113,540003336989311,#FF0000
6.4387294630301,3.5224720383492,896462714529203,#FF0000
6.435671546353,3.500525761274,1366491683723968,#FF0000
6.4371454317129,3.5114339051099,1867591876752777,#FF0000
6.4436022652398,3.5302958893835,124972409605323,#FF0000
6.444955754009,3.5395703648858,162155912428139,#FF0000
6.4356909912434,3.5006601878785,197693718862858,#FF0000
6.4363345771479,3.5058273157244,293624582481104,#FF0000
6.4413600414355,3.5312148053234,887047688804454,#FF0000
6.4375610823013,3.5132725751819,512955213394114,#FF0000
6.4355656465229,3.5006348665358,2865015073752271,#FF0000
6.4355671421307,3.5004241383415,299770004953716,#FF0000
6.4375159604754,3.5130892398358,758360148159197,#FF0000
6.4389724265893,3.523925312592,3030203203875202,#FF0000
6.4409336997574,3.5301384376976,1052206071852606,#FF0000
6.4356631134792,3.5004116180812,3131958520365007,#FF0000
6.4382088698382,3.5178327228367,137940298265863,#FF0000
6.43558547278,3.500654109876,314145090289382,#FF0000
6.4414190708283,3.5307710416581,317668069718584,#FF0000
6.4375459740284,3.5142137099155,131656682344271,#FF0000
6.4365935447477,3.5076046277117,180595323833573,#FF0000
6.4391479598086,3.5242615667803,372679774132126,#FF0000
6.4370067198095,3.5095306199769,617498249648776,#FF0000
6.4375450476914,3.5131567738848,1371917293172364,#FF0000
6.4355825309402,3.5007419155484,3360118650981375,#FF0000
6.4399157523295,3.527268124627,368230587939742,#FF0000
6.4393494968745,3.5255908622249,798468331045130,#FF0000
6.4380661662012,3.5178718996937,1081547235704070,#FF0000
6.4356048545504,3.5008388343859,3945496035534328,#FF0000
6.4355325457406,3.5004742517851,744783159530860,#FF0000
6.4435025329984,3.5298055498452,916973022473372,#FF0000
6.4357128883225,3.5008875266526,807764466510615,#FF0000
6.4365235599371,3.5073913243061,964331334370260,#FF0000
6.4367395915187,3.5073207244939,216047400005877,#FF0000
6.4416833440123,3.5315573394155,426181718426443,#FF0000
6.4357017604072,3.5007769287117,885311378724639,#FF0000
6.4373965224476,3.5132443031574,2267792336691196,#FF0000
6.4381886812956,3.5174368020057,296655348708177,#FF0000
6.4356587833698,3.5003618414889,981827579292947,#FF0000
6.4365270948408,3.5072297572908,1016933108839469,#FF0000
6.437205400351,3.5108979430927,3885606091557142,#FF0000
6.4442864853913,3.5375165663572,374823180520890,#FF0000
6.4364578869142,3.506799038038,1199628553801011,#FF0000
6.4398021592639,3.5269975752045,1208463752909491,#FF0000
6.445246158458,3.5396570526045,2957368771165805,#FF0000
6.436671237551,3.5071342729714,147119150719823,#FF0000
6.4388116296392,3.5217284095409,285387433272160,#FF0000
6.436499271719,3.507043288191,472872197154015,#FF0000
6.4381771502013,3.5185978555894,480281519849916,#FF0000
6.4361768968063,3.5049863777186,768209470558618,#FF0000
6.4444398978931,3.5381754504585,972990146779715,#FF0000
6.4430260872281,3.5353034871142,2626715134287533,#FF0000
6.4364158238035,3.5067159241903,237011911526954,#FF0000
6.4374095493233,3.5131230745649,790433865173253,#FF0000
6.437104408602,3.5101970046931,897679194124719,#FF0000
6.4386500294216,3.5208744051698,1182656928855276,#FF0000
6.4434912581535,3.5306843454337,2930708043850147,#FF0000
6.4364456606702,3.5068489082262,267341428419397,#FF0000
6.4408729243273,3.5298968784372,311098133758226,#FF0000
6.4373713168905,3.5118787934443,515502506291120,#FF0000
6.4404496481508,3.5289566600875,840545523214315,#FF0000
6.4435606219759,3.5298263742311,1001503650589834,#FF0000
6.4424211959339,3.5333542057733,1882740251902165,#FF0000
6.4398877858804,3.5271599559201,250250293554100,#FF0000
6.4364345065708,3.5065709360242,467000094574451,#FF0000
6.4369233746889,3.5094368387211,2970264403297995,#FF0000
6.4364788748857,3.5069871004331,2970264406631328,#FF0000
6.4389050086733,3.5225508050361,4205834516199638,#FF0000
6.436593848628,3.5066632958066,299213698457383,#FF0000
6.4374483792109,3.5136391129026,931824554028291,#FF0000
6.4366012316474,3.5066984753377,301119138165662,#FF0000
6.4391042642237,3.5241823910344,313547283659514,#FF0000
6.4366734581031,3.5070985689339,312224883618055,#FF0000
6.4413886482242,3.5309632198027,478056279969747,#FF0000
6.4380898403344,3.5170519929148,758709301681442,#FF0000
6.4435230475775,3.5297901120808,793772454614293,#FF0000
6.4442557749721,3.5381841498188,1974876772668516,#FF0000
6.4371599554472,3.5111398513386,162430082477657,#FF0000
6.436454067552,3.5066786265552,312653303649000,#FF0000
6.4453455242879,3.5409099274794,568767757846052,#FF0000
6.4416702598743,3.5318389329926,1116019292215393,#FF0000
6.4416345495997,3.5314798762994,2904447999875671,#FF0000
6.4410628533381,3.5305063007138,152930323458109,#FF0000
6.436684144716,3.5071800836785,323133659198607,#FF0000
6.4380184529436,3.516466712878,825591184715016,#FF0000
6.4382779104916,3.5191112431299,1239249056490058,#FF0000
6.4406630822431,3.5294352287975,2832625003666614,#FF0000
6.4410595296099,3.5302888287251,135641918593275,#FF0000
6.4366449286119,3.5069248979951,363544961814135,#FF0000
6.4390390139406,3.5235436010848,470367347554562,#FF0000
6.4433929415986,3.5306981153183,491511872126276,#FF0000
6.4389410502047,3.5228409215089,218344609741321,#FF0000
6.4364764108849,3.5069191482775,457900015253778,#FF0000
6.43732184087,3.511637338033,831973021073307,#FF0000
6.4365047236881,3.5072852782121,462898904774175,#FF0000
6.4382913121073,3.5184791074388,1435697863447436,#FF0000
6.4370257243042,3.510322097806,314683550035219,#FF0000
6.4366318501772,3.5068380715787,475077050410034,#FF0000
6.4377008625239,3.515359296877,106260654884121,#FF0000
6.4427209938249,3.5341993378851,179571787393007,#FF0000
6.4379934518397,3.5172062171324,217828656484153,#FF0000
6.4366596949106,3.5070141803819,493404931713856,#FF0000
6.4435055758564,3.5305703627039,931930377595807,#FF0000
6.4443724571768,3.5381227088405,1975328385954829,#FF0000
6.4404735734216,3.5285035281065,4027959280594219,#FF0000
6.4378984710789,3.5166946211463,178655810804997,#FF0000
6.4361408659669,3.5044196823977,228056412423103,#FF0000
6.4396777744743,3.5267141266488,470266924051716,#FF0000
6.4431276902461,3.535127092196,475971460185429,#FF0000
6.4364737218427,3.5068880756348,579260003020907,#FF0000
6.4388273796629,3.5220395083538,4509717079057660,#FF0000
6.4366137064716,3.5067505543847,584508769181193,#FF0000
6.4364826108175,3.5060372297288,748161455870866,#FF0000
6.436494771047,3.5071103663486,794855268120151,#FF0000
6.4390108136798,3.5234026167092,832258034338874,#FF0000
6.4403495785974,3.5285868657219,873053393553671,#FF0000
6.4434833104131,3.530076913943,316883086487721,#FF0000
6.4400857112395,3.5276260698788,510448220315039,#FF0000
6.4365489709461,3.5072520538572,800380350898323,#FF0000
6.4369219819263,3.508706846646,183888720272881,#FF0000
6.4441467281791,3.5372640506101,320735979412987,#FF0000
6.4367095951276,3.5072158334665,951338228760089,#FF0000
6.4365286416357,3.5063751212405,1117883505287153,#FF0000
6.4379589000798,3.5159513781193,1368285610209940,#FF0000
6.4436080223786,3.53009297422,156787233057032,#FF0000
6.4364254552092,3.5064324919954,261492202393034,#FF0000
6.4386073266202,3.5215861325987,1105625366626709,#FF0000
6.4411418833532,3.5305851527319,153300310016665,#FF0000
6.4374000044199,3.5121295744877,196872115467984,#FF0000
6.4365727400595,3.5065740413427,265806571958371,#FF0000
6.4399581280213,3.5273857537353,319351712894023,#FF0000
6.442500182445,3.5307014668323,518382275828798,#FF0000
6.4408722445874,3.5299516297547,1001376197334901,#FF0000
6.440504564933,3.5285704468594,4268751063170215,#FF0000
6.4380431672639,3.5164933102279,165803215545107,#FF0000
6.4363943459434,3.5062399570236,314711430262284,#FF0000
6.43637372376,3.5053741666395,1548606415345773,#FF0000
6.4427128015062,3.5352239639512,2863692540561814,#FF0000
6.4372843977667,3.5121521336206,2951723361815731,#FF0000
6.4364412037273,3.5065365565772,326875142129888,#FF0000
6.4392640831251,3.5256780325769,485949032747664,#FF0000
6.4374703066914,3.5137449223016,181530437166411,#FF0000
6.4365059454997,3.5062678475708,473111057092846,#FF0000
6.4436060316858,3.5302132496424,543852213442563,#FF0000
6.4404457754941,3.5284410092295,764203690960913,#FF0000
6.4372503070952,3.5111012684412,932964890832458,#FF0000
6.4375727500415,3.5144004727604,136951155086685,#FF0000
6.4365465294557,3.5063939369322,509100390212591,#FF0000
6.439514274959,3.5263786580264,1123931364788654,#FF0000
6.4418704149138,3.5324411259182,133015832205422,#FF0000
6.4445472972509,3.5380931332427,473548337063168,#FF0000
6.436427413366,3.5063945110015,530925637905604,#FF0000
6.4368435421951,3.5089533520047,2116147561859729,#FF0000
6.4365884267553,3.5065590534122,533065617849491,#FF0000
6.4378030883432,3.5150632388428,1204610189999527,#FF0000
6.4451768947798,3.54022518791,2874098739529322,#FF0000
6.4421360551998,3.5330977265395,4319501738081841,#FF0000
6.442609877064,3.5342582361493,380248983238934,#FF0000
6.4365226269013,3.5062892370267,540736577091173,#FF0000
6.4555124606694,3.248162246033,177933187519919,#FF0000
6.4597271156888,3.2075359164379,1374484536277772,#FF0000
6.4603439626048,3.2049512394055,1741634196040469,#FF0000
6.459697957637,3.2075304544742,1201132600340350,#FF0000
6.459603013541,3.2230104946137,1440541756282432,#FF0000
6.4555302057445,3.2480170256696,1958663254283277,#FF0000
6.4595017786713,3.2120031647319,130265175804504,#FF0000
6.4555500780262,3.2482910709224,202811871655667,#FF0000
6.4596099318941,3.222925274133,203702394676948,#FF0000
6.461229841041,3.2043619425867,4493564454005199,#FF0000
6.4556242781052,3.2482873616261,205907431104192,#FF0000
6.4581378754702,3.2380470502104,529575221761243,#FF0000
6.45555045009,3.2478448384493,309693984008540,#FF0000
6.4598234644354,3.2067703824339,397500028311268,#FF0000
6.4745933106614,3.2024128791708,840040273263239,#FF0000
6.4554457164667,3.2497660403122,275371260984725,#FF0000
6.4555400125591,3.2479338018067,310513990466285,#FF0000
6.4593512169545,3.2341488251647,276455004125713,#FF0000
6.4555097620593,3.2482209482449,317178880033825,#FF0000
6.455627646105,3.2483027372177,322338132576464,#FF0000
6.4770501375282,3.2015700693828,3009328575951726,#FF0000
6.4559724419516,3.2456649701599,207915457542167,#FF0000
6.4556242781052,3.2482873616261,367936391262072,#FF0000
6.4555625777585,3.2477527241706,375363637048621,#FF0000
6.4556055043543,3.2482881865353,448548822876207,#FF0000
6.4596169196874,3.2093805731611,529300051569250,#FF0000
6.4593833937205,3.2125589370951,970490613763856,#FF0000
6.4590733441281,3.2351174860986,3710334495744607,#FF0000
6.4555500780262,3.2482910709224,490240005508614,#FF0000
6.4596250421309,3.2242008561025,244648267410465,#FF0000
6.4612857423051,3.2028856065523,528811961611926,#FF0000
6.4555290569646,3.2482827931683,935067647286520,#FF0000
6.4563314830583,3.2445784243176,136003735176057,#FF0000
6.4596994891737,3.2077136916936,221941246358805,#FF0000
6.4657398808888,3.2058271869678,305961011240161,#FF0000
6.4555223287333,3.2480937877192,945833976153358,#FF0000
6.4695313096388,3.2045830649331,744528876236515,#FF0000
6.4554972946561,3.2488128115709,1185445865210645,#FF0000
6.455579411827,3.2487123671957,138215938277062,#FF0000
6.4667777194935,3.2057197268277,262746385593516,#FF0000
6.4555862246581,3.2485869958025,231371175406357,#FF0000
6.4555489335315,3.2487475010124,287403316209054,#FF0000
6.463712584529,3.2052216343982,309395170757535,#FF0000
6.4556157393352,3.2483258163456,288511409473068,#FF0000
6.455428623542,3.2494414302208,3899359430171063,#FF0000
6.4555975324275,3.2484509320232,372634840692546,#FF0000
6.4576168901188,3.2397699922419,495004558603573,#FF0000
6.4566394559379,3.2436538519489,502043847816644,#FF0000
6.4687490632285,3.2049361008225,1114140592432130,#FF0000
6.4605434778736,3.2045908944472,505396517561440,#FF0000
6.4599515548111,3.2060705832871,798893507432738,#FF0000
6.4556157393352,3.2483258163456,813771742566081,#FF0000
6.4594221043076,3.2134702495596,515172022841007,#FF0000
6.4555489335315,3.2487475010124,815053279426045,#FF0000
6.4596248567661,3.2097914657573,174146261262593,#FF0000
6.4597631367375,3.2070185800203,833686847571361,#FF0000
6.4554514648074,3.2488837918216,919720338868511,#FF0000
6.4554395368706,3.2495145285174,1158988901267640,#FF0000
6.4595020869094,3.2166236771097,2857602607697919,#FF0000
6.4600182145018,3.2058530963018,2547106042263512,#FF0000
6.4554419171113,3.249158873926,2936453896629556,#FF0000
6.4554388607347,3.2493880432937,314463706868214,#FF0000
6.4596220812334,3.2096229167049,511972376496845,#FF0000
6.4554351593299,3.2489706811411,331827411616293,#FF0000
6.4596315355915,3.2083832121717,227883122470885,#FF0000
6.4596320145578,3.2250000848298,283601050030425,#FF0000
6.4595887450075,3.2214534267838,341478717337491,#FF0000
6.4554396745614,3.2492731677817,479931329911395,#FF0000
6.4554415157849,3.2490519620915,904031540418429,#FF0000
6.4596077956999,3.2234906607445,3814914965285224,#FF0000
6.4557960979251,3.2465281369512,231408122120115,#FF0000
6.4554386563184,3.2496821842107,1440091186328463,#FF0000
6.4766270017593,3.2017370624134,503283570802510,#FF0000
6.4599694813858,3.229854612242,1256969258066267,#FF0000
6.4554348757949,3.2498534655806,1446280522384972,#FF0000
6.4554330305594,3.2495944880941,160713679293068,#FF0000
6.4596236052934,3.2082882185357,276659567500478,#FF0000
6.4570896719358,3.2421096312635,511241396549626,#FF0000
6.4554472861359,3.2499422195125,507678200386669,#FF0000
6.461108701377,3.2031875980863,960765411337610,#FF0000
6.4760565577036,3.2018294017664,2948720478733750,#FF0000
6.4601742925761,3.2055345632014,117199763747083,#FF0000
6.4699333965465,3.2044260970857,302829194665450,#FF0000
6.4594326758803,3.2138575428128,520382592288108,#FF0000
6.4602166664863,3.2051589540276,1188066391636888,#FF0000
6.4602019744448,3.2055039872141,137357255106490,#FF0000
6.4598856992646,3.2066843536714,584937686233109,#FF0000
6.4601118939813,3.2055367897824,142945577847708,#FF0000
6.4598851865443,3.2065429958092,491147185562877,#FF0000
6.4595945652691,3.2118423378603,845570993004326,#FF0000
6.4613459051687,3.204411522163,2203381563130422,#FF0000
6.4594982222115,3.2162842131577,156835103037501,#FF0000
6.4601932720743,3.2055553380517,193967499221261,#FF0000
6.460320842897,3.2050315262134,4148009575280847,#FF0000
6.4602341909459,3.2051072596262,196104732348037,#FF0000
6.465289392214,3.2057402833896,836781350515702,#FF0000
6.4596704994203,3.211175764982,1117965175382150,#FF0000
6.4602161205993,3.2054617044289,219469426277231,#FF0000
6.4615828602312,3.202390333727,463242638282074,#FF0000
6.4602173092652,3.2053511041734,222226999287925,#FF0000
6.4600854543469,3.2058612787013,313748353599622,#FF0000
6.4560597365158,3.2453997158908,481994896573966,#FF0000
6.4599283439615,3.206504380513,548630849460870,#FF0000
6.4600412667845,3.2060310641737,1144385376033578,#FF0000
6.4648818161697,3.2056110840474,146975387440168,#FF0000
6.4618468284684,3.2019607720151,224916862306853,#FF0000
6.4601640805983,3.2053014971203,503791604109376,#FF0000
6.4602328713395,3.205413552098,2806523806324966,#FF0000
6.4596959079827,3.2325112326248,290380245985250,#FF0000
6.4602019842441,3.2051959950314,307038430891598,#FF0000
6.4556713392085,3.247151301294,2994135867484494,#FF0000
6.4752207151277,3.2021745639489,209901347385182,#FF0000
6.4602413707076,3.2050664965556,3359787600901525,#FF0000
6.45967823487,3.2075001538539,299839765042159,#FF0000
6.4598399258423,3.2069682201563,3892849650750301,#FF0000
6.4805976719346,3.2001357802769,4075789149145016,#FF0000
6.4602273888671,3.2053558138119,4110067995725631,#FF0000
6.4556510205106,3.247255969628,150225423713767,#FF0000
6.4602440966473,3.2052512932444,4480051268691639,#FF0000
6.4601300403809,3.2054571768865,463281991632083,#FF0000
6.4602825205916,3.205183736025,494019341841817,#FF0000
6.4578445820682,3.2389959377236,300122661780542,#FF0000
6.4608453098937,3.203722725735,495585294959610,#FF0000
6.4602629220255,3.2050083949264,515618302783309,#FF0000
6.4727955577158,3.2032898826185,551474716240834,#FF0000
6.459858696245,3.2068070039306,1505103086498654,#FF0000
6.4595968275169,3.2230840424222,4544547688893330,#FF0000
6.478080594184,3.2011081903255,232819411948291,#FF0000
6.4601003524658,3.2055796320152,524863838519012,#FF0000
6.4602019528663,3.2054439313455,531740571169943,#FF0000
6.4595470744437,3.219584377944,817579118856752,#FF0000
6.4602750041701,3.2052448246804,577859749852583,#FF0000
6.459599228757,3.2221192448287,515132663000493,#FF0000
6.4601802875068,3.2052546289437,819776672290089,#FF0000
6.4602357295919,3.2053039606838,822198178418865,#FF0000
6.460201778739,3.2053795736711,824976441775114,#FF0000
6.4599194065881,3.2062509947441,297002985260382,#FF0000
6.4595332281922,3.2333863512229,773194173558925,#FF0000
6.4575423509429,3.2402052327277,795105594772116,#FF0000
6.460141280248,3.2053919182845,935988537134487,#FF0000
6.4596260906504,3.2087436928118,323023145907207,#FF0000
6.464395221961,3.2054469327725,480114433202410,#FF0000
6.4613637602638,3.2027527741661,772659480119069,#FF0000
6.4600334347678,3.2060415311523,1054797248382456,#FF0000
6.4600148014287,3.2060913514463,111734734316533,#FF0000
6.4555898610033,3.2475593448087,169232215079951,#FF0000
6.4595851937531,3.2213043675908,887336751998490,#FF0000
6.4596497373657,3.2279102773108,459414105133113,#FF0000
6.4560994364928,3.2452865067155,502168414290015,#FF0000
6.4601410743396,3.2056962892974,1128277827651734,#FF0000
6.4601651354565,3.2056166437537,121362173320050,#FF0000
6.4594906335566,3.2158199403041,522844688723461,#FF0000
6.4601379143215,3.2057642526848,135041841947042,#FF0000
6.47903292116,3.2007323453582,918869748897410,#FF0000
6.456455462429,3.2442064340077,154605863189403,#FF0000
6.4622491442254,3.2046816799074,301541748131813,#FF0000
6.4595106515088,3.2172456898724,365524848232669,#FF0000
6.4600046527495,3.2061363194425,1382363898826587,#FF0000
6.4570173723871,3.2423140064637,2912143939075401,#FF0000
6.4786821199211,3.2007475043392,557720188592590,#FF0000
6.4599497321574,3.206118860417,1682424298611001,#FF0000
6.4603386676812,3.2051033950381,154797266600889,#FF0000
6.4600496238804,3.205733877827,194186759098606,#FF0000
6.4779455612314,3.2011775215012,459741268453319,#FF0000
6.4597733529852,3.2320220192009,516710646409214,#FF0000
6.4596461134661,3.2284486075221,3061879580761295,#FF0000
6.461247573918,3.202947599713,369066484530971,#FF0000
6.4601084662222,3.2057678985352,2231967456935355,#FF0000
6.4599616696105,3.206017954442,274426407727053,#FF0000
6.461184233932,3.2043682065573,488544329128592,#FF0000
6.4596311123282,3.2274574016431,957244988412188,#FF0000
6.459485776324,3.2155766025714,173890331274892,#FF0000
6.4600323312238,3.2057895866577,289364836154607,#FF0000
6.4600829642455,3.2056297190816,294737295476289,#FF0000
6.4558304980703,3.2463244377685,974578746632637,#FF0000
6.4732994866078,3.203052199195,224283176132088,#FF0000
6.4600659512744,3.2056836694189,312907717066133,#FF0000
6.4593018018568,3.2343203223846,2927353124176066,#FF0000
6.459599012715,3.2219931339305,301889178174663,#FF0000
6.4600812083543,3.2058312148865,313509423486805,#FF0000
6.4599893879432,3.2062032290944,314210566762485,#FF0000
6.4574091704191,3.2409804190644,916557279128141,#FF0000
6.4604731976189,3.2046464210796,2283364125131276,#FF0000
6.4601886696121,3.2056216104589,369917364447292,#FF0000
6.4575442378647,3.2400984350792,461787788455119,#FF0000
6.4596402691095,3.2271723880829,550290299708867,#FF0000
6.4599908991511,3.2061757189931,3895225357222161,#FF0000
6.4773484962049,3.2014499220238,319652289623896,#FF0000
6.4599989078554,3.2059118222448,458530418572415,#FF0000
6.4731854551718,3.2030863247295,825466731386280,#FF0000
6.475621454674,3.2021073235941,214569870189726,#FF0000
6.460029632174,3.2061379823529,468104310928946,#FF0000
6.4804056612334,3.2001695379258,485859525996091,#FF0000
6.4598177691618,3.2071120015675,163660949021016,#FF0000
6.4599750080757,3.2059629306208,490648711980403,#FF0000
6.4593984641173,3.2127201186058,1141988832971051,#FF0000
6.4596320390118,3.2251007067634,1201633000265467,#FF0000
6.458034508448,3.2383718141823,3957086071042299,#FF0000
6.4600447309048,3.2059754396349,495695258446079,#FF0000
6.4595980077423,3.2222430760823,854326801851921,#FF0000
6.4599447234931,3.2294130417924,238180674656821,#FF0000
6.4601678362291,3.20566592775,495873538317032,#FF0000
6.4580014064292,3.2384832956616,450515029380094,#FF0000
6.460165544264,3.2057056511483,504488040988459,#FF0000
6.4596793374702,3.2107254238311,141708581307685,#FF0000
6.467462041888,3.2054352755737,370126977750843,#FF0000
6.4600720627125,3.20592750984,516975929662113,#FF0000
6.4777407297872,3.2011258404256,850519199201116,#FF0000
6.4628445401977,3.2005754349797,1197898050648394,#FF0000
6.4601135145724,3.2058001477817,521597835884804,#FF0000
6.4619885746387,3.2045822910078,1707255209474388,#FF0000
6.459459876706,3.2120971592545,211912367074455,#FF0000
6.460054252172,3.2059508247009,521880568807465,#FF0000
6.4623536003159,3.2047186513508,248018083762886,#FF0000
6.4596232312537,3.2241082943817,308556420832385,#FF0000
6.4600764069068,3.2058777377281,853188065579715,#FF0000
6.4614394170757,3.2044185550791,1388943961475620,#FF0000
6.4564727763352,3.2441257443868,3743468465762146,#FF0000
6.4599443494681,3.2064032934785,108763067929644,#FF0000
6.4594851971297,3.2154502814907,140452418094542,#FF0000
6.459520586988,3.2178021469824,491277632113017,#FF0000
6.4596025425875,3.222363525282,811172326465509,#FF0000
6.4596904403249,3.2075305564733,858918504975724,#FF0000
6.4599463080541,3.2064250526304,1110653592775546,#FF0000
6.4596476367012,3.2277676940557,1375767626132640,#FF0000
6.4599778983571,3.2062512281187,125349399562901,#FF0000
6.4607693740068,3.2039483582779,211767047178802,#FF0000
6.476763668926,3.2016770558903,3789004841225320,#FF0000
6.4598743149497,3.2065899026392,131984032216135,#FF0000
6.4598781319264,3.2067306709193,1372464719775852,#FF0000
6.4599696199724,3.2063147014709,1781351758709274,#FF0000
6.4598375881664,3.2067044717973,221957546400329,#FF0000
6.4594880105687,3.2157000529587,298969045232845,#FF0000
6.4729468784,3.2032231956237,322667675884315,#FF0000
6.4608573826293,3.204344706576,385875409252541,#FF0000
6.4556076181788,3.2474596770056,467052107911537,#FF0000
6.4596644693193,3.2102674362138,1439597949718943,#FF0000
6.4599815792404,3.2062545551616,254024906469266,#FF0000
6.45995651797,3.206332336677,293395205703846,#FF0000
6.462701375717,3.2007744154921,297317501902283,#FF0000
6.4599026034672,3.2066333523513,297692655168155,#FF0000
6.4635899452712,3.2051778634475,302899207992833,#FF0000
6.4598885409749,3.2064039499007,331410991750230,#FF0000
6.4597421858152,3.2321848089616,214503673445318,#FF0000
6.4596316772497,3.2080895156981,949480475864297,#FF0000
6.4599255625921,3.2064912804453,3752275628228587,#FF0000
6.4598094161618,3.2068342598777,4156589107735865,#FF0000
6.4706778541758,3.2041089633486,141576101316730,#FF0000
6.459913452338,3.2065747972349,461316151637555,#FF0000
6.4599599647661,3.2063593379175,515945552909605,#FF0000
6.4594748442814,3.2149267842009,214324273451944,#FF0000
6.4759746882626,3.2019884241533,511262799893755,#FF0000
6.4598694482793,3.2067704224908,531736988195836,#FF0000
6.4598586798447,3.2311371520152,139976831474474,#FF0000
6.4598811822082,3.2066457561939,5448748665167404,#FF0000
6.4599878994229,3.2062291865792,744976726171632,#FF0000
6.4598639226098,3.2067289172614,751360488895534,#FF0000
6.4616744670039,3.2044726644297,263652668570729,#FF0000
6.4598927804977,3.2064607545892,857420764853580,#FF0000
6.4597623264856,3.207342711077,1979347802222865,#FF0000
6.455734976033,3.2468362991104,343338753788807,#FF0000
6.4625489327236,3.2009942714593,384529476327401,#FF0000
6.4598985679674,3.2063258181377,867019320910245,#FF0000
6.4609765202758,3.2034383440224,274983864286223,#FF0000
6.4602899717508,3.2049402951345,477558113555296,#FF0000
6.4605894101634,3.2044329167628,507742680260425,#FF0000
6.4598537717242,3.2068675500556,1192103227918530,#FF0000
6.4594805764892,3.215191574945,1853313718142641,#FF0000
6.474436700394,3.2025962884195,300784961663320,#FF0000
6.4598090088485,3.207211955978,1360700487637590,#FF0000
6.4598161889996,3.207161020962,167324061973423,#FF0000
6.4575762086014,3.2399000506216,917117462401242,#FF0000
6.459691541183,3.2073415541556,169132591795694,#FF0000
6.4595139100726,3.2173866173842,198418438766109,#FF0000
6.4647536970808,3.2055684350273,289211866193432,#FF0000
6.4568059806518,3.242976786281,3839247899507293,#FF0000
6.4597959040229,3.2072668879257,196354285541263,#FF0000
6.4564054269216,3.244351421656,1927522310746943,#FF0000
6.4597040559036,3.2072889762494,227558849139316,#FF0000
6.4573041795485,3.2413180833652,1959299034228280,#FF0000
6.459741216013,3.207155910163,241876714354679,#FF0000
6.4596081167862,3.2228699099753,460928374967844,#FF0000
6.4617916376982,3.2020508592332,917932962385214,#FF0000
6.4724809723648,3.2034197531872,1433120173698321,#FF0000
6.458733889865,3.2361519644437,1200095030427880,#FF0000
6.459821596293,3.2070632459428,2925395527700813,#FF0000
6.459784555024,3.2073261955834,293747009050383,#FF0000
6.4662965602054,3.2058448370572,307175180967461,#FF0000
6.459792773368,3.2071242410707,317085830031896,#FF0000
6.4574345537837,3.2408970295838,1112669145899223,#FF0000
6.4597579267788,3.2074302654221,338088961015341,#FF0000
6.457717438174,3.2394267922459,369601951043875,#FF0000
6.4596475051097,3.2269567330677,490446288662440,#FF0000
6.4575225673661,3.2404558034011,180169410627092,#FF0000
6.4597988452987,3.2072032149949,375703007087897,#FF0000
6.4594355043173,3.2139399338232,1771969022981448,#FF0000
6.4611426574673,3.2043422379624,2954730298140532,#FF0000
6.4597818971956,3.2072717310093,3910918455693540,#FF0000
6.4598503409758,3.20691548629,4118710981512303,#FF0000
6.4741441786583,3.2027140008689,565888691063054,#FF0000
6.459645359789,3.2279650756938,923690311760555,#FF0000
6.4598367393984,3.2068875961539,4266899676688585,#FF0000
6.4629478940838,3.2049451618428,150543513702815,#FF0000
6.4597881548333,3.2068877140234,481753996400430,#FF0000
6.4595358266453,3.2199297615582,521595382175291,#FF0000
6.4597758577775,3.2069460791554,545927156415297,#FF0000
6.4559467445814,3.2457479758946,810330893247254,#FF0000
6.4597705492909,3.2073862475324,810726619550074,#FF0000
6.459439499382,3.2140255002874,237383704813882,#FF0000
6.4738947722225,3.2028022465524,457965021974748,#FF0000
6.4598293984767,3.2070164550547,896481264246786,#FF0000
6.4596719290908,3.2074506671805,909589319586236,#FF0000
6.4598126084487,3.2070545314651,963691254387637,#FF0000
6.4607438175059,3.2040588870912,1088719071638420,#FF0000
6.4607012699214,3.204170767273,316104996793415,#FF0000
6.4631096508008,3.2001960231495,473041963932550,#FF0000
6.4606552271172,3.2042607609776,388888358920320,#FF0000
6.4595756111224,3.220970845132,491685448915110,#FF0000
6.4752254151516,3.2022661567373,308172620867972,#FF0000
6.4607932936186,3.2038656987853,3969482799798584,#FF0000
6.466657477456,3.2057589534273,134873855296662,#FF0000
6.4594207591284,3.2121572267346,198293385467875,#FF0000
6.4608169595262,3.2037948233914,542739903375053,#FF0000
6.4645117016559,3.2054855016943,305388917696907,#FF0000
6.4607363311404,3.2043723905638,509104260223704,#FF0000
6.4606813043903,3.2043810271659,1004367530369872,#FF0000
6.4595492736066,3.2119065023981,214228250236975,#FF0000
6.4621558447602,3.2046414064712,467080854370212,#FF0000
6.4604036549671,3.2047955488885,1016769285523030,#FF0000
6.4604166410898,3.2048731072706,161865365940770,#FF0000
6.460956899615,3.2043394018502,171412931544074,#FF0000
6.4619066814716,3.2018696626246,768036960579165,#FF0000
6.4606188309282,3.2043508027431,200225948584622,#FF0000
6.4589428120245,3.2354450895874,484614326021948,#FF0000
6.4603770728096,3.2048739865702,241681914405751,#FF0000
6.4603114072818,3.204872844271,270979041421845,#FF0000
6.4583996096735,3.2372334107654,369922504327831,#FF0000
6.4606275667493,3.204397753702,2896751980610846,#FF0000
6.4609052968877,3.2043472693947,317451909741597,#FF0000
6.4794380755667,3.2006000962018,465374947857625,#FF0000
6.4596309101647,3.2249070626414,1760984257433395,#FF0000
6.4605600158676,3.2044905635155,3199682793644527,#FF0000
6.4604004227595,3.2049204936347,323313806067671,#FF0000
6.4605124302958,3.2045646720135,3769072433191340,#FF0000
6.4568366577432,3.2428786724803,297033501896840,#FF0000
6.4605522056144,3.2045420253307,426637965036059,#FF0000
6.4673120277806,3.2055020596027,523094258710262,#FF0000
6.4631679561509,3.2001225341638,1626658627527314,#FF0000
6.4607923951681,3.2043559386054,4364315046946309,#FF0000
6.4604711136213,3.2047364213352,465270414760295,#FF0000
6.4579031990658,3.2388026281845,2168151766649476,#FF0000
6.4603306701466,3.2048109652974,465629451214617,#FF0000
6.4605087335699,3.2046342971549,466771404623911,#FF0000
6.4604884999131,3.2046828768198,472087870765696,#FF0000
6.4575521955603,3.2400030445352,1128706047593705,#FF0000
6.4658879871399,3.2058408297365,3824436827674600,#FF0000
6.4604531712014,3.2047942524123,475038320381114,#FF0000
6.4596130886954,3.2225910665136,860187308042878,#FF0000
6.4778117673154,3.201241406179,141289148023599,#FF0000
6.459675884953,3.2105277332116,217197599877753,#FF0000
6.4605910485315,3.2044383940366,494968278370349,#FF0000
6.4603614530495,3.2047389993478,495269605248751,#FF0000
6.4639491205554,3.2052997034393,579148629719681,#FF0000
6.4605808290916,3.2044537899391,497316054848902,#FF0000
6.4604393385156,3.2047165009083,541018363732201,#FF0000
6.4599195583229,3.2306852477607,2899551433590037,#FF0000
6.4605491574159,3.2045049148754,588242552171167,#FF0000
6.4594834267423,3.2153219139781,1625709390951306,#FF0000
6.4604365997709,3.2048351895356,731074980892173,#FF0000
6.4595836484137,3.2211800397451,747811829237474,#FF0000
6.459622180481,3.2240131458273,815643652370291,#FF0000
6.4596680796657,3.2078880641906,1195680194204633,#FF0000
6.4596474755057,3.2079917784379,132656598910405,#FF0000
6.4623069088328,3.2013228762968,558624038857990,#FF0000
6.4595381356153,3.2187105744522,907797646734959,#FF0000
6.4595473070921,3.2202965696547,149424150467712,#FF0000
6.4597049049383,3.2075358537143,185143326797294,#FF0000
6.4619212091582,3.2045561890894,466628264601464,#FF0000
6.4670340242317,3.2056303104555,1396798414011773,#FF0000
6.4597478167329,3.2075271901329,219903199567792,#FF0000
6.4596804227953,3.2075189827635,505999427094680,#FF0000
6.4566096200434,3.2437551009809,478285976755448,#FF0000
6.4597495759076,3.2074923415279,516601126188766,#FF0000
6.4782171380953,3.200935384127,912438352636706,#FF0000
6.4634639862018,3.2051322761254,466467581319157,#FF0000
6.4597232755319,3.2076104650135,741112689915310,#FF0000
6.4598229615219,3.2314132174985,230729802184858,#FF0000
6.4597049049383,3.2075358537143,814634646101701,#FF0000
6.4595059603311,3.2335135235273,187096773235170,#FF0000
6.4595426138101,3.2191868173172,236764478204399,#FF0000
6.4596826538851,3.2077963477639,865902717365902,#FF0000
6.4608930023315,3.2036218513323,1106594846494416,#FF0000
6.4596388279875,3.2256735038441,1582632805564282,#FF0000
6.4609333538039,3.2035400495018,483289686430296,#FF0000
6.4591042580203,3.2350242232455,488306005651664,#FF0000
6.4762711358139,3.2017443445582,1001862920350134,#FF0000
6.4557140763578,3.2469412584039,1294363777631976,#FF0000
6.4603654489543,3.2050159075688,1318617291869791,#FF0000
6.4603141751782,3.2051050140504,197781395518243,#FF0000
6.474859908674,3.2022996135593,2940027606242761,#FF0000
6.4603262443147,3.2051551177346,267917678399932,#FF0000
6.4603804710095,3.204969437899,398938851178437,#FF0000
6.4603486101439,3.2050597487939,470168610942685,#FF0000
6.4557780270947,3.2466303111356,796498004595409,#FF0000
6.4595967763388,3.2218684978646,217377070148689,#FF0000
6.460297993066,3.2052046310187,500840667618493,#FF0000
6.4570633404165,3.2421837961977,516517872706439,#FF0000
6.4596460300803,3.228094738618,516682469329646,#FF0000
6.4614891173666,3.2025440578418,755028078517416,#FF0000
6.4742772,3.2024157,1715287895340758,#FF0000
6.4603386676812,3.2051033950381,884668895772208,#FF0000
6.4615970239763,3.2044425735771,1117324328762788,#FF0000
6.4612948707969,3.2044096882918,137838628274109,#FF0000
6.4595097259146,3.2171054953449,462426041702031,#FF0000
6.4594946336997,3.2160548916186,520581102642191,#FF0000
6.4613958965007,3.2044257980474,178208710862831,#FF0000
6.4795976181834,3.2004905226937,806517530070776,#FF0000
6.4596132592519,3.2329687690217,211096383851764,#FF0000
6.4611426574673,3.2043422379624,296137195379182,#FF0000
6.4558989536164,3.2459287455813,308903090633259,#FF0000
6.4595440871589,3.2192933609265,322106916191543,#FF0000
6.4612544648892,3.2044027527708,486993842506552,#FF0000
6.4596441531018,3.2270654224508,570094573968478,#FF0000
6.4800815266272,3.2002906367086,592052268381875,#FF0000
6.4615383272198,3.204425869996,530626191642762,#FF0000
6.4797669754923,3.2004345013318,310980943972506,#FF0000
6.4610487041253,3.2043326790728,760129241368505,#FF0000
6.4593846116297,3.2124104263895,476469020254615,#FF0000
6.4614915614635,3.2044166177952,935722973667215,#FF0000
6.4754705942142,3.2021680009727,963240251172987,#FF0000
6.4596341896702,3.2081875997432,138151321665167,#FF0000
6.4572002300486,3.2417677722428,530484491665846,#FF0000
6.4596262352479,3.2084648637812,212636506989371,#FF0000
6.462651785014,3.2008449924937,311979130441289,#FF0000
6.4596239332716,3.2086360189436,569556960690670,#FF0000
6.4596273042139,3.2085448888683,974472143381169,#FF0000
6.4596199666869,3.2095405900684,303478254820814,#FF0000
6.4638323049339,3.2052624603393,1203657183426912,#FF0000
6.4578158635641,3.2390851302301,2434402700025348,#FF0000
6.4555754445062,3.2476571148311,4174002649323169,#FF0000
6.455628746116,3.2473581559575,840613696807660,#FF0000
6.4738218700827,3.2028255154104,793689091350001,#FF0000
6.4796230413174,3.200368811976,821671618438748,#FF0000
6.4565327383784,3.2439680455349,912786376221938,#FF0000
6.4616348154744,3.2023091632475,1115128918995015,#FF0000
6.459531303678,3.2182028660334,1178297139274859,#FF0000
6.4771857449289,3.2014980195875,290497649403174,#FF0000
6.4628233466442,3.2048978180997,502002034268400,#FF0000
6.4611719460563,3.2030602921163,1241754396286323,#FF0000
6.4593904002296,3.2126396997638,1123399288162589,#FF0000
6.4615337839265,3.2024691542169,1254964464922570,#FF0000
6.4614462608372,3.2026159562536,303127474599998,#FF0000
6.4756371779221,3.2019932792208,473863277172916,#FF0000
6.45957825362,3.2210789543215,213717546846390,#FF0000
6.4613236567018,3.2028197215376,901180813760223,#FF0000
6.4677857417133,3.2052874023983,147917984008812,#FF0000
6.4614047214914,3.20268554705,913936192516150,#FF0000
6.4610318645472,3.2033091969731,191823962764856,#FF0000
6.4610934647953,3.2043312814425,296988541926507,#FF0000
6.4596084498457,3.2227956581763,1113754612438225,#FF0000
6.4569835953787,3.242429589301,497436211435584,#FF0000
6.4581732894454,3.2379384733897,549260389790999,#FF0000
6.4610067758247,3.2043252194992,747906942558175,#FF0000
6.472625125539,3.203338675901,1228230990925432,#FF0000
6.4559210783755,3.2458364339424,3963626100398727,#FF0000
6.4617618853098,3.2045015557123,166496345390867,#FF0000
6.4618609838114,3.2045352342294,201056455174286,#FF0000
6.4620667904085,3.2046084465926,283029866798455,#FF0000
6.4599491984878,3.2299620387001,766443114240292,#FF0000
6.4586504198936,3.2364378393299,509996840180040,#FF0000
6.4618091350661,3.2045159315644,514665626419828,#FF0000
6.4572393507864,3.2415840683085,240151727899329,#FF0000
6.4617161294482,3.2044879172689,980269612796033,#FF0000
6.4596275177425,3.2088617707111,1356493228067716,#FF0000
6.4596203738856,3.2091077210954,161817962546485,#FF0000
6.459618209111,3.2092370098532,206433451039232,#FF0000
6.4596220582264,3.224452501549,252280873348656,#FF0000
6.4746559632695,3.2025392901141,1107879679690100,#FF0000
6.4596222716925,3.2089840339535,468737937750112,#FF0000
6.4594648952603,3.214537894104,228646969052671,#FF0000
6.4560164132366,3.2455212515894,455841622155370,#FF0000
6.4574761466259,3.2407378249948,809650783025117,#FF0000
6.4558608896027,3.2461206523114,134907965249793,#FF0000
6.4558826256954,3.246024138198,200627258348927,#FF0000
6.4581053037089,3.2381551016558,804400887154058,#FF0000
6.4595351917582,3.2201815657176,146968934061468,#FF0000
6.4593872963346,3.2129488060772,156432676331927,#FF0000
6.462466814893,3.2047598003235,467442351145123,#FF0000
6.4595166355254,3.2175264322211,1441746029508912,#FF0000
6.4558452658639,3.2462217678396,3266661313561532,#FF0000
6.4558140307842,3.2464266807505,153444993459387,#FF0000
6.455756205501,3.2467334038871,161757069104589,#FF0000
6.4596448349439,3.2263693685132,294818032188158,#FF0000
6.4556904944652,3.2470462498649,309396830625924,#FF0000
6.4595928183937,3.2217502733635,313357980185309,#FF0000
6.4616862743809,3.202224620489,305235134540134,#FF0000
6.459523242041,3.2179383089333,896559264527715,#FF0000
6.4617383244349,3.2021383417773,772765186942762,#FF0000
6.5357991570048,3.2203404005891,1019009825703994,#FF0000
6.5306298386936,3.2172473060139,3095467444038378,#FF0000
6.5359364087228,3.2202493582554,1137700156713894,#FF0000
6.5341825426298,3.2194988057041,134759341981064,#FF0000
6.5360159740964,3.2204200825889,1245773069174180,#FF0000
6.5391507761468,3.2219238498471,168055258577703,#FF0000
6.5356756012068,3.2202891905089,1450924718715244,#FF0000
6.5456944815884,3.2350482429603,1453520551659494,#FF0000
6.5456556626532,3.2351829284216,4821880914589424,#FF0000
6.5484196635359,3.2367687779006,184555573425145,#FF0000
6.507252858392,3.2008019372864,301550601450641,#FF0000
6.5415558112877,3.2282410209659,547532400053792,#FF0000
6.5043457225182,3.2000130272831,658448238318207,#FF0000
6.5359197526497,3.2203502314018,1973283936181124,#FF0000
6.5436363150133,3.2333554670262,2432162223595124,#FF0000
6.5361963276523,3.2205197339655,2981713905423117,#FF0000
6.5423239830399,3.2302210131778,3692044970905170,#FF0000
6.5356923889132,3.2202273801997,200123281803422,#FF0000
6.5181222986014,3.2048054881119,511013380264409,#FF0000
6.5279184412302,3.2145016758715,1148535745929666,#FF0000
6.5354594978173,3.220116608853,250839436730563,#FF0000
6.5409047123243,3.2260038709062,464746091263051,#FF0000
6.5060430925905,3.2004280542949,514585379902455,#FF0000
6.5282231205921,3.214793730365,1194831217927031,#FF0000
6.5354340891258,3.2201601291059,3603975233059772,#FF0000
6.53557149749,3.2202103371937,381309587272305,#FF0000
6.5405387868994,3.2247825963846,4133601073364952,#FF0000
6.5065794899143,3.2006431330419,5503518596385186,#FF0000
6.5474487290527,3.2361907736981,341663807943208,#FF0000
6.5354462876984,3.2200384714286,468518047541116,#FF0000
6.5458905539213,3.2353471477556,2062687443902327,#FF0000
6.5357058342173,3.2201568609067,516632126182285,#FF0000
6.519545542557,3.2058846554817,766230824265746,#FF0000
6.5206922971377,3.207096969864,1016487185654274,#FF0000
6.5421819303643,3.2298307333562,767982574108505,#FF0000
6.5359311626372,3.2203983088402,5187165398007845,#FF0000
6.5489491687196,3.2374414416975,473235203941964,#FF0000
6.533677750368,3.219296306796,532693424963308,#FF0000
6.5360597843707,3.2204463212781,715918019594180,#FF0000
6.5295207836879,3.2159409082067,4064019777022304,#FF0000
6.5492211814345,3.2378232880089,727593404923908,#FF0000
6.5422242975231,3.2299686173711,1114765042343907,#FF0000
6.5363939177122,3.2205934708579,1121127618626316,#FF0000
6.541022489945,3.2266297560432,517240149445143,#FF0000
6.5152724709445,3.2033492348049,950537845775369,#FF0000
6.5363178386119,3.220550773457,1313875039105646,#FF0000
6.538185620128,3.2214838894557,1996422590561884,#FF0000
6.5101895952815,3.2021042175326,582939042710026,#FF0000
6.5132067280667,3.2026957060832,645053140127449,#FF0000
6.5069938414755,3.2008431367717,1143183289811429,#FF0000
6.5364313728462,3.2206031441866,1400421343756621,#FF0000
6.5364573442211,3.220495260804,212626913743725,#FF0000
6.5080220372278,3.2012182498892,393599955058919,#FF0000
6.5422704184723,3.2300964115643,897887664093143,#FF0000
6.5420053074074,3.2291882728729,2944161465796909,#FF0000
6.547226117505,3.2359116478873,192897445899366,#FF0000
6.5361954187803,3.220365981123,212747577075686,#FF0000
6.5145524653958,3.2029872541826,282593966934713,#FF0000
6.5321971633012,3.2185750476074,471007917291316,#FF0000
6.5275968262575,3.2141640714744,2251163751688538,#FF0000
6.5365008168473,3.2206487383564,2973411196279453,#FF0000
6.5361107107956,3.2204817124948,320525096126781,#FF0000
6.5112724774704,3.2024436617589,321571126365178,#FF0000
6.5171192144223,3.2043997014314,1605275243140920,#FF0000
6.5192167577489,3.2056218264893,3067159770203286,#FF0000
6.530495281561,3.2168956122927,194052919207132,#FF0000
6.5362836854938,3.2205511221644,4029900797125139,#FF0000
6.542056470902,3.2293073028128,519677502414071,#FF0000
6.5361807552633,3.2205069735384,998494734128343,#FF0000
6.5367398158215,3.2206542002028,275109297648487,#FF0000
6.5412582427435,3.2270964374752,306332890872294,#FF0000
6.5212078588789,3.2076039106219,521256515713596,#FF0000
6.549121067544,3.2376404270581,527024438587256,#FF0000
6.5419003297189,3.228884134739,537230020780031,#FF0000
6.5140973198379,3.2027889632378,551280236575676,#FF0000
6.5403003564516,3.2234795987904,826347367973460,#FF0000
6.5366111684331,3.2207203399273,1013663022612226,#FF0000
6.5367152265961,3.2207489395761,1134697637007761,#FF0000
6.5315298293881,3.2180738166899,3900416350043862,#FF0000
6.5473005320781,3.2361167944495,674206040471804,#FF0000
6.5340278512112,3.2194304832503,874468233106416,#FF0000
6.5367083945863,3.2207728569707,1331950907215644,#FF0000
6.5464742239318,3.2356118086554,2717238275243060,#FF0000
6.5455253090391,3.2351106051517,5206718609415335,#FF0000
6.52471930644,3.211178709802,1141286409938547,#FF0000
6.5365263079029,3.2206657367867,1730241810657001,#FF0000
6.536607479091,3.2206967472016,476998876714474,#FF0000
6.5437389125096,3.233600802592,513294410034087,#FF0000
6.5149105023061,3.2032180913563,938726926798831,#FF0000
6.5338023574926,3.2193540149019,976255166517840,#FF0000
6.5480065237408,3.2365409451625,1014335566155133,#FF0000
6.5374874751725,3.2211592817944,1173079153125810,#FF0000
6.5420583460158,3.229469386099,4958164980899356,#FF0000
6.5214438562362,3.2078661656477,1109619319601030,#FF0000
6.537598196514,3.2210911821713,1203535330082428,#FF0000
6.5424316545818,3.2304807983724,181003107122944,#FF0000
6.5444356915724,3.2344269545318,258017362678351,#FF0000
6.5155681850604,3.2035861398087,449451320425620,#FF0000
6.5305872398424,3.2171398240382,470779607539291,#FF0000
6.5424909551779,3.2306106902416,741156513230431,#FF0000
6.5174679984154,3.2046086427968,792937568776325,#FF0000
6.537560140211,3.221193738642,1362922627465480,#FF0000
6.5389405360201,3.2218539865156,3050805375201855,#FF0000
6.5377834706263,3.2212572789975,143725481065408,#FF0000
6.5187000019608,3.2051118636739,469000087712944,#FF0000
6.543167717748,3.232286902048,1406538089776301,#FF0000
6.5447958336355,3.2344847425982,267161918134101,#FF0000
6.5378715367367,3.2212329527528,524655482042242,#FF0000
6.5298846974874,3.2163096778895,1209240236172093,#FF0000
6.5405853271378,3.2249311004246,326770105476220,#FF0000
6.5376974804107,3.2212350188543,654131765671884,#FF0000
6.5384071862857,3.2214698142857,463677364726235,#FF0000
6.5073603040858,3.2009468049076,536954824347155,#FF0000
6.5374524220462,3.221134871902,693031985251604,#FF0000
6.5376439867227,3.2212136101208,912676699583654,#FF0000
6.5047971775776,3.2000104295296,935444347220389,#FF0000
6.5470356425632,3.2359308817129,162077922434630,#FF0000
6.5268324743645,3.2133895044196,414136470221106,#FF0000
6.5304718701867,3.2170593854221,724032122005871,#FF0000
6.5379594140879,3.2213305141238,1177324919737420,#FF0000
6.5481917152026,3.2366869708462,156409403096542,#FF0000
6.5404847670113,3.2244197089992,200726878403294,#FF0000
6.5378173100966,3.2212929855907,1682964518710015,#FF0000
6.5379976233157,3.2213382482411,193089695993972,#FF0000
6.5401583134989,3.2232607177624,579557769933994,#FF0000
6.5295095164741,3.2160763879608,770233876969569,#FF0000
6.5383387786929,3.2215347488005,1268147747053677,#FF0000
6.544795431257,3.2346404994182,1642105709332877,#FF0000
6.5200914778432,3.2062664190196,1221945834924976,#FF0000
6.5382380322037,3.2214664641907,1349082392130819,#FF0000
6.5381435455366,3.2213448771314,156101976387401,#FF0000
6.5135446748658,3.2026869124397,1016470975647343,#FF0000
6.5384602689799,3.2216278570362,1665508140457120,#FF0000
6.5381611442371,3.2214384670245,480136383264835,#FF0000
6.5386551399197,3.2215957991975,509866266834693,#FF0000
6.5268399368605,3.2133487195783,778032796434204,#FF0000
6.5346661345769,3.2197374730139,826836838190766,#FF0000
6.5385943668261,3.2217080235561,5362799123750992,#FF0000
6.5495644454546,3.2381109272727,292459405757932,#FF0000
6.538532915747,3.2216226177927,5480491468691507,#FF0000
6.532919550625,3.2189095822943,218947030041066,#FF0000
6.5380776969241,3.2213995404273,697834398022491,#FF0000
6.5338759628231,3.2192693887674,911998229640439,#FF0000
6.5380756049987,3.2213841352295,759724888059086,#FF0000
6.5416892563237,3.2285483933008,849320265652714,#FF0000
6.5125180447428,3.2027090731684,1033497710589801,#FF0000
6.5338187736226,3.2193605887544,3072691289613256,#FF0000
6.5497954129204,3.2383769968142,203782004892337,#FF0000
6.5327348330724,3.218733548728,319805009505202,#FF0000
6.5386498707231,3.2216848808894,824290565157308,#FF0000
6.5417695118182,3.2285627467045,902102020645995,#FF0000
6.5314361543138,3.2179916058496,319029016295291,#FF0000
6.5450093740958,3.2346172478983,467961224464402,#FF0000
6.5384198681613,3.2215711894825,860598268002027,#FF0000
6.5437190238761,3.2333478462538,1209865166117167,#FF0000
6.5325679072714,3.2187805398639,1374912396353109,#FF0000
6.5406352693635,3.2250766594344,1459709057723442,#FF0000
6.5097478316001,3.2019077028349,666318364641811,#FF0000
6.5317591121601,3.2183166644987,670333414262306,#FF0000
6.5124831396826,3.202583377877,743390159621964,#FF0000
6.5383126102534,3.2215318158279,959409588140519,#FF0000
6.5441935827243,3.2342008814427,144659120969822,#FF0000
6.5075790581701,3.2010444404327,465393204732077,#FF0000
6.5388731109122,3.2218667661652,1860169854372898,#FF0000
6.5389435117173,3.2217655314848,316930206741855,#FF0000
6.5236708610679,3.2100944268977,516630933505947,#FF0000
6.5415920812877,3.2281677735413,582433719387501,#FF0000
6.5387304076303,3.2217901556826,723571769000455,#FF0000
6.5411015247192,3.2269079186298,923928091699154,#FF0000
6.5393232917172,3.2221650244961,132751145554045,#FF0000
6.5239650641062,3.210385791736,228331552397170,#FF0000
6.5115281417337,3.2026025743228,4957731497656128,#FF0000
6.541427125887,3.2279620886902,695505031770073,#FF0000
6.5428818468774,3.2315640916473,833864454209796,#FF0000
6.5390147040718,3.2219460697422,1387821181689951,#FF0000
6.5404249345919,3.2241045359663,322870219194861,#FF0000
6.5391956198449,3.2220583533745,1399706893721516,#FF0000
6.5095479127236,3.2017557445328,489550709145747,#FF0000
6.5315442792061,3.2179507930057,1371704013199741,#FF0000
6.5402314097875,3.2234608692008,1382784332106209,#FF0000
6.5326890300685,3.2187924429909,1807764802728491,#FF0000
6.5391396174268,3.2220379202859,1900733480315289,#FF0000
6.5394936810241,3.2222356054217,204162544701151,#FF0000
6.5371257125322,3.2209766841245,419244106870826,#FF0000
6.5393761514435,3.2222329190542,512586907260045,#FF0000
6.5469292981328,3.2358743623854,266980815151051,#FF0000
6.5393041035398,3.22204770177,906113446843448,#FF0000
6.5392589004621,3.2221369421584,988650698431717,#FF0000
6.5249691269477,3.2114449957722,1944744135885197,#FF0000
6.5395593115364,3.222466077841,1052808238921870,#FF0000
6.5396793043825,3.2224341948207,297754985134414,#FF0000
6.5424869780645,3.2306592227933,1727208230945075,#FF0000
6.5467613450098,3.2356146661448,768763707117173,#FF0000
6.5293954913686,3.2159886122016,1039990466533161,#FF0000
6.5395778045754,3.2224081335215,4065555880179756,#FF0000
6.5394729758968,3.2223487987302,416736366930344,#FF0000
6.5434030191781,3.2328678339655,4709163142433790,#FF0000
6.5394475467479,3.2222824230554,536803247313957,#FF0000
6.5229058339388,3.2093488841958,1177610966314012,#FF0000
6.5428095592586,3.2312522572053,4267580823277162,#FF0000
6.5271542180236,3.2136816979632,5387772184588848,#FF0000
6.5400972122754,3.2230265056886,206052367823275,#FF0000
6.5178577202576,3.2048043221004,456709078738268,#FF0000
6.5350171392183,3.2199337756102,668221127773061,#FF0000
6.5407523254212,3.2254536783173,763955574310782,#FF0000
6.5344682694914,3.2196480075096,946301342770870,#FF0000
6.5081539292286,3.2012301730479,1033268284279675,#FF0000
6.5229492044498,3.2093829389381,212637070427835,#FF0000
6.5401007104137,3.2231374440927,658313885429149,#FF0000
6.5404033127718,3.2239527615029,667349291199646,#FF0000
6.5400340423139,3.2230226867086,700905127770562,#FF0000
6.5400946120525,3.2231550225367,768963807095860,#FF0000
6.5269465624564,3.213469113349,1182794525824784,#FF0000
6.5396661939132,3.2225704771803,1164509124345853,#FF0000
6.5451909110777,3.234869390412,301570038339502,#FF0000
6.5234139377461,3.2098531990367,322948996174606,#FF0000
6.5398348682365,3.2226170516033,1187825138327983,#FF0000
6.5396939536295,3.2225612164968,136278585188825,#FF0000
6.5458198222964,3.2352250781487,481031913114322,#FF0000
6.5441570034237,3.2341618544414,1083707318887942,#FF0000
6.5184026087583,3.2050787802714,5715096255173002,#FF0000
6.5286796483202,3.2150702743083,166609222044575,#FF0000
6.5397717528489,3.2226753084472,1364433054057013,#FF0000
6.540008192947,3.2229976331862,154229473248940,#FF0000
6.5074506960685,3.2008746289314,977505789683777,#FF0000
6.5398754581614,3.222788060893,1611120635936286,#FF0000
6.5399228662169,3.2228438382565,241747137738455,#FF0000
6.5493385299205,3.23779092833,1867760760069243,#FF0000
6.5194923494622,3.2058949826376,3273617536216218,#FF0000
6.539978678531,3.2228188920903,339827994335437,#FF0000
6.5398063393818,3.2227022584125,794122881530533,#FF0000
6.5123345816202,3.2027028198761,5315666695146273,#FF0000
6.5416471469945,3.2284660512627,329728948559277,#FF0000
6.5399528999882,3.2229113117692,999428440943821,#FF0000
6.5057918097226,3.2003465386222,2175403559280964,#FF0000
6.5414401447059,3.227752564706,480707146382265,#FF0000
6.5405243225179,3.2243341141923,1100401667489640,#FF0000
6.5404766087049,3.2243132488917,1910890819060691,#FF0000
6.5076617891837,3.2009392893877,132925992218162,#FF0000
6.5219163471357,3.2083294985329,980136229350463,#FF0000
6.5403844563405,3.2238361370521,2240706122782461,#FF0000
6.5404665195238,3.2242061031554,4349827955120362,#FF0000
6.5405039594,3.224208612,473803353856577,#FF0000
6.5442019750431,3.2339906461274,594983844794860,#FF0000
6.5235452550093,3.2099542161292,203716111400006,#FF0000
6.5403374346012,3.2238440580919,526753045368976,#FF0000
6.5119526232,3.2025868256001,214835306851517,#FF0000
6.540454510072,3.2240708162606,670254447395765,#FF0000
6.5450387676473,3.2348321487381,5120310404690958,#FF0000
6.5490438506922,3.2376047459672,707990140621491,#FF0000
6.5404075510131,3.2240174727922,801648977442773,#FF0000
6.5097850286868,3.2018566630303,521913205856667,#FF0000
6.5404495650579,3.2239641233591,890009928226991,#FF0000
6.5251043912132,3.2115789850088,5024640584257384,#FF0000
6.5401998220773,3.2233929830841,1203037897176061,#FF0000
6.5439751920621,3.2339451732346,1778294945706517,#FF0000
6.5453453172447,3.2349566204119,378955570063381,#FF0000
6.5402394699302,3.2235174572761,1238916236638639,#FF0000
6.5402772188713,3.2236067876416,140962291346706,#FF0000
6.537363972725,3.2210781845524,2954901291499611,#FF0000
6.5439797367498,3.2339770387657,196252365544543,#FF0000
6.542706955709,3.231127303653,555795832827026,#FF0000
6.5297083940838,3.2162682468494,674216900307418,#FF0000
6.5463435694695,3.2354335497498,826680717968368,#FF0000
6.5278682538693,3.2142710941708,1596838047177294,#FF0000
6.5402785903486,3.2236387631613,3120252998237617,#FF0000
6.5401735904815,3.2233090926475,4258399797538767,#FF0000
6.5454629965795,3.2349061573441,216343253329433,#FF0000
6.5402031283,3.2232476358,473423987244357,#FF0000
6.5445730861585,3.2343338795386,748323875796532,#FF0000
6.5126520808178,3.2026856850375,926688431431408,#FF0000
6.5117737714249,3.2026910614595,252552693288065,#FF0000
6.5056925766497,3.2002170508629,315359490162218,#FF0000
6.5248401396199,3.2113121518003,337815221752978,#FF0000
6.5403754109781,3.2237109447105,482938399491992,#FF0000
6.5403058005469,3.223740844375,490015975549673,#FF0000
6.5223591053772,3.2087861858281,942247709785448,#FF0000
6.5403483545962,3.2237168700672,958231124775273,#FF0000
6.5064854570614,3.2006098367029,1173468633094520,#FF0000
6.5373432912573,3.2210749979228,1017673625521419,#FF0000
6.5164157245107,3.2039096473438,955756855167414,#FF0000
6.5372224502617,3.2210082698857,1460122257688702,#FF0000
6.5369108100101,3.2208841179871,1477867299333773,#FF0000
6.5452680933887,3.2349789670396,5244333908945241,#FF0000
6.5369424568381,3.2208751195122,191955549443036,#FF0000
6.5186869316503,3.2052187853033,494260568689531,#FF0000
6.5262315326913,3.2127234605601,404089111533809,#FF0000
6.5277831984485,3.2143630854127,1075588059660574,#FF0000
6.5369969892541,3.2209436949245,3324639157769775,#FF0000
6.5373117841046,3.2209565418511,374188947303112,#FF0000
6.527648147059,3.2142411575371,3037142416597405,#FF0000
6.5046567920133,3.2000756885291,272077951327677,#FF0000
6.5368222342667,3.220808999125,436006901626447,#FF0000
6.537078767194,3.2209357184635,523733411994407,#FF0000
6.5304097946514,3.216956342955,1053720072209569,#FF0000
6.5116866084837,3.2026411633051,3474567492667636,#FF0000
6.5107983505748,3.2023724702206,248434447053014,#FF0000
6.5370522247663,3.2208197962617,525574468816509,#FF0000
6.527037641426,3.2135864976972,752798985762055,#FF0000
6.5418410089479,3.2287107396264,231612812096815,#FF0000
6.5372320339488,3.2210269432474,711184760160782,#FF0000
6.5269873062197,3.2134933827389,297400198716358,#FF0000
6.5424568697211,3.230296175996,374925753859635,#FF0000
6.5405218006574,3.2246519451023,930227067519998,#FF0000
6.5270122573255,3.213376960177,4000862833336199,#FF0000
6.5412470754515,3.2273222052165,177662537477373,#FF0000
6.5271726815261,3.213534560241,469019421071515,#FF0000
6.5093224534456,3.2017212771029,995812101045575,#FF0000
6.5303752545954,3.2169223943285,4317836948251057,#FF0000
6.5180615466004,3.2049124180865,136664915158452,#FF0000
6.5498820988901,3.2387485989707,218901647119278,#FF0000
6.5273189685166,3.2136969941473,483880802851693,#FF0000
6.5058044379473,3.2003638282251,457474432006459,#FF0000
6.5268292615231,3.2131947652305,536444990682069,#FF0000
6.5434200595918,3.2326336938776,850294045627827,#FF0000
6.5324898216446,3.2186167015122,391610365293167,#FF0000
6.5271202192051,3.2136607013409,820202298604136,#FF0000
6.5160949463556,3.203842580871,199563845344892,#FF0000
6.5274103150633,3.2139514029661,583274172927022,#FF0000
6.5408267365418,3.2257525456196,1193601091383824,#FF0000
6.5257659161152,3.2122349473998,1313793439445588,#FF0000
6.5284652101616,3.2150369152099,1317516358655796,#FF0000
6.5256944296952,3.212028486234,2863315313892213,#FF0000
6.5045372722195,3.2000459840706,576354286678498,#FF0000
6.5224976564267,3.2089341948151,983702382511351,#FF0000
6.5255203101406,3.2119794126943,2877787152537355,#FF0000
6.5257954769789,3.2123036861296,315504226612013,#FF0000
6.5258870580247,3.2122352176955,464322294823538,#FF0000
6.5419631182116,3.2291824453089,720105602668538,#FF0000
6.5109228626698,3.202435200599,3061630264129215,#FF0000
6.5256295179526,3.2121087775495,407397627647651,#FF0000
6.5480706074165,3.2365997585009,840610120142564,#FF0000
6.5285403755643,3.2149264777232,937625077057734,#FF0000
6.5254975842634,3.2119813529962,4981728908613000,#FF0000
6.5260005096314,3.2124907744466,501150808182870,#FF0000
6.5280107735119,3.2144130320437,164505302181541,#FF0000
6.5258872372452,3.2123633571181,691617031885196,#FF0000
6.5178263196653,3.2048001731389,692822615241938,#FF0000
6.5260898583906,3.2124574945044,793350164897682,#FF0000
6.5232948608563,3.2097260685157,3098148497113159,#FF0000
6.5435837802979,3.2332460094058,491238955260628,#FF0000
6.5311094447525,3.2175349130694,804152837188570,#FF0000
6.5408774905472,3.2257473324378,873116379903215,#FF0000
6.5314136215692,3.2179565076802,1216927665758083,#FF0000
6.5254963193548,3.2118157758065,4037640709605417,#FF0000
6.5499618968751,3.2388399018698,406331587972101,#FF0000
6.5476452331492,3.2361923232045,500116654453260,#FF0000
6.5405799331097,3.2247339678083,1024279205182833,#FF0000
6.517650582997,3.2047035136065,1370397373458346,#FF0000
6.5407130154417,3.2253393382019,249982330245759,#FF0000
6.5120212120278,3.2027043132666,784876639071656,#FF0000
6.5428443350763,3.2314565350307,997425020910649,#FF0000
6.5406416101603,3.2250089411431,1048805336044117,#FF0000
6.5405610436379,3.2245934896783,1152064212218426,#FF0000
6.5139453060489,3.2027635681143,1188502095299804,#FF0000
6.5209151814556,3.2071303814556,303013164864530,#FF0000
6.54061368,3.2246930433333,1671467603041239,#FF0000
6.5345152741116,3.2196092923858,155509063192626,#FF0000
6.5405578446014,3.2244565041373,272572494577115,#FF0000
6.5274566482587,3.2138423139304,266773278467123,#FF0000
6.5208590489898,3.2072456562646,400087461776870,#FF0000
6.5190770201076,3.2054232576477,496970568114225,#FF0000
6.5406775198234,3.2249352086359,3935157296575851,#FF0000
6.5312383489734,3.2177762086006,5029876923795044,#FF0000
6.5409205565247,3.2262354464024,304439917793893,#FF0000
6.5405046905956,3.2245324747603,502862210720495,#FF0000
6.5303611596774,3.2169021005154,718244625853918,#FF0000
6.5408958644936,3.2260308647658,1377471789421695,#FF0000
6.5046323641834,3.200058373938,2196581133837919,#FF0000
6.5406117355652,3.2248700946026,679461409978971,#FF0000
6.5110313331326,3.2023501888555,1153747921807315,#FF0000
6.5252285463374,3.2117203843527,1189114805161293,#FF0000
6.5405442685775,3.2244610281674,734672217906753,#FF0000
6.5459030701478,3.2351708446306,1412360135765621,#FF0000
6.5162570903586,3.2039263875658,1425640921212709,#FF0000
6.5421073702648,3.2294253629328,489397662495807,#FF0000
6.5429216556425,3.231619795595,1023827375157497,#FF0000
6.5407204229039,3.2253069185252,1390215121391052,#FF0000
6.528425219802,3.2148070541584,1450714838432413,#FF0000
6.5408382077934,3.2255747842254,2033279193504268,#FF0000
6.5407361870967,3.2251585264113,206599031273561,#FF0000
6.5474659144977,3.2362259915423,480476979839430,#FF0000
6.5322157681758,3.2185900492707,3806315072927254,#FF0000
6.5474280734,3.2360532717,465982368004338,#FF0000
6.5408019577781,3.2256012466501,2154164778098580,#FF0000
6.54076132393,3.2254558624531,2764616363683839,#FF0000
6.5407883563195,3.225364218908,305008377799832,#FF0000
6.5084450974066,3.2013722951917,1391613557979303,#FF0000
6.5476880785891,3.2363640452951,2918837241776586,#FF0000
6.5408286735924,3.2256780827158,497933531641442,#FF0000
6.5266902113269,3.2132034753344,300086361624685,#FF0000
6.524744816815,3.2111946764156,308484084194746,#FF0000
6.5411685080645,3.2267085959677,1386056108438366,#FF0000
6.5267384669207,3.2132841964423,374585821218561,#FF0000
6.5050183240556,3.2000541568589,882224455841859,#FF0000
6.5266385855982,3.2131850697183,526412845528795,#FF0000
6.5264410207537,3.2129576974726,1154320775364699,#FF0000
6.5112194326927,3.2025424225169,1620179521690653,#FF0000
6.5250987232877,3.2114085746575,2318194441646154,#FF0000
6.5313549019601,3.2179171027435,792095631283636,#FF0000
6.526542818106,3.2130770662993,1171156323641063,#FF0000
6.532404227449,3.2186772118414,193499239259482,#FF0000
6.516952160746,3.2043132543927,315673356661569,#FF0000
6.5265501158675,3.2130487001539,1673964562805768,#FF0000
6.5310501573061,3.2176095834018,2931292283830150,#FF0000
6.526458336473,3.2128325274549,173490527901747,#FF0000
6.509019519403,3.2015283481592,158795339583869,#FF0000
6.526644936473,3.2130169595191,197315115558891,#FF0000
6.5103190861332,3.2021855929745,1013902875921940,#FF0000
6.5098813424959,3.2019789311797,1389858874868503,#FF0000
6.5492662526664,3.2378560418214,312686293709386,#FF0000
6.5427440292947,3.2309862320072,488142965837217,#FF0000
6.514744699259,3.2031085417145,1093287461222428,#FF0000
6.5263386864517,3.2128339879041,2223731444457685,#FF0000
6.5262751803165,3.2126421393669,315386593519357,#FF0000
6.5190693065426,3.2054965549244,522197042987470,#FF0000
6.5242408304717,3.2106857584872,522483942673780,#FF0000
6.5414154820334,3.2279040306009,781553809162624,#FF0000
6.5262627611377,3.2127415399707,4466300570066411,#FF0000
6.5264083102466,3.2128928077569,965886320913109,#FF0000
6.5261126065789,3.2126156185884,568335894313093,#FF0000
6.5294461677652,3.2159780005832,673415553770126,#FF0000
6.5261089405527,3.2125935853999,929160344547236,#FF0000
6.5307308850676,3.2172834623004,949635215869153,#FF0000
6.5253635176351,3.2118490081186,1423501958098974,#FF0000
6.543522186055,3.2332012186714,1429720110821992,#FF0000
6.5287961604272,3.2151981506613,299000045060417,#FF0000
6.5342960128586,3.2194810654797,791999134780503,#FF0000
6.5202420162794,3.2066202102204,1371492313316846,#FF0000
6.5248653763546,3.2113037369056,1978571998983038,#FF0000
6.5252928683071,3.2116060179134,312775880241461,#FF0000
6.5150924318307,3.2033183739755,1324664274934778,#FF0000
6.5251226624081,3.2115317351904,579996152968318,#FF0000
6.5289779829788,3.2155390953878,5421911761182042,#FF0000
6.5461286773333,3.2352997598974,242824317627475,#FF0000
6.5249974163923,3.2114080790002,795667967745271,#FF0000
6.5248939018868,3.2112022566038,3894715777314948,#FF0000
6.531862532612,3.2183887190997,4973100526119629,#FF0000
6.5411379242545,3.2265742306163,386212952560620,#FF0000
6.5329735576994,3.2189700610304,418975659979349,#FF0000
6.5048329169337,3.2000977861837,720768202260925,#FF0000
6.5433000643123,3.2325834555206,1174810676671673,#FF0000
6.5494149726052,3.2380892700517,1175605756587165,#FF0000
6.5242832108434,3.2105773939759,1179248515846389,#FF0000
6.5274080798511,3.2139209021033,4570500286315178,#FF0000
6.5220565749675,3.2084860096329,4744471649013040,#FF0000
6.5406727129191,3.2252120517567,1136659360134705,#FF0000
6.542580585483,3.2308770795008,1613359145535055,#FF0000
6.5296073718748,3.2161669516499,869004780494649,#FF0000
6.5406682473122,3.2251566865825,2103108783190903,#FF0000
6.5418620866332,3.229000740063,2636829136618029,#FF0000
6.5409477646946,3.2263078700623,1060108464594640,#FF0000
6.5418863724964,3.2290665006669,2337978536353620,#FF0000
6.5409191415638,3.2259179699588,144593087685338,#FF0000
6.5306971885344,3.2170942163509,297814511946600,#FF0000
6.5291990379939,3.2156077860183,494022948456421,#FF0000
6.5417737820407,3.2288333433333,889145601942485,#FF0000
6.5408708263113,3.2258933542155,2208595359288496,#FF0000
6.5410208492877,3.2262899660019,284875423322241,#FF0000
6.514010430495,3.2027228744555,768912963995482,#FF0000
6.5408547915241,3.2257897643831,308177044020755,#FF0000
6.540882108848,3.225894313306,478392016725958,#FF0000
6.540920443528,3.2261751370554,515723750103160,#FF0000
6.5243443965685,3.2108022234709,1078218483049681,#FF0000
6.5278463664153,3.2144321698166,1125746804913015,#FF0000
6.5275333668112,3.2140247260911,299752678301010,#FF0000
6.5494736933618,3.2381656704838,361227506022860,#FF0000
6.5409562492958,3.226060147183,605016757568599,#FF0000
6.5409886839879,3.2261847111782,746794712655719,#FF0000
6.5287991614864,3.2153662093918,1166245644146984,#FF0000
6.5230720358675,3.2094989787149,1602751110116933,#FF0000
6.5290672923792,3.2154771737918,144051124401829,#FF0000
6.5289579154206,3.2155247269159,271332778006329,#FF0000
6.52220575067,3.2086361682718,733548400999762,#FF0000
6.528835966115,3.2154099939149,321616429359134,#FF0000
6.5438023324027,3.2337166654568,788969862066786,#FF0000
6.5300943902324,3.2166540964263,3062511793964570,#FF0000
6.5288779265026,3.2154538199277,554649022662246,#FF0000
6.5468377305459,3.2358228894211,878466639549981,#FF0000
6.5325997259664,3.2187659101643,122830693163298,#FF0000
6.5289238061728,3.2153219549383,840634856524541,#FF0000
6.5322354996997,3.2184717864865,1679325625611289,#FF0000
6.5290828965855,3.2156211332365,977333036302872,#FF0000
6.5331111006184,3.2190231506728,1136400960265078,#FF0000
6.5158941915178,3.2037825853902,2292042914266871,#FF0000
6.5424257337298,3.2304961636792,2774936026141055,#FF0000
6.5417131075849,3.2286524244173,310093653854220,#FF0000
6.5196443937293,3.2060461799808,596601767983739,#FF0000
6.4494378095944,3.5508443795218,1434273426906888,#FF0000
6.4493693290235,3.5506648520404,176043131076425,#FF0000
6.4496057075959,3.5508164398077,178592120806242,#FF0000
6.4494521175542,3.5504759901135,261232362451841,#FF0000
6.4495353157618,3.5506553907194,538635370468038,#FF0000
6.4493092557359,3.5504816912638,165728845465427,#FF0000
6.4493580185522,3.5503276433484,2103014213167149,#FF0000
6.4492298488828,3.5503022311261,465763717849010,#FF0000
6.4492773912094,3.5503565427455,550738009249700,#FF0000
6.4493076644345,3.5501584355144,134217665402910,#FF0000
6.4491388800691,3.5500995790796,150209853734475,#FF0000
6.4496211525153,3.550997423916,140886061352631,#FF0000
6.4495951575905,3.5510997870275,271081811368791,#FF0000
6.4497271879576,3.5512759455469,2876133689269072,#FF0000
6.4496753284823,3.5511389350944,3941589415890659,#FF0000
6.4497778856224,3.5513942687712,4132226133539050,#FF0000
6.4497016122166,3.5515213298172,426871158402754,#FF0000
6.4495679772439,3.5511962175395,521188132234271,#FF0000
6.4498431883516,3.5515185902509,801840987430220,#FF0000
6.4496005958038,3.5513535622766,809516976611140,#FF0000
6.44950003466,3.5510166033948,917822499016015,#FF0000
6.4497679393267,3.5516589657722,1057478394782568,#FF0000
6.4498954178734,3.5519794923587,1176238129557879,#FF0000
6.4498307187413,3.5518265338115,293428132456366,#FF0000
6.4499389972159,3.5517671788132,341830310676488,#FF0000
6.4498951502055,3.5516485415692,501600884308612,#FF0000
6.4499968714343,3.5518877558612,511802199824817,#FF0000
6.4499072302597,3.5518802262292,893625568151335,#FF0000
6.4499640291635,3.5521303352107,924063424832346,#FF0000
6.5001361525414,3.1000106107074,1429792494027022,#FF0000
6.5001116224688,3.1000934520891,500731594714285,#FF0000
6.5000931771882,3.1001744368594,832270957498681,#FF0000
6.5000856469104,3.1002403556549,1118564991945669,#FF0000
6.5000593922131,3.1003807109732,1357718254609403,#FF0000
6.5000224499813,3.1006879669719,140093748102706,#FF0000
6.5000038171737,3.1007598261423,279064613921686,#FF0000
6.5000456596655,3.1006089761104,2888561351416372,#FF0000
6.500050592502,3.1005256970043,498218048288179,#FF0000
6.5000649870726,3.1004617694881,863320407875189,#FF0000
6.5000931714969,3.1003070161041,916239515884387,#FF0000
6.5482473612623,3.5419732907085,387841389031820,#FF0000
6.5420793589597,3.546695832762,796313041294484,#FF0000
6.5468601708096,3.5427166083721,1124417578058527,#FF0000
6.5420547863129,3.5467553522167,1171220586727059,#FF0000
6.5467683609947,3.5427424258308,1375864319460339,#FF0000
6.5428683716711,3.5460253016962,1765097393678430,#FF0000
6.5468084869695,3.5426902717128,1948543575299310,#FF0000
6.5466666666667,3.5427539197433,196494655641683,#FF0000
6.5416722989887,3.5471539808766,305061671235147,#FF0000
6.5463175434352,3.5430439276486,372580467474600,#FF0000
6.5415136866552,3.5473647821142,471336474132665,#FF0000
6.5482017628514,3.5419958730488,912747315968743,#FF0000
6.5467158430767,3.5427180742367,217701999861557,#FF0000
6.5445059395661,3.5443653740374,512217563125331,#FF0000
6.5425625577456,3.5462421340315,874684533082297,#FF0000
6.5459436079126,3.5432943607961,1158851514564596,#FF0000
6.5483409329206,3.5419252129027,769019510644252,#FF0000
6.5466155779241,3.5427872185911,2536463979981954,#FF0000
6.5400344729129,3.5494401682875,4595900910426407,#FF0000
6.5405031558946,3.5489597674176,2299886570143974,#FF0000
6.5465719098471,3.542877791673,2880627252225900,#FF0000
6.5466239874575,3.5428441337905,292412469201844,#FF0000
6.5465666136484,3.5428504949094,3970250089756545,#FF0000
6.5475789340695,3.5422521085442,214001970271381,#FF0000
6.5401989872872,3.5492341221532,1419652958369270,#FF0000
6.5466752005883,3.5428098451059,2979862815579102,#FF0000
6.5466190437563,3.5428551162145,305151544427990,#FF0000
6.5410049505259,3.548187155606,767154377322202,#FF0000
6.546801332934,3.5427463111169,309165500654580,#FF0000
6.5469224102369,3.5425741757344,1083201678755621,#FF0000
6.5466847597322,3.5427682312025,316898226759947,#FF0000
6.5399249781277,3.5496182246506,925828611567069,#FF0000
6.5472662347161,3.5424228395062,1448829595462132,#FF0000
6.5467466199664,3.5427277240546,323456432725790,#FF0000
6.5469855892451,3.5425944495378,580163066293624,#FF0000
6.5409297517928,3.5483469945355,1129311517548940,#FF0000
6.5468149600796,3.5427080338963,335304728130354,#FF0000
6.5463243891283,3.5430271907451,209856097396569,#FF0000
6.5477835692183,3.5422031749224,326352125524965,#FF0000
6.5399825767062,3.5495430773005,327673795542798,#FF0000
6.5466800217639,3.5428181310408,471015470824129,#FF0000
6.5426924879329,3.5461640553942,485561066094236,#FF0000
6.5467412478667,3.5427805280528,480602473259216,#FF0000
6.5433011426979,3.5456045751634,489777438834178,#FF0000
6.5466242190693,3.5428094991422,524292228740532,#FF0000
6.5429686550034,3.5458862791363,2423403774457525,#FF0000
6.5447487747488,3.5441840055819,180687783924843,#FF0000
6.543719418239,3.5451870870283,442175097171609,#FF0000
6.5467233260091,3.5427750275028,900180817491699,#FF0000
6.5483652627718,3.5418712737923,2570550166586914,#FF0000
6.5422591454159,3.5465405270734,788124591907921,#FF0000
6.5475330233667,3.5423410607954,1027800614657983,#FF0000
6.5476500516196,3.5422016650198,1120747848403316,#FF0000
6.5462990922886,3.5430407971323,131990062221338,#FF0000
6.5427732102603,3.5460787016155,163574152437262,#FF0000
6.5474406452485,3.5423130390336,1139106743183993,#FF0000
6.5479778374156,3.5420423872499,811770142777509,#FF0000
6.5478486779549,3.5421070531966,1140942499757270,#FF0000
6.5476625857311,3.5422177825423,121741816615415,#FF0000
6.5445437054098,3.5442446519729,461523214914605,#FF0000
6.5473173907426,3.5424499125634,138335634982407,#FF0000
6.5409252918444,3.5482151372942,3121260348101239,#FF0000
6.547762001463,3.5421784240519,1536952653312086,#FF0000
6.5478544914402,3.5421343254628,158999939519746,#FF0000
6.5465133423236,3.5428887750455,840239253244665,#FF0000
6.5474839666119,3.5422926746691,1610027752534974,#FF0000
6.547383496506,3.5423971313984,168697848508703,#FF0000
6.5463648893644,3.5430121683754,476455396775945,#FF0000
6.5497194719472,3.5411786139659,1363365487364108,#FF0000
6.5476065265647,3.5422683148904,1769670769879909,#FF0000
6.5477550416151,3.5421705111776,177383064265249,#FF0000
6.5478643038867,3.5421702803027,181771677151772,#FF0000
6.5431226221444,3.5457504402183,582567036466232,#FF0000
6.5480399366472,3.542010734951,575825853400975,#FF0000
6.539731615431,3.5499178396635,969918636881526,#FF0000
6.5473649704703,3.5423492167621,1927465610762819,#FF0000
6.5474446342532,3.5423297903521,197922632161859,#FF0000
6.5476797745118,3.542263974709,203851921568364,#FF0000
6.5472725046746,3.5424253375593,221795392669774,#FF0000
6.5402805280528,3.5491486567096,508476856995958,#FF0000
6.5482267198909,3.5419491165477,211918174075431,#FF0000
6.5475904414308,3.5423148148148,221958849341030,#FF0000
6.5476539291345,3.542246525173,235730118320055,#FF0000
6.5460438806493,3.5432675825191,259272069262693,#FF0000
6.5477179550002,3.5422136189722,282753173518581,#FF0000
6.5409496849738,3.5481399466585,304032411341152,#FF0000
6.5478179167009,3.5421455780876,2831457107167657,#FF0000
6.5472660818713,3.5424803516886,2945220249124369,#FF0000
6.5398388727011,3.549771978718,196978105583940,#FF0000
6.5474760678017,3.5423611111111,2952836328286090,#FF0000
6.547698696516,3.5421741351926,4130131860365025,#FF0000
6.5473107163889,3.5423887748118,307380114325622,#FF0000
6.5463599286656,3.5429626501501,314420096727780,#FF0000
6.5475,3.5423101257667,320002166177573,#FF0000
6.5414602272287,3.5474866877473,466681291227159,#FF0000
6.5477928614808,3.5421338570548,333174374820881,#FF0000
6.5451571081601,3.5438993761428,320529969466756,#FF0000
6.5473235808106,3.5424096263832,377382210273698,#FF0000
6.5464319113634,3.5429666715571,462139571736961,#FF0000
6.5472367761885,3.542459898322,395492894824001,#FF0000
6.5430470016725,3.5458176366843,3975633649197723,#FF0000
6.5483950049982,3.5418988924974,488588205595973,#FF0000
6.5414216989903,3.5474643963384,499846174501676,#FF0000
6.5406841883086,3.5485977772251,946036876227768,#FF0000
6.5426887018787,3.5461688270972,1442181006120850,#FF0000
6.5478628399847,3.5421244569698,4094848303932427,#FF0000
6.5473969686918,3.5423557295353,458294762141143,#FF0000
6.5438382931863,3.5450028985507,163975378992969,#FF0000
6.5473679337884,3.5423450919556,462650785031592,#FF0000
6.5489202927478,3.5416069481408,483688412956829,#FF0000
6.5462389911591,3.5430939161063,824635531738947,#FF0000
6.547640347849,3.5422873609366,468117314297258,#FF0000
6.5458305830583,3.5434287806177,746520629355257,#FF0000
6.5421663703165,3.5466938204204,428149564894434,#FF0000
6.5474807851207,3.5422879259536,474411767125880,#FF0000
6.5475543663896,3.5422900404675,475810040172676,#FF0000
6.5472719137998,3.5424316601253,483344086309124,#FF0000
6.5455403907619,3.5435495676594,1378907772489913,#FF0000
6.5452588978793,3.543812743029,3750644311711402,#FF0000
6.5417297462079,3.5470833333333,290278565972303,#FF0000
6.5469175520274,3.5426874918327,487143029033188,#FF0000
6.5477494642776,3.5421517398853,487885805857577,#FF0000
6.5441216881225,3.544642329075,493687668422224,#FF0000
6.5475240563447,3.542265561138,509833253696351,#FF0000
6.5485441800027,3.5417876069171,3580259318742547,#FF0000
6.5473080597533,3.5423911679218,617341862998769,#FF0000
6.5445587672441,3.5442923373261,211124984174041,#FF0000
6.5421752483099,3.5466082091253,538430790487957,#FF0000
6.5475308269669,3.5422730213689,746420986044602,#FF0000
6.5485466237238,3.5417899768184,232064812052876,#FF0000
6.547439607904,3.5423084328382,767029270532758,#FF0000
6.5487329239919,3.5417043629204,790702998478385,#FF0000
6.5451557440598,3.543846655955,1080685865792262,#FF0000
6.5411684471426,3.5478180669116,1251442081919472,#FF0000
6.5460413231356,3.5431712760796,4330036377030345,#FF0000
6.5419642857143,3.5468171451493,599273651034212,#FF0000
6.5477287824819,3.5422361250139,771187726873136,#FF0000
6.5456651579258,3.5434988300234,792613741375701,#FF0000
6.5458939264328,3.5432964013162,810169539630121,#FF0000
6.5481683983542,3.5419825073511,957045645118009,#FF0000
6.5475694444444,3.5422416821892,873022543294834,#FF0000
6.5474259494621,3.5423767796097,911558329637986,#FF0000
6.5411633223746,3.5478267757756,166353878742163,#FF0000
6.5477092731423,3.5421943266707,923106271864416,#FF0000
6.5454094573643,3.5436995194665,3970496293070550,#FF0000
6.5438335141553,3.5449892951793,374353627283249,#FF0000
6.542974030849,3.5459004785509,556554892000454,#FF0000
6.547797746715,3.5421543423084,959553398114266,#FF0000
6.5472129915851,3.5424566363719,1210538242736789,#FF0000
6.5471192269076,3.5424725248471,1369298670102097,#FF0000
6.5444683359119,3.5443096124753,281305996983860,#FF0000
6.5456609925381,3.5435157914348,776950566542398,#FF0000
6.5467618877935,3.5426808373055,1383071048720177,#FF0000
6.5472058033943,3.5425137277248,139869091458232,#FF0000
6.5458424499986,3.5433728397734,1273745749694888,#FF0000
6.5470525431633,3.5425600201879,146433440788191,#FF0000
6.5416168551427,3.5472251984127,487315162472182,#FF0000
6.5469749669531,3.5426537994011,147429444029620,#FF0000
6.5396515379989,3.549947078262,3949407558481437,#FF0000
6.5471539153016,3.5425403235906,154773066524639,#FF0000
6.541115726153,3.5479543759866,1175898429504065,#FF0000
6.5468635645798,3.5426114108559,1740762739438295,#FF0000
6.5469832332332,3.542596044162,177272857516520,#FF0000
6.5400658066357,3.5494732120051,659453465449121,#FF0000
6.5472151087002,3.5424345404399,179603333941858,#FF0000
6.5446375216577,3.5442321050315,553804512275903,#FF0000
6.5471023470662,3.5425184749016,181553367166208,#FF0000
6.5416259201599,3.5471914314476,921640231957217,#FF0000
6.5490404040404,3.5415489735032,1070240246719214,#FF0000
6.5469868022906,3.54253566187,1824807191013012,#FF0000
6.5471610992936,3.5424828915954,194173545763906,#FF0000
6.543605698581,3.5453254168803,224207339073693,#FF0000
6.5415694863978,3.5474160845734,499771061146818,#FF0000
6.5465034360951,3.5429265350294,904941390083781,#FF0000
6.5426442805899,3.546205984435,1005857913485461,#FF0000
6.5456088809093,3.5435039926132,156965119634796,#FF0000
6.5468690065359,3.5426586415342,220036529557321,#FF0000
6.5429435991411,3.5459642621628,313553870164086,#FF0000
6.5492873032847,3.5414536608815,932445927521374,#FF0000
6.5405555555556,3.5488953550325,514670953053034,#FF0000
6.5423958333333,3.5463583687282,774762286574898,#FF0000
6.5470942982456,3.5425755790597,2883167961922476,#FF0000
6.5438493755862,3.5450501452311,321577322649313,#FF0000
6.5435325741694,3.5453555384829,1394072754282759,#FF0000
6.5470537367481,3.542502750275,2921262271482292,#FF0000
6.5470336633824,3.5426150092937,327026615659732,#FF0000
6.5471160835984,3.5425290354805,519255619249789,#FF0000
6.5470405590071,3.5425578828739,564911074472937,#FF0000
6.5430221981414,3.5458587329898,989248221818718,#FF0000
6.5462382921726,3.5431088188899,276741930827488,#FF0000
6.5448340562012,3.5441210629234,305300291040485,#FF0000
6.5433169112382,3.5456220648039,328904211931426,#FF0000
6.5469268136701,3.5426288288652,673691913407819,#FF0000
6.5448094763815,3.5441545435378,1441417996195203,#FF0000
6.5471692046507,3.542502750275,779147379468879,#FF0000
6.5428520252883,3.5460313258061,132570362159140,#FF0000
6.5468653984498,3.5426715476355,787625685276101,#FF0000
6.5418234237967,3.5470238845897,906626533523515,#FF0000
6.5420235465651,3.546754409578,257836402751696,#FF0000
6.5468102803039,3.5426459650972,820445928828071,#FF0000
6.5432581587083,3.5456805266805,169417141765999,#FF0000
6.5410676638892,3.5479912837192,285343706581508,#FF0000
6.5397141948116,3.5498634029479,772948936926480,#FF0000
6.5469217759135,3.5426327805883,906304193278453,#FF0000
6.5484221716021,3.5418758518379,846552942600915,#FF0000
6.5464602577435,3.5428855224538,1008268773042497,#FF0000
6.5457831998722,3.5434154018899,925789617964519,#FF0000
6.5459411004854,3.5432566579349,1391048607923282,#FF0000
6.5413246272564,3.5476128080184,323633189221344,#FF0000
6.5459819473456,3.5432630098453,1429629397388212,#FF0000
6.5436850116309,3.5451629005012,311493267289416,#FF0000
6.5461952984825,3.5431429062775,1462338874111177,#FF0000
6.542890521077,3.5459542487898,1761023000725428,#FF0000
6.5459757914051,3.5432915817429,1465462447123738,#FF0000
6.5462324681759,3.5430287894399,150095207083408,#FF0000
6.5428814785868,3.5459752536856,173659778025284,#FF0000
6.5420942724111,3.5467132025178,291722002572227,#FF0000
6.5496541927465,3.5412506979341,472128880674204,#FF0000
6.5409007458969,3.5483909141835,524803205185271,#FF0000
6.5491666666667,3.5414980890511,480946063158914,#FF0000
6.5463017205395,3.5429813598147,1598635227193653,#FF0000
6.5459824764991,3.5433173537131,163256085736903,#FF0000
6.5412979027762,3.547695861134,131561195670703,#FF0000
6.546190860573,3.5431219316702,167460962046226,#FF0000
6.5447194719472,3.5441666666667,196930588811763,#FF0000
6.5400095448945,3.5495509994732,2640374222869875,#FF0000
6.5464670314569,3.5429223519536,169929194940646,#FF0000
6.5463932310689,3.542971222595,818906512070741,#FF0000
6.5460981327321,3.5432216469905,175366031156503,#FF0000
6.5461424068445,3.5431516020364,224681595661356,#FF0000
6.5412190740898,3.5477265617194,343517327106570,#FF0000
6.5461039734623,3.5431228822533,2796878923907719,#FF0000
6.5461869831604,3.5430599319081,2877159569223932,#FF0000
6.5423187391822,3.5465469734203,4029972257097485,#FF0000
6.5460395988297,3.5432157313979,2923525224639354,#FF0000
6.5464152883635,3.5429779243596,297953258492165,#FF0000
6.5432592165349,3.5456216715629,824217628199556,#FF0000
6.5461967138344,3.5431208005225,308064364099553,#FF0000
6.5418403570436,3.5470665848217,153233713355185,#FF0000
6.5460939075245,3.5431985590957,309732513951970,#FF0000
6.5462779618152,3.5430658921255,328151542004324,#FF0000
6.5437599522364,3.5450757335028,479337353184908,#FF0000
6.5495606243177,3.5413243379168,1122956104874193,#FF0000
6.5462394155558,3.5430877073749,336351214488048,#FF0000
6.5479179294249,3.5421101625081,155127013237868,#FF0000
6.5464194662664,3.5429173646008,453167729112460,#FF0000
6.5459803921569,3.5432245870394,522612905583275,#FF0000
6.5432401322002,3.5456631868235,226013825949641,#FF0000
6.5462748138079,3.5430802194234,463490214748833,#FF0000
6.5433608164805,3.5455425496447,519084395931581,#FF0000
6.5457231959224,3.5434580151472,168445075195401,#FF0000
6.5465207590775,3.542909709359,476666976919541,#FF0000
6.5420652482162,3.5466587787061,510044103365328,#FF0000
6.5461423337968,3.5430947841709,478629936692126,#FF0000
6.541619388186,3.5473454774737,281142533745203,#FF0000
6.54650890959,3.5428547538063,498371211590833,#FF0000
6.5463331697816,3.5430105510773,510377223721881,#FF0000
6.5412258632293,3.5477953869898,1219515795148850,#FF0000
6.5490486423345,3.5415757823129,2446425535504197,#FF0000
6.5486772411074,3.5417504734447,375065967163310,#FF0000
6.5464549657895,3.542954892559,520297782314127,#FF0000
6.5417117721256,3.5471565635181,1174019406383458,#FF0000
6.5465616387337,3.5428212872999,521129345575967,#FF0000
6.546473123553,3.5429404447922,528079894892368,#FF0000
6.5463734671126,3.5429992686622,558695705112538,#FF0000
6.5460380505643,3.5432428604463,768807840493931,#FF0000
6.5414789041899,3.547550600768,825598811702500,#FF0000
6.5490052299594,3.5415754617487,318104509728281,#FF0000
6.5465599902716,3.542892305141,790229235199637,#FF0000
6.5398683504084,3.5496928367027,812360669400660,#FF0000
6.5401445503976,3.5493086148835,508367057196420,#FF0000
6.5461477917931,3.5431584147515,804052870240169,#FF0000
6.5461481981768,3.543180067149,875962659666238,#FF0000
6.5416811427947,3.5471183256809,910028319731747,#FF0000
6.5460992166866,3.5431754603766,930490137711065,#FF0000
6.5452432253003,3.5437881256701,486286699459045,#FF0000
6.5454962730553,3.5436236857255,523035252438856,#FF0000
6.5479200289463,3.5421476431782,1010993473040529,#FF0000
6.5479821772327,3.5420812170722,132071435544508,#FF0000
6.5428088386314,3.5460465256924,153465203399631,#FF0000
6.5492880458182,3.5414332663742,146997174072868,#FF0000
6.5479166666667,3.5421034733483,1749097741933795,#FF0000
6.5413008570609,3.547620097091,177519794282696,#FF0000
6.5453297589397,3.5437319499926,252485873326254,#FF0000
6.5479800126176,3.5421190233349,298850245194983,#FF0000
6.5444949965092,3.5444038138218,1267583400330167,#FF0000
6.5440847528713,3.5447465583988,1918562218296112,#FF0000
6.5479738166232,3.542081565501,3102465123308143,#FF0000
6.5480413871662,3.5420867691851,378698850075782,#FF0000
6.5416552160405,3.5472267610748,182126160449649,#FF0000
6.5415139958494,3.547336631522,184283343570764,#FF0000
6.5440918028382,3.5448022086186,463273891399873,#FF0000
6.5479127175129,3.5420740740741,934469997099591,#FF0000
6.5426977513033,3.5461138613861,809240523363104,#FF0000
6.5422415656904,3.5464923097507,1062892907570363,#FF0000
6.5452253400536,3.5437408122074,1066946633792157,#FF0000
6.5422114156682,3.5465910327566,854362458492349,#FF0000
6.5455423769878,3.5435941090147,1177807879359137,#FF0000
6.5455838717265,3.5436069239638,172202871477951,#FF0000
6.5453904047023,3.5436440561529,174974464504687,#FF0000
6.5424321309636,3.5463298106134,799101884358772,#FF0000
6.545841809761,3.5433422979798,219018886348001,#FF0000
6.5408845960036,3.5482819545668,225401232254433,#FF0000
6.5454115857656,3.5436749945822,245516077347442,#FF0000
6.5408417470923,3.5483539829393,487221136037267,#FF0000
6.548837389134,3.541699740968,1384533801913658,#FF0000
6.5458235177178,3.5434018118915,291776599266126,#FF0000
6.5439767736796,3.5448160412068,2933936820267244,#FF0000
6.5455024972763,3.5436641027669,305672904545862,#FF0000
6.5403365092959,3.5490781208762,257561972782495,#FF0000
6.5493392990015,3.5414001645548,770771956820158,#FF0000
6.5453363516514,3.5437554493473,4356935224317462,#FF0000
6.545332277154,3.5437811527297,459623248461947,#FF0000
6.5497553147377,3.5412260305795,915412405684860,#FF0000
6.5436412153147,3.5452168531834,1726600354188557,#FF0000
6.5488924030413,3.5416242384989,2742948452613237,#FF0000
6.5454775455413,3.5436470613283,468729147717281,#FF0000
6.545664784339,3.5435499002975,472760653783082,#FF0000
6.5443701292043,3.5445229781857,132561665490951,#FF0000
6.5456038578306,3.5435432523307,485562262656221,#FF0000
6.5481088116212,3.5420149215596,290759006090941,#FF0000
6.5455804689004,3.5435717597814,502298104543529,#FF0000
6.5427540221141,3.5460710411885,197708722194370,#FF0000
6.5450532972271,3.5438538519716,295850632208178,#FF0000
6.5482819875153,3.541891980482,917311329120102,#FF0000
6.5457407407407,3.5434577634802,5614672628603425,#FF0000
6.5402534384676,3.5491639163916,179076473998993,#FF0000
6.5457473443317,3.5434896624966,767813920545909,#FF0000
6.5454173646008,3.5437203254841,801513827143014,#FF0000
6.5452445503555,3.5438405270943,802184637364360,#FF0000
6.545309076035,3.5436891728596,826860354590210,#FF0000
6.5457861239734,3.5433901658896,827274961473324,#FF0000
6.5454675925926,3.5435963507789,941871563254763,#FF0000
6.5442301221131,3.5446260269073,1351654875208261,#FF0000
6.5456696002523,3.5434650622667,963938601028215,#FF0000
6.5457258359346,3.5434335669336,966519877487912,#FF0000
6.5401211881876,3.5493945792625,1925793840907006,#FF0000
6.5459108777331,3.5433712302657,218794509722366,#FF0000
6.5459039583038,3.5433453609008,3069651673258668,#FF0000
6.5458971398738,3.5433305830583,3938387292907925,#FF0000
6.5414213195754,3.5475412647542,368558841254374,#FF0000
6.5489914882891,3.5415735827664,1070078010148450,#FF0000
6.5488621837315,3.5416434491271,1388280818212182,#FF0000
6.539622751653,3.549945884735,136137641873117,#FF0000
6.5486153475326,3.5417837342128,162029565857091,#FF0000
6.5441915355091,3.5445698636433,277063580768355,#FF0000
6.5433154774814,3.545623490441,321485489547997,#FF0000
6.5440310548033,3.5448059943562,138141184912636,#FF0000
6.5487479244678,3.541695303551,173752821316472,#FF0000
6.5487702224995,3.5417391144686,209811494080771,#FF0000
6.5399526327445,3.549626300623,4549021358460741,#FF0000
6.5490694865959,3.541537116608,191808896009931,#FF0000
6.5405118073255,3.548841335282,1110088899510088,#FF0000
6.5489317621891,3.5416099346769,223770849511145,#FF0000
6.5487031896848,3.54177377614,270604131477323,#FF0000
6.5425223077661,3.546289835579,523106375514096,#FF0000
6.5407969129782,3.5484378742905,527971078212959,#FF0000
6.5410527877369,3.5480138634863,868211734048390,#FF0000
6.5397785477449,3.5497796268378,218723299710830,#FF0000
6.5413401321297,3.5477266949708,381106659806659,#FF0000
6.5487989729741,3.5416795729718,2862184010765399,#FF0000
6.5486714616734,3.5417342302472,288940806307410,#FF0000
6.5496256254155,3.5412345245692,1426198051050674,#FF0000
6.5488545701438,3.5416388586628,347245096967270,#FF0000
6.5422872831069,3.5465011455353,513887529847025,#FF0000
6.5489650216369,3.5415854391678,384413362760696,#FF0000
6.5419857748226,3.546740592754,481115829636115,#FF0000
6.5401757285139,3.5493187207773,1192154754567882,#FF0000
6.5488194444444,3.5416600167101,415350893200421,#FF0000
6.5485741272773,3.5418264611432,461303468267668,#FF0000
6.5497519058062,3.5411996166802,144315300946443,#FF0000
6.5486378911859,3.5418021771212,464296021309701,#FF0000
6.5422471128098,3.5466253457132,476285970275706,#FF0000
6.5486111111111,3.5417622194685,465116218129277,#FF0000
6.5410340977187,3.5480603296235,173087101402662,#FF0000
6.5489757342987,3.541616240969,476818036988232,#FF0000
6.5411878946741,3.5477807971014,299679615040848,#FF0000
6.5490835241979,3.5415387843817,484644399537201,#FF0000
6.5410549443426,3.5480956081491,770527783608193,#FF0000
6.5491540102011,3.5414960923257,515318969501251,#FF0000
6.548738167723,3.5417155370902,526380208518312,#FF0000
6.5410290699047,3.548139794793,478927130090223,#FF0000
6.5486783775221,3.5417303187305,532321764615259,#FF0000
6.5410728084869,3.5480172541689,213582520576733,#FF0000
6.5491200218809,3.5415122428121,558417745322707,#FF0000
6.5434459883661,3.5454909383336,1104001063453703,#FF0000
6.5492029112886,3.5414929663926,739035690099855,#FF0000
6.5484846315698,3.5418174053803,4071329459617778,#FF0000
6.54045343776,3.5489226998382,175300287822295,#FF0000
6.5430720978441,3.5458141360726,186717523203238,#FF0000
6.5400379544291,3.5494656142629,763022494404735,#FF0000
6.5492029715144,3.5414737106695,771463346875483,#FF0000
6.5408238864903,3.5483305830583,792952594658783,#FF0000
6.5489047227943,3.5416582134908,841027386510970,#FF0000
6.5486083608361,3.5417626436885,856971321552257,#FF0000
6.5491236838047,3.5415344088842,878258239422710,#FF0000
6.5428421846577,3.5460116559937,3808662562594915,#FF0000
6.5449207016888,3.5440572598412,924904501633862,#FF0000
6.5487926844248,3.5416719956986,977931196348692,#FF0000
6.5428877125608,3.545995918053,1956440021431633,#FF0000
6.5444206489944,3.5444096073816,328117355409532,#FF0000
6.548087154285,3.5420285513681,1177332752690317,#FF0000
6.5499372685732,3.541120497282,154363999982358,#FF0000
6.5428190341996,3.5460182057057,368639401255649,#FF0000
6.5481573966031,3.5419471947195,1182248378863243,#FF0000
6.5480996712786,3.5420538519607,167567985292755,#FF0000
6.5484529189262,3.5418737840656,190015749651203,#FF0000
6.5427805555556,3.5460979997561,316221549870455,#FF0000
6.5408570789456,3.5483608393697,3926453494110391,#FF0000
6.5482184388229,3.5419192873768,209894244218880,#FF0000
6.5481380546006,3.5419998717136,215387050104910,#FF0000
6.5481530475321,3.5420221972079,220627599511595,#FF0000
6.5482278031856,3.5419534794215,517749739359378,#FF0000
6.5482676497281,3.5419242679363,376673400367247,#FF0000
6.5403242346224,3.5490677287032,395779208119166,#FF0000
6.548487654321,3.5418458030708,2855889651299597,#FF0000
6.548479180418,3.541814136606,293444845578438,#FF0000
6.5451774900268,3.5438725490196,549301609389259,#FF0000
6.5480313648973,3.5420551025691,297451375179146,#FF0000
6.5483131872357,3.5418982292275,329285875206908,#FF0000
6.5485529302696,3.5418152733717,331661785066326,#FF0000
6.5495574825748,3.5412991057258,965580097511155,#FF0000
6.5417912679166,3.5469763825417,249565450251574,#FF0000
6.5484235541089,3.5418453393544,3414610141972073,#FF0000
6.5411329816962,3.547978660654,3559454614159791,#FF0000
6.5396889619622,3.5498640548992,531321327869170,#FF0000
6.5482903756195,3.5419277741368,3956418831072052,#FF0000
6.548512481865,3.5418492033752,451735769884453,#FF0000
6.5483557360217,3.5419028760144,469593157447469,#FF0000
6.5398428646218,3.5496942419283,292324475695125,#FF0000
6.5398862604124,3.5496120631856,504182377611166,#FF0000
6.5480987834813,3.5419769054662,570827120551191,#FF0000
6.5435834182407,3.5453391477388,2534397726868944,#FF0000
6.5416716829219,3.547274131072,309300477307501,#FF0000
6.5484139888274,3.5418407134569,758504721477572,#FF0000
6.5415463593758,3.5473653156418,299769628368720,#FF0000
6.548184586584,3.5419737111293,820391298874381,#FF0000
6.5482922866507,3.5419499951601,832424427629797,#FF0000
6.5401486058869,3.5492866645094,2965864133632305,#FF0000
6.548347711806,3.5418673774189,906116066902082,#FF0000
6.5410865910157,3.5479388327322,378128083518270,#FF0000
6.5480463933718,3.5420489109817,930143637779709,#FF0000
6.540790187496,3.5485367484925,106759991500312,#FF0000
6.5450933263042,3.5439327260651,193125669298910,#FF0000
6.5397599933562,3.5498375159374,483734349637039,#FF0000
6.5451397284448,3.5437966101695,293269749137186,#FF0000
6.5450681474085,3.5439074655006,310417980524809,#FF0000
6.5449654035139,3.5439142497464,3739833539473001,#FF0000
6.5492445334082,3.5414503386875,293217535687400,#FF0000
6.5495303109485,3.5412882028076,1131669343983044,#FF0000
6.5492545366077,3.5414541272235,493147801905223,#FF0000
6.5448770681924,3.5439782847486,138618398252721,#FF0000
6.5422114278068,3.5465745363949,182036623777898,#FF0000
6.5450073310301,3.5439946661559,311630960328963,#FF0000
6.5447904239355,3.5440454905247,142238331159846,#FF0000
6.5446434530049,3.5442838688199,489865872251255,#FF0000
6.5447017405154,3.544109566471,158546579548555,#FF0000
6.5493465817937,3.5414081268292,219739223289790,#FF0000
6.5440262718413,3.5448556376574,487520108968532,#FF0000
6.5448934634884,3.5440340384527,254673043072297,#FF0000
6.5447249724972,3.5442185259246,305009031080031,#FF0000
6.5449807552509,3.5439692859806,312208213761069,#FF0000
6.5410238126276,3.5480492077717,502596297593092,#FF0000
6.5446189146299,3.544175002334,961291984410852,#FF0000
6.544584503801,3.544307111357,369089361194932,#FF0000
6.5446657063511,3.5442467549012,375306450482315,#FF0000
6.5443097359736,3.5445237198984,305518664355414,#FF0000
6.5450688759967,3.5439596687249,461244194938026,#FF0000
6.5423832401336,3.5464135056615,136347001868592,#FF0000
6.544806283165,3.5441012016323,482765049660617,#FF0000
6.544567157519,3.5443447768514,867367963862769,#FF0000
6.5449815582299,3.5440226171966,898476367665779,#FF0000
6.5439561739059,3.5449361391421,953940512083864,#FF0000
6.5417840235134,3.5471338773157,1277612119306700,#FF0000
6.5448953542755,3.5440893936111,942782669856602,#FF0000
6.5433251933252,3.5455595446676,805615163408494,#FF0000
6.549537037037,3.5413073024813,1112333789192795,#FF0000
6.5434767314034,3.545417467179,375880920431070,#FF0000
6.5397077659054,3.5499061182301,946804879400335,#FF0000
6.5496571628376,3.5412769461903,1125017461336575,#FF0000
6.5436555905941,3.5452566459726,2863486217200682,#FF0000
6.4557196319458,3.2532235973625,147138637318984,#FF0000
6.4601724454151,3.2934947742368,243155167549330,#FF0000
6.4601601678698,3.2971324784919,300808248258188,#FF0000
6.4556258603662,3.2523838782748,151334946957310,#FF0000
6.4558434674454,3.2540911968518,176766337634504,#FF0000
6.4601670793083,3.2932889891656,281011387006498,#FF0000
6.4565670230577,3.2604154423279,830041381051493,#FF0000
6.4601539006006,3.2930734563655,502006294543675,#FF0000
6.456891901325,3.2629632976095,5408751495863939,#FF0000
6.4576490659319,3.2692458128868,855217155407603,#FF0000
6.4601749187029,3.2941399577371,1387507018277778,#FF0000
6.4601659317531,3.2887975717709,2879927488934216,#FF0000
6.460174631919,3.2939287177976,313368940189298,#FF0000
6.4601742695809,3.2957312990167,399842808077577,#FF0000
6.4599784536666,3.2868759801574,473385280384329,#FF0000
6.4563226056673,3.2579713127311,940631063366246,#FF0000
6.4601701036459,3.2937114155911,807410876537956,#FF0000
6.4567611111111,3.2553333333333,862774454319382,#FF0000
6.4601914312167,3.2913075512554,1540232309513423,#FF0000
6.4588318819855,3.277728253658,2803582376569237,#FF0000
6.4601674321453,3.29154513333,215287643343528,#FF0000
6.4632775051536,3.2575196711589,1549337839199995,#FF0000
6.4567977977373,3.2619197011676,146899427321983,#FF0000
6.4569043166765,3.2631292662194,464103774855045,#FF0000
6.4601793217,3.2910833194667,527923298585592,#FF0000
6.4584321141275,3.2744350097566,809660923295660,#FF0000
6.4601787697478,3.2922130478827,239506171285743,#FF0000
6.4601695314751,3.294347631591,1162116764252841,#FF0000
6.4601648944931,3.2919919383307,314060796800184,#FF0000
6.457466992149,3.2676995505644,1197304160724172,#FF0000
6.4576486241609,3.2691447272953,280312450310888,#FF0000
6.4601694514679,3.2917714166548,553705482342082,#FF0000
6.4601821025624,3.2928500661505,281837160314017,#FF0000
6.4601871163212,3.2924265405335,772911250081457,#FF0000
6.4601761096542,3.2949395873002,909908859798528,#FF0000
6.4601731482848,3.2926426030535,868154073740203,#FF0000
6.4601808595281,3.2906327218291,139178744851168,#FF0000
6.4594221222347,3.2822935294927,510020793682626,#FF0000
6.4576573715239,3.2690687026552,905191683668533,#FF0000
6.4563493189339,3.2582982222227,3003524706636043,#FF0000
6.4588041219018,3.2771782450262,349125729876527,#FF0000
6.4601877810851,3.2908609919303,944701812963746,#FF0000
6.4600931978289,3.2876811906939,198831625217406,#FF0000
6.4656493208597,3.2988751716043,364594204967764,#FF0000
6.460065778799,3.2874721926067,805756160353064,#FF0000
6.4601639255392,3.2947451938156,504416600913291,#FF0000
6.4601157713072,3.2878951935717,914207126079901,#FF0000
6.4642771645657,3.299738953425,315432823281869,#FF0000
6.4597122902422,3.2848052227729,965267070968771,#FF0000
6.4601481119489,3.2883467648921,1908856119270690,#FF0000
6.4601391255417,3.28812294032,201324378494267,#FF0000
6.4601612539353,3.2885749874367,468407727774420,#FF0000
6.4591782832139,3.2803243143161,218887936240046,#FF0000
6.4601780657586,3.2890181570252,911267202982279,#FF0000
6.4576570401097,3.2708095345282,220605942808579,#FF0000
6.4601724021124,3.2901742524517,328704531930719,#FF0000
6.4601948718944,3.2899230772841,499082881283872,#FF0000
6.4567611111111,3.2553333333333,1141728669643120,#FF0000
6.4601705203994,3.2904034003866,759786754900539,#FF0000
6.4601734954017,3.2945475931435,530686351628264,#FF0000
6.4563058252114,3.2577491753907,834772894082440,#FF0000
6.4562192937644,3.2568608849457,3272004479693207,#FF0000
6.4597415035417,3.284956253808,3935099879906327,#FF0000
6.4660344996943,3.2986275619086,798810934100476,#FF0000
6.4597644086881,3.2851241653964,846130612921341,#FF0000
6.4600165412521,3.2870702575336,220517492739755,#FF0000
6.458228695387,3.2721667385966,308758827577454,#FF0000
6.4600391066346,3.287268209175,752793502087009,#FF0000
6.459953574861,3.2866914449793,931580117619094,#FF0000
6.4575870112196,3.2683401799509,215823076718999,#FF0000
6.4601920516629,3.2894538519622,371636720810133,#FF0000
6.4684071532024,3.2971665058093,1776157315884726,#FF0000
6.4601796253087,3.2892331346748,511936816474300,#FF0000
6.4601883290071,3.289691244431,770905623796487,#FF0000
6.4569249801732,3.2632874277083,168174231859617,#FF0000
6.4601831442108,3.2951394932683,297798725231833,#FF0000
6.4556979938774,3.2530364853617,464898828130321,#FF0000
6.4595047789758,3.2831288439646,1101975883631109,#FF0000
6.4554474700788,3.2502395202592,1419972025003825,#FF0000
6.4601834804189,3.2953426322233,608196106803959,#FF0000
6.456955153146,3.263637862877,184672770169128,#FF0000
6.4574199265186,3.267429816475,291224745922596,#FF0000
6.4595897520221,3.2838163533795,1013838259148904,#FF0000
6.4672503316585,3.2978780375039,1076785259481370,#FF0000
6.4595737247056,3.2836769310695,1565011110370906,#FF0000
6.4601643475347,3.2964590145561,1107629356400107,#FF0000
6.4596183647457,3.2840894797289,2868746480108877,#FF0000
6.4595984057142,3.2839539521202,571620353785242,#FF0000
6.456988993101,3.2640799557621,499299041419069,#FF0000
6.4595510685643,3.2835376787488,572826510786988,#FF0000
6.4596868251078,3.2844972763125,285669216372013,#FF0000
6.4597011318421,3.2846494201391,2979608858950954,#FF0000
6.4582517356081,3.2728478680164,279237123929072,#FF0000
6.4590888846853,3.279458682983,295108718886579,#FF0000
6.4596678810632,3.2842224034449,808412150054064,#FF0000
6.4596679354671,3.2843545072282,995531881247351,#FF0000
6.4598353505785,3.2856274726046,118872806884462,#FF0000
6.4667620405796,3.2981941166468,134544345371808,#FF0000
6.4598121605008,3.2854597447483,145156254235265,#FF0000
6.455748026894,3.2534154036135,189820039650386,#FF0000
6.4680188974133,3.2974136904859,316123766732512,#FF0000
6.468260273507,3.2972807802782,364604814962240,#FF0000
6.458336229767,3.2737345811023,462596698299884,#FF0000
6.459858958772,3.2857921729114,1852232661607836,#FF0000
6.4561833333333,3.2560277777778,204317568056304,#FF0000
6.459886412073,3.2859653070898,299938145170412,#FF0000
6.4598964075925,3.2861415316602,139296564872677,#FF0000
6.4573337530384,3.2666219619803,137579601691392,#FF0000
6.459942817352,3.2864993252358,251045006709017,#FF0000
6.457306610012,3.2663497948282,480672416691107,#FF0000
6.4599210123107,3.286321614029,322672589288688,#FF0000
6.4597849688948,3.2852917079802,224735626087491,#FF0000
6.4593055384775,3.2812739305887,194501932505226,#FF0000
6.4680391328062,3.2998975724021,1060520127848731,#FF0000
6.4601673679352,3.2959165529642,1132293057255604,#FF0000
6.4673976857895,3.2979756927637,1408396409523766,#FF0000
6.4576140543948,3.2705411443769,2532841090356620,#FF0000
6.4571416666667,3.2552916666667,134709982054277,#FF0000
6.4601707959409,3.2955383661493,295041718752935,#FF0000
6.460168221538,3.296092145889,484637729469346,#FF0000
6.4601678846045,3.2962793792883,3856278481087489,#FF0000
6.4582155040252,3.2725257556294,305774517595156,#FF0000
6.4676572476426,3.2993358744055,457652198631053,#FF0000
6.460158442567,3.2966346959597,532423594415746,#FF0000
6.4601778163307,3.2992071164523,108713814604941,#FF0000
6.4563573592084,3.2584048926292,173892714599717,#FF0000
6.4595276738141,3.2832607906757,2869143409967287,#FF0000
6.4594925419927,3.2829909726095,292061789210457,#FF0000
6.4595347775676,3.2833984573481,468307367557708,#FF0000
6.4601601014263,3.2967949624935,138205301617405,#FF0000
6.4639884481834,3.2999572361366,283784993228601,#FF0000
6.460152778714,3.2973037942952,456680862099679,#FF0000
6.4661902849275,3.2985529598416,564557407867190,#FF0000
6.4561722222222,3.2559361111111,987397778687482,#FF0000
6.4601619605637,3.2969673032733,3885344854893952,#FF0000
6.466113053615,3.2986009865987,172862997945182,#FF0000
6.4567823217716,3.261756270824,200946494988908,#FF0000
6.4563770333936,3.2587107943709,273521757804881,#FF0000
6.4662709462239,3.2985228817495,392782829071606,#FF0000
6.467782684234,3.2977127590706,188373929786705,#FF0000
6.4663299393388,3.298482502393,400835734240189,#FF0000
6.4571036167488,3.2646674143832,156795036288333,#FF0000
6.4591307898828,3.2798203582156,212562500417086,#FF0000
6.4568642425413,3.2624828285997,1626706060847549,#FF0000
6.4591424446332,3.2799866139724,516830092679356,#FF0000
6.4594427124882,3.2825713746017,309563930679168,#FF0000
6.456296473807,3.2575117465724,1904132703101108,#FF0000
6.4594805236777,3.2828514796955,473228877318908,#FF0000
6.457745893866,3.2701263026017,5384653164941430,#FF0000
6.4594645513068,3.282716488991,478985386775203,#FF0000
6.4555305381724,3.2515862531744,316060256598492,#FF0000
6.4594302810215,3.2824298350693,915064372398241,#FF0000
6.4554972016498,3.251349503832,486213876044073,#FF0000
6.4601518107694,3.2976300019357,1470031363339481,#FF0000
6.4569563742398,3.2635610715149,4275100109208745,#FF0000
6.4601538103401,3.2979372331679,160825829292012,#FF0000
6.4557081780034,3.2531306228401,464013648043727,#FF0000
6.4567034418245,3.2612669436719,1506948639491384,#FF0000
6.455923089244,3.254895900257,174920754501279,#FF0000
6.4601537680277,3.2977848651103,453095502423968,#FF0000
6.4601500943321,3.2974718324366,851168475469447,#FF0000
6.4669109731848,3.298087491699,1003703160369921,#FF0000
6.4569944444444,3.2553027777778,139721828114392,#FF0000
6.4576220473374,3.2702939404169,275711094190964,#FF0000
6.4593832106831,3.2820145731863,606101017455635,#FF0000
6.4664417903521,3.2983960080064,1178054605986437,#FF0000
6.4664937926495,3.2983621209225,301611344820096,#FF0000
6.4562138888889,3.2562666666667,1852520738250141,#FF0000
6.4666162810069,3.2982742099197,301900448246384,#FF0000
6.458855769079,3.27791506721,484902702827490,#FF0000
6.4577483373832,3.2701622905429,1601621543361428,#FF0000
6.4668219210817,3.2981253612277,309561037275431,#FF0000
6.4593753336179,3.2818629616318,324079242471777,#FF0000
6.4570909712221,3.2645859587028,544870146507851,#FF0000
6.4590496298324,3.2790897767396,822299001718796,#FF0000
6.4568719067415,3.2625564921109,152892953504886,#FF0000
6.4669987919315,3.2980402205153,882995229210151,#FF0000
6.4569027777778,3.2553138888889,254020099845723,#FF0000
6.4666903786577,3.2982426692856,910562573074969,#FF0000
6.4577305254871,3.2711663630381,144012931064151,#FF0000
6.4687827133956,3.2970905622486,241882924372484,#FF0000
6.4658918669979,3.2987353512543,1657659917755437,#FF0000
6.4659710920965,3.2986849248376,300194024929072,#FF0000
6.4657331992845,3.2988308817386,895780204536863,#FF0000
6.4556005158471,3.2521237648914,908999769895573,#FF0000
6.4567138888889,3.2553416666667,1164573694006678,#FF0000
6.4658177902156,3.2987879423749,921310822042680,#FF0000
6.4591610292595,3.2801567777382,1030641414007466,#FF0000
6.4592443537279,3.280809511148,1185719991881442,#FF0000
6.4592168860397,3.2806516041048,239125784627255,#FF0000
6.45544510306,3.250464724659,800943234177171,#FF0000
6.4591881427493,3.2804882353176,443596800077688,#FF0000
6.4554477124067,3.2503791940655,137912068254550,#FF0000
6.4592619171272,3.2809713429922,472386094085644,#FF0000
6.455453428704,3.2508390588666,321119969386266,#FF0000
6.4592734935169,3.2811247907181,477096906837904,#FF0000
6.4586810132702,3.2764448472745,302994831359225,#FF0000
6.4562811849498,3.2573894049318,467994630980910,#FF0000
6.4593385207536,3.2815733206081,496960838162289,#FF0000
6.4577732612811,3.2697554733253,158786392841107,#FF0000
6.4593285435644,3.2814220886585,893824297859809,#FF0000
6.4594084655955,3.2821562053364,510906176597609,#FF0000
6.4593483454007,3.2817225214856,512532130127606,#FF0000
6.4601570149282,3.2983770480014,211883110723384,#FF0000
6.4554748693016,3.2511362269992,146411087437129,#FF0000
6.4577104143542,3.2694124526399,298625148428888,#FF0000
6.4601606858001,3.2985199219735,465662771374624,#FF0000
6.4555132448901,3.2514642736685,476136350160766,#FF0000
6.4601540373503,3.298086810799,543119563725793,#FF0000
6.4648617475715,3.2993697967274,2964633573796305,#FF0000
6.4601550275413,3.2982333103378,6120210528019078,#FF0000
6.4641838736001,3.2998169508967,524231288577986,#FF0000
6.4566480844152,3.2609184002721,1407721176231155,#FF0000
6.456159083676,3.2564042710615,461310105098162,#FF0000
6.4643814234428,3.299675799528,1329048354156495,#FF0000
6.4644758245562,3.2996199087336,135214945252847,#FF0000
6.4678543311588,3.2976644199911,1319523491763647,#FF0000
6.4645661992718,3.2995567339379,1708978179282080,#FF0000
6.4573811697555,3.2671829145178,2183454065125320,#FF0000
6.4646609782255,3.299507041863,206396387700930,#FF0000
6.464975829533,3.2993041197807,506520720364187,#FF0000
6.4560353665611,3.255601757579,170264958335646,#FF0000
6.4647598231139,3.2994408216887,805196633537472,#FF0000
6.4601655176353,3.2986607502578,1169529233459759,#FF0000
6.4601661989201,3.2987986614057,130104045803167,#FF0000
6.4573744126949,3.2670912048939,840589866811911,#FF0000
6.4561888888889,3.2560805555556,179986114013845,#FF0000
6.4576706835001,3.2690237249694,785849215241362,#FF0000
6.4601738993808,3.2990715735555,2871325169809079,#FF0000
6.467508663457,3.2977245141348,764570557756568,#FF0000
6.4601698108986,3.2989359135929,961187891319666,#FF0000
6.4564063468395,3.2589090767304,1844665115711268,#FF0000
6.456527468036,3.259842716986,396118724741612,#FF0000
6.4640872227201,3.2998938815603,1828303557332281,#FF0000
6.4562194444444,3.2563138888889,516911826388053,#FF0000
6.4584109971634,3.2742489419244,580294116198490,#FF0000
6.4558731513844,3.2544080389339,234447121767717,#FF0000
6.4650701036521,3.2992601245277,1250070432114209,#FF0000
6.4565928524694,3.2606111853448,2523077291331177,#FF0000
6.4591094079875,3.2796432707845,1379124192473569,#FF0000
6.4590686944989,3.279273081945,235831328331651,#FF0000
6.4558640476477,3.2543059390327,368595761242873,#FF0000
6.4571321455636,3.26501239762,508259773679637,#FF0000
6.4576464250838,3.2707438742947,571510150498173,#FF0000
6.4589594348868,3.2784978641112,1194362117680970,#FF0000
6.4590224634944,3.278901344949,220463039516776,#FF0000
6.4577313937764,3.2712782946364,508897460489831,#FF0000
6.4589929372289,3.2787052747649,2862141277362102,#FF0000
6.458921383763,3.2783050256432,255366532937741,#FF0000
6.4577665399576,3.2714329433577,507740247266367,#FF0000
6.4588804322266,3.2781060082995,572655697005632,#FF0000
6.4687696681069,3.2971077468766,790954704959229,#FF0000
6.4560266291849,3.255533432784,287086886413564,#FF0000
6.4601884755323,3.2994750336219,2268848113251588,#FF0000
6.4576079929086,3.2703875688101,223554795808927,#FF0000
6.4602009753719,3.2997423459999,291291375891935,#FF0000
6.4561972222222,3.2561277777778,530752164768687,#FF0000
6.460183391429,3.2993413076849,320259262782892,#FF0000
6.4601957014362,3.2996087341593,906257983276764,#FF0000
6.4557956915354,3.2537513989915,740605336603734,#FF0000
6.4564950052937,3.2595893776902,465582051190189,#FF0000
6.4574874635748,3.2677785211365,1229418877475332,#FF0000
6.4578001631159,3.2699715644808,1336053340115218,#FF0000
6.4651501169403,3.2992052126193,300364191597809,#FF0000
6.4653128458724,3.2991014748484,557192475685369,#FF0000
6.4653924926715,3.2990341058972,739686370036046,#FF0000
6.4655665532026,3.298931437894,787423075247300,#FF0000
6.4652351031333,3.2991628448564,905039936736975,#FF0000
6.4570491651354,3.2643079433734,364149651679133,#FF0000
6.4654794108806,3.2989748726437,928040337986392,#FF0000
6.4554655951827,3.2510352935421,804709203791249,#FF0000
6.4564822837529,3.259465763379,466521764404060,#FF0000
6.4602090956179,3.2998744777765,498489714838098,#FF0000
6.4575686186822,3.2681261663158,794372021202446,#FF0000
6.468187507299,3.2973194599865,2922299137988713,#FF0000
6.4683083808409,3.2972434381568,911846656047434,#FF0000
6.4670652621316,3.2982323540563,463455108260051,#FF0000
6.4687296023665,3.2971630708805,1126275131222542,#FF0000
6.4684679993228,3.2972720862447,156554922981628,#FF0000
6.4562077904979,3.2567764744128,317217509830701,#FF0000
6.4575304622223,3.2679473216813,2542877202675876,#FF0000
6.4685391302665,3.29723619889,202811328322099,#FF0000
6.4579862721404,3.2716224550602,729112127756847,#FF0000
6.4687572268492,3.2970556416576,215752413287509,#FF0000
6.4687179703117,3.2970439545691,276273077483402,#FF0000
6.4683994864557,3.2973170184071,286926696320721,#FF0000
6.4566858658301,3.2611700406906,307780097532214,#FF0000
6.468623729933,3.2970500126929,294232798916063,#FF0000
6.4686177255371,3.2972303553669,321991179277493,#FF0000
6.4582817161581,3.2726809827963,314770423547354,#FF0000
6.4687827133956,3.2970905622486,371641950829034,#FF0000
6.4670844989816,3.297997061077,500835277759700,#FF0000
6.4687572268492,3.2970556416576,485315256239608,#FF0000
6.4685292794189,3.2971149035156,569122084492117,#FF0000
6.4566238568849,3.2608237686566,462913828308548,#FF0000
6.4686651944213,3.2970329623462,776085766397851,#FF0000
6.4687696681069,3.2971077468766,918351732069355,#FF0000
6.4586110027419,3.275885838096,283761216791689,#FF0000
6.4585510724086,3.2755120587318,731524637519785,#FF0000
6.456141256967,3.2561493787226,1333274880391588,#FF0000
6.4585764468486,3.2757002871928,991995851603018,#FF0000
6.4676248356479,3.2978359559112,2801678573429561,#FF0000
6.4585217704534,3.2753322000043,1264632097306890,#FF0000
6.4569385149599,3.2634873059651,2810444005861017,#FF0000
6.4588251750155,3.2773575940635,3800809763301266,#FF0000
6.4588399816021,3.2775331178492,515242929501014,#FF0000
6.4587669754846,3.2769965717933,137635354950366,#FF0000
6.4562304098964,3.2569527624069,305663507691549,#FF0000
6.4571097435278,3.2648292721934,525374488481782,#FF0000
6.4587333299666,3.2768195617314,365551731518742,#FF0000
6.4587118249814,3.2766339526755,527971501705763,#FF0000
6.4575070249034,3.2678543167065,483834736392258,#FF0000
6.4683226621844,3.2973707057904,1068542183668674,#FF0000
6.4679322175868,3.2974637749508,1196374534131843,#FF0000
6.4681063769614,3.2973733858963,1300847143643664,#FF0000
6.4559303898812,3.2549854693744,3882935895160263,#FF0000
6.4678390472628,3.2975109162569,179100224070115,#FF0000
6.4566094598688,3.26072283701,190396819589353,#FF0000
6.4679983313441,3.2975624510831,305250537639480,#FF0000
6.4679146278678,3.2976007639256,311083607123237,#FF0000
6.4681413495621,3.2974377542499,517175136120637,#FF0000
6.4560955820986,3.2559384280044,735636327109349,#FF0000
6.4568083333333,3.255325,2462541637223134,#FF0000
6.4563416680423,3.2581903890159,303124671414237,#FF0000
6.4568083333333,3.255325,785711685666364,#FF0000
6.4680709144682,3.2974885837571,795500384702994,#FF0000
6.4677045244225,3.2977761166115,818692675670024,#FF0000
6.4682161719027,3.2973957608907,909453663168247,#FF0000
6.4677552856153,3.2975652662674,963507477754131,#FF0000
6.4584877325084,3.2749584503758,319612322867844,#FF0000
6.4584867080265,3.274787506289,468501877702589,#FF0000
6.4585093547803,3.2751463376363,501710101021735,#FF0000
6.4568108114893,3.2619958661084,900557740767967,#FF0000
6.4584612717473,3.2746133024532,141494031290759,#FF0000
6.4586543278955,3.2762592856252,179315950711978,#FF0000
6.4554848018474,3.2512407053714,537411604313909,#FF0000
6.4586318572036,3.2760717106203,232222202029718,#FF0000
6.4674232129207,3.2977794552381,303750211119583,#FF0000
6.4676745228472,3.2976117405518,148683363799404,#FF0000
6.4582333789524,3.2731047396833,907072153477184,#FF0000
6.4578881591727,3.2715815450266,2893117241014822,#FF0000
6.4675838988984,3.2976657061024,282471210192745,#FF0000
6.4582058214528,3.2726273234227,941225106691682,#FF0000
6.4563705417241,3.2586106179476,948025205738172,#FF0000
6.4674764109494,3.297923375486,3907360979313118,#FF0000
6.4675391175986,3.2978654881031,494141401734180,#FF0000
6.4671666764098,3.297937317838,841666843094900,#FF0000
6.4673468807902,3.297820151837,965505434195176,#FF0000
6.4583857168778,3.2740619498715,1153217628533185,#FF0000
6.4583159308205,3.2734747644943,1371733093202278,#FF0000
6.4583536306265,3.2738906476924,1404573476568670,#FF0000
6.4560615847548,3.2558532485373,1445843869097297,#FF0000
6.4583262537438,3.273598680726,1651684198555166,#FF0000
6.4673128377892,3.2980249336024,1079883959167966,#FF0000
6.4566760523238,3.2610956962072,1152543875217307,#FF0000
6.4671143912179,3.2981341228317,2204518726345243,#FF0000
6.4572640180799,3.2660209949084,200832018324677,#FF0000
6.4559689688123,3.2552229100703,2687495321542155,#FF0000
6.4670990166748,3.2983450923756,2865095487151470,#FF0000
6.4671496828273,3.298420820661,291692119297530,#FF0000
6.4632554469238,3.257530009471,345409421554966,#FF0000
6.4671545359042,3.2985203619172,316375413334161,#FF0000
6.4577567059955,3.2696366262318,499509081233459,#FF0000
6.467251946955,3.2980722864569,323604875858144,#FF0000
6.4671776832727,3.2980985739805,462940618255364,#FF0000
6.4670652621316,3.2982323540563,564198661228306,#FF0000
6.4573730044179,3.2670075214032,2798090630441920,#FF0000
6.455441046448,3.2500325284689,499161514742720,#FF0000
6.45695,3.2553083333333,587260842237453,#FF0000
6.4582508066467,3.2729556703404,1114745565713142,#FF0000
6.4582692304506,3.2732355302331,638046857590320,#FF0000
6.4569944444444,3.2553027777778,187723723095888,#FF0000
6.4583099921595,3.2733744196548,968662113708541,#FF0000
6.4565714014152,3.2601969814637,488585275625973,#FF0000
6.4580975703428,3.2716849731166,821783011771696,#FF0000
6.4582810918064,3.2727690925393,1085368575289637,#FF0000
6.4582265569573,3.2724306099396,1109880922846447,#FF0000
6.4582186496908,3.2720737558946,190610806113662,#FF0000
6.4582550739302,3.2722662066574,292655172525391,#FF0000
6.4562027777778,3.2561722222222,525683878432018,#FF0000
6.4569558831627,3.2637179430842,470893963979298,#FF0000
6.4577386659854,3.2695101736188,785161015471423,#FF0000
6.4582411893179,3.2723569289552,956711241820732,#FF0000
6.4677307615978,3.2994448814665,150228847050288,#FF0000
6.4679585648696,3.2997749205615,1698393970357500,#FF0000
6.4678038168786,3.2995522336745,170617298278099,#FF0000
6.4678782783796,3.2996658766962,262492495660239,#FF0000
6.4564521380605,3.2592243610288,300996838199971,#FF0000
6.4559497782095,3.2551498130745,789449868674163,#FF0000
6.4567977252175,3.2618265069871,1212957475824398,#FF0000
6.4581215097146,3.2717272680521,135786971897721,#FF0000
6.4580517377901,3.2716480903225,145343390907853,#FF0000
6.4581255870101,3.2717632318763,167593271927039,#FF0000
6.4566587862987,3.2610104625176,201418001603899,#FF0000
6.4581515838309,3.271934016788,177078390952272,#FF0000
6.4581822707013,3.2719863881805,290590042537527,#FF0000
6.4581492710761,3.2718398319751,513514869657994,#FF0000
6.4570968372798,3.2647477594568,1373800659686573,#FF0000
6.4570444444444,3.2553,1617044728486997,#FF0000
6.4578511584141,3.2715683099267,287680922909209,#FF0000
6.4578194493535,3.2715497839381,178799850776288,#FF0000
6.4563906480027,3.2588090619931,481689176475519,#FF0000
6.4577068813768,3.2709741373399,297120098629114,#FF0000
6.4577287937359,3.2710740365442,312005477107753,#FF0000
6.4577250587693,3.2713554911654,464953778075863,#FF0000
6.4562083333333,3.2562194444444,324465649213666,#FF0000
6.4577843951913,3.2714620830213,521305552223007,#FF0000
6.456420771326,3.2590113237837,518911382473319,#FF0000
6.4562562008718,3.2571576504566,877856412943479,#FF0000
6.4673944898249,3.2989220984889,2664671010491168,#FF0000
6.4672636360888,3.2987197182563,298717521822969,#FF0000
6.4555867680535,3.2519874770246,751928969020153,#FF0000
6.4674687709696,3.2990219173055,465857791310175,#FF0000
6.455548999707,3.2517159211452,175729307780175,#FF0000
6.456560097997,3.2600919723583,305958331135438,#FF0000
6.467331322573,3.2988223115741,516240312708071,#FF0000
6.4675937814271,3.2992301444999,545259319812559,#FF0000
6.4675302873586,3.2991334034729,773039743343544,#FF0000
6.4561833333333,3.2560277777778,867779220783762,#FF0000
6.4576297228182,3.2706323567837,205932917758919,#FF0000
6.4672032850044,3.2986109794787,885657295348641,#FF0000
6.4556126552984,3.2522564049839,2822511978001320,#FF0000
6.4575999287332,3.2704941951861,153653183378096,#FF0000
6.4569741959418,3.2640050875411,919845665253340,#FF0000
6.4576930393093,3.2708806095322,208527907746879,#FF0000
6.4572956310527,3.2662348746101,1197291790723314,#FF0000
6.4576357641828,3.2702650254305,1023648048166644,#FF0000
6.4577912310688,3.2698631073655,130418295741670,#FF0000
6.457635887385,3.268888084062,301844054806341,#FF0000
6.4576842535488,3.2701958308143,1340232773043792,#FF0000
6.4577483373832,3.2701622905429,313701880117656,#FF0000
6.4570149825713,3.2642296816392,595175715217897,#FF0000
6.4567441706128,3.2614285565253,2257165411080244,#FF0000
6.4576357641828,3.2702650254305,3817576011689335,#FF0000
6.4558280000506,3.2539801390297,454106455680445,#FF0000
6.4577869971437,3.2700425333657,4223473177673235,#FF0000
6.4576728740298,3.2693267954296,167388825183457,#FF0000
6.4561722222222,3.2559361111111,4066894776740156,#FF0000
6.4570692788718,3.2643918315509,157908406259317,#FF0000
6.457643728916,3.2686230337306,178772077354283,#FF0000
6.4568294299004,3.2620888223983,922773301906653,#FF0000
6.4576460319515,3.2687040660251,286552509785126,#FF0000
6.4576409137819,3.268948836444,293254092266407,#FF0000
6.4576478574077,3.2685197148834,491278212057106,#FF0000
6.4571433200049,3.2652608178256,521002085578885,#FF0000
6.4573188044336,3.2664905000283,230516818874757,#FF0000
6.457636244396,3.2688116501045,889864508535648,#FF0000
6.4575710958718,3.2682722491395,275052294291819,#FF0000
6.4575570716715,3.2680486025279,483525716426905,#FF0000
6.4567769381801,3.2615890944801,489727335511743,#FF0000
6.4576369258108,3.2684085890909,483854402865975,#FF0000
6.4554586748941,3.2509364382166,476406423617199,#FF0000
6.4575695401458,3.2682074599931,505011787522829,#FF0000
6.4570785003089,3.2644774835574,804307320504106,#FF0000
6.4574481906824,3.2676137755931,1359032187809762,#FF0000
6.4574066191127,3.267345782761,211438020454801,#FF0000
6.4561833333333,3.2560277777778,884262722132824,#FF0000
6.4562138888889,3.2562666666667,474686127139168,#FF0000
6.4573914442748,3.2672596885996,799854807557630,#FF0000
6.457436582707,3.2675228155263,847855642468437,#FF0000
6.4561888888889,3.2560805555556,268494085057441,#FF0000
6.4567138888889,3.2553416666667,824970601467117,#FF0000
6.4573589318514,3.2669030536961,1876514229171577,#FF0000
6.4573393462671,3.2667300648578,220395612750398,#FF0000
6.4573545297259,3.2667978747209,3173836316169694,#FF0000
6.457248317635,3.2659267277443,211402353806497,#FF0000
6.4572900867792,3.2661288009083,467220831268411,#FF0000
6.4572054160162,3.2654153382889,162670495671436,#FF0000
6.4564676196183,3.2593414190849,2337676629710634,#FF0000
6.4572276395686,3.2655789030955,291475595839962,#FF0000
6.4572340534708,3.2657089003058,741284223143510,#FF0000
6.4572178115081,3.2655054118255,748425389152584,#FF0000
6.4554493940249,3.2507436307544,809463113300811,#FF0000
6.457181006372,3.2653470192704,804010283856300,#FF0000
6.4572517816351,3.265809320962,2892102827694623,#FF0000
6.4571095858415,3.2649102606562,1387317958307153,#FF0000
6.4571430269909,3.2651647615946,1659579084227589,#FF0000
6.4564364920205,3.2591151764642,2831705790479240,#FF0000
6.4571516685682,3.2650840381708,475588293715148,#FF0000
6.4568638541499,3.2626433087867,377719326867403,#FF0000
6.4570001064842,3.2641645854337,1428326890850636,#FF0000
6.537036137534,3.5531143647618,833299577265368,#FF0000
6.5378826587915,3.5522148910261,485338442555386,#FF0000
6.5389109588438,3.5509334145351,1371085356584019,#FF0000
6.5384342102927,3.5515149883998,391594318628070,#FF0000
6.5394953632844,3.5501014085495,1098869693940192,#FF0000
6.5393028733098,3.550482221928,1143656706136657,#FF0000
6.5393688434341,3.5503455341066,165819468809932,#FF0000
6.538085698579,3.5519297182561,273368857835492,#FF0000
6.5392089785725,3.5505461937624,1998048007002813,#FF0000
6.5392862784795,3.5504536491353,212885487061208,#FF0000
6.5382038491634,3.5517859536576,251814410023482,#FF0000
6.5013121159317,3.5835967635962,2999910586911170,#FF0000
6.5394356463837,3.5503108465608,240239277858029,#FF0000
6.5371072320433,3.5530528052805,485269356237352,#FF0000
6.5379070743277,3.5521104614905,793997438202374,#FF0000
6.5393654516905,3.5503102961095,2979298295685054,#FF0000
6.5024065197331,3.5830129546554,147969847299736,#FF0000
6.5375482595163,3.5519399131681,177465550829332,#FF0000
6.5393273236444,3.55040075328,382317553462463,#FF0000
6.5393464052288,3.5504268763603,488692642561696,#FF0000
6.5392801072379,3.5503732872614,497213284659108,#FF0000
6.5385364173942,3.5513830887378,920211402099292,#FF0000
6.5384071372832,3.5515515598871,1599455010248591,#FF0000
6.5393910609295,3.5503692539197,504348037407728,#FF0000
6.5391932225076,3.5506139695673,516895936006894,#FF0000
6.5372507863688,3.5528954670883,135530291947588,#FF0000
6.5020264202187,3.5832083762422,176333447701772,#FF0000
6.5394110906042,3.550287681075,517101785961268,#FF0000
6.50006201244,3.5842536734318,961638441354098,#FF0000
6.537741315375,3.5523402071872,1152969568553150,#FF0000
6.5001463354897,3.58421164003,284387540062667,#FF0000
6.5392302236545,3.5504907123128,519365172772068,#FF0000
6.539317476142,3.5503746353302,535052780827110,#FF0000
6.5377450875313,3.5521363132034,1334484873599726,#FF0000
6.5392456876077,3.5505031477087,544438913381797,#FF0000
6.5395297111565,3.5501046596201,1844384029058939,#FF0000
6.5377057171296,3.5521457316905,2910256212582210,#FF0000
6.5392248948235,3.550577376584,777502986238318,#FF0000
6.5392713562527,3.5504356177867,813516639581900,#FF0000
6.539189360321,3.5504846427726,826000154686071,#FF0000
6.5393303822997,3.5503113501464,835193127119250,#FF0000
6.5392618983957,3.550533035374,905183550047598,#FF0000
6.5391954471376,3.5505371841155,955644018598133,#FF0000
6.5392320504478,3.5504320987654,974350220004798,#FF0000
6.539627760331,3.5500574747111,1089861598507483,#FF0000
6.5371509019048,3.553073147242,135884235244764,#FF0000
6.5384324144802,3.5515043919058,481403596484991,#FF0000
6.5394804319042,3.5502512351809,1229653700784973,#FF0000
6.5395897061915,3.5500280083246,149479513812077,#FF0000
6.53875,3.5510470784489,517925609227797,#FF0000
6.5376857181572,3.5520787927581,2940035346257299,#FF0000
6.5372532460622,3.5529637434737,504136074118140,#FF0000
6.5395504331937,3.5501060089818,199254585349787,#FF0000
6.5394364657874,3.5501754506046,222250992641961,#FF0000
6.5395570516223,3.55002533162,291961112567752,#FF0000
6.5385901070392,3.5510503891848,2595366280769088,#FF0000
6.5395010780415,3.5501692282867,3022559808065887,#FF0000
6.5372949467196,3.552876984127,4439512766071577,#FF0000
6.5373248863487,3.5527518931779,249045936909714,#FF0000
6.5396019011117,3.5500398090515,303395298157944,#FF0000
6.5395765333333,3.5501249621327,304613837917464,#FF0000
6.5395270927252,3.5501891349726,311082557290241,#FF0000
6.5010680043288,3.5836606078124,906647970178027,#FF0000
6.5371172757638,3.553106286868,144320944342192,#FF0000
6.5394561211057,3.5502296585914,375343653808752,#FF0000
6.539417629594,3.5502446601348,3877515579036064,#FF0000
6.5394729293551,3.5501767027669,453652692398411,#FF0000
6.5393821126059,3.5502462428371,474505837141381,#FF0000
6.5002288857103,3.5841670001578,147563470607293,#FF0000
6.537356928231,3.5528224542888,464094418211195,#FF0000
6.5386279548381,3.5509930748709,921029925360973,#FF0000
6.501856871868,3.5832995615912,282568916893487,#FF0000
6.5390014769466,3.5507095242625,315148839963161,#FF0000
6.5391504150744,3.5505920213113,782832939102413,#FF0000
6.5017397276167,3.5832867323859,834973067115233,#FF0000
6.5375870646766,3.5525674481621,181332317189116,#FF0000
6.53766678051,3.5521148121232,591214905182853,#FF0000
6.5389176610489,3.5508921674095,1001386297283800,#FF0000
6.537800844484,3.5522102671602,470008664233720,#FF0000
6.537859047507,3.5521689705808,472489733855613,#FF0000
6.5376398752882,3.552071288235,478210750051678,#FF0000
6.5375244007282,3.5518133433852,533857404278012,#FF0000
6.5390628815629,3.5507651864229,1009335956538152,#FF0000
6.539111424009,3.5507110647399,134882528632722,#FF0000
6.5374803879362,3.5519230442374,198718038758837,#FF0000
6.5021096599634,3.5831656769782,385561602625312,#FF0000
6.5391440041634,3.5506759019764,1353640335009326,#FF0000
6.5371847426007,3.5529996273306,531987078180797,#FF0000
6.5388923698134,3.5508442603675,1444161839253645,#FF0000
6.5391043509878,3.5506752002962,1614360982102474,#FF0000
6.5389366311871,3.5509176179508,106820774820144,#FF0000
6.5391538186009,3.5505303030303,200135231952864,#FF0000
6.5389660113217,3.5507498373713,930239004405646,#FF0000
6.5371053974706,3.5531464718886,142400204570675,#FF0000
6.5390474688267,3.5507463372139,204952691269259,#FF0000
6.5391273042959,3.5505678694099,212788047076064,#FF0000
6.5389831949099,3.5508614842288,2707239369524236,#FF0000
6.5390303462142,3.5506733325514,299816391786156,#FF0000
6.5391551287308,3.5506108480224,304153321250662,#FF0000
6.539092055013,3.550703852093,311678947002321,#FF0000
6.5376540862789,3.5520374724972,940465846765958,#FF0000
6.5387150065042,3.551095181309,303584001332552,#FF0000
6.5389460678312,3.5508851224105,330430445179574,#FF0000
6.5378053400744,3.5523127661544,320167913048011,#FF0000
6.5390453134806,3.5507540823936,347072373655398,#FF0000
6.539112083501,3.5506104780588,368360887951109,#FF0000
6.5387401818468,3.5510520194505,1153083441835179,#FF0000
6.5383571704806,3.5516418493921,201625471800078,#FF0000
6.537936433819,3.5521348671611,288439309624860,#FF0000
6.5389647263428,3.5508391836055,376262953715328,#FF0000
6.5004772288356,3.5840365662624,136829725100540,#FF0000
6.5391204514497,3.5506599774303,462808114803531,#FF0000
6.5386392023966,3.5510459756293,892371434697028,#FF0000
6.5021910195908,3.5831227178477,927908291339842,#FF0000
6.5390255690405,3.550809006764,514845939655787,#FF0000
6.5387248201788,3.5510282581706,291494149181818,#FF0000
6.5376577686455,3.5524117390117,291823982667668,#FF0000
6.5390142441063,3.5507913503889,524697361871661,#FF0000
6.5387953049409,3.5510797756695,496554408362277,#FF0000
6.5391283768041,3.5506337306813,762862384593310,#FF0000
6.5387260049684,3.5511669177282,4856387901044884,#FF0000
6.5389289711817,3.5507961282653,833764097223613,#FF0000
6.5389804406567,3.5508380059129,886786575211757,#FF0000
6.5381615165577,3.5518347841521,320043286138269,#FF0000
6.5381023288397,3.5519533415375,375297230486874,#FF0000
6.5388559035697,3.5508939732265,901183460728079,#FF0000
6.5390083019847,3.5507921459107,912015306313031,#FF0000
6.5374751380721,3.5518062842486,1340466996340191,#FF0000
6.5390659769081,3.5506212389629,921248651985162,#FF0000
6.5388013394025,3.5510976764597,1096846014146797,#FF0000
6.5376008115788,3.5525599629596,2778295659054149,#FF0000
6.5372975608453,3.5527887135999,494633118353036,#FF0000
6.5387331604198,3.5511420766024,1187310818356759,#FF0000
6.5387938026412,3.5509854554762,5394087763996689,#FF0000
6.5386524068384,3.55127840712,1210198989412267,#FF0000
6.5007405431706,3.583897017053,500918974424591,#FF0000
6.5378773764621,3.5522021673604,506808503841138,#FF0000
6.5388015263102,3.5510928825354,1281124788950835,#FF0000
6.5388735057389,3.5509489360737,134254445359723,#FF0000
6.5387099928958,3.5510931825086,136902825132152,#FF0000
6.5385585691166,3.551017052707,138904648223358,#FF0000
6.537694896109,3.552369180258,889433364967812,#FF0000
6.538876155258,3.5509811514251,176252911072801,#FF0000
6.5384497992699,3.5515674453655,242178647683060,#FF0000
6.5385233725559,3.5513973266595,184353066892538,#FF0000
6.538732123713,3.5510877804386,3950819698358337,#FF0000
6.5385991151801,3.551034417445,186683643305881,#FF0000
6.5377616788599,3.5521794321284,507888837060525,#FF0000
6.5375598750786,3.5519071889436,505333104154657,#FF0000
6.5387526813397,3.5510619967511,2033606110129341,#FF0000
6.5387854464804,3.5510686503497,243928960822496,#FF0000
6.5385569806163,3.5513567155279,259131585896269,#FF0000
6.5385566917677,3.551008267015,270856078062455,#FF0000
6.5386811083733,3.5510066142157,270936741428964,#FF0000
6.5374668192521,3.5526888361163,149781183781818,#FF0000
6.5386868686869,3.5510448587912,281372156982386,#FF0000
6.538844504751,3.5510225221142,293131622519060,#FF0000
6.5386385230326,3.5512545149261,311999960494807,#FF0000
6.5386475393564,3.5510561478131,2970538396537270,#FF0000
6.53889287385,3.550977202857,298397965124778,#FF0000
6.5377394559631,3.5523942507306,732831030744467,#FF0000
6.5388234027461,3.5509424056246,308910267412393,#FF0000
6.5385535361284,3.5514038799223,314996396658870,#FF0000
6.5386457867263,3.5513035870516,324982849252870,#FF0000
6.5387383582413,3.5511292366345,352867873121720,#FF0000
6.5388046679722,3.5511111111111,368929304553078,#FF0000
6.5382921643509,3.5516790944864,925244174996252,#FF0000
6.502508269817,3.5829641357767,579266959703259,#FF0000
6.5386846782977,3.5511424554343,3943386975759557,#FF0000
6.5375573853317,3.5518292311441,287450353037656,#FF0000
6.5387054805338,3.5510537666767,4487391281289521,#FF0000
6.5386799758407,3.5512548294407,466243424668592,#FF0000
6.5017711381626,3.5833482517201,794248238118774,#FF0000
6.5003925537453,3.5840798454761,289092809540364,#FF0000
6.5385427037579,3.5514417921515,469980927592217,#FF0000
6.5022216925147,3.5830288947791,1117477128743757,#FF0000
6.5385766281765,3.5513970705979,474553310462822,#FF0000
6.5386892935368,3.5511912237257,517797299250756,#FF0000
6.5386261868392,3.5512743302727,477709016643465,#FF0000
6.5387566507503,3.5511237509562,492005578901506,#FF0000
6.5388300967873,3.5510087129621,503647744383522,#FF0000
6.5386155886467,3.5509773889082,785549105317883,#FF0000
6.5376221077981,3.5520200904906,377957550188031,#FF0000
6.5386030327164,3.5513415230961,509140210282097,#FF0000
6.5386849195507,3.5510649679255,511969639839495,#FF0000
6.5374671105989,3.5527085424614,519033616025264,#FF0000
6.5387688475791,3.5511312824341,513304096467450,#FF0000
6.5388189604253,3.5510612960637,519457295756229,#FF0000
6.5386438690243,3.5510156876906,580182972907427,#FF0000
6.5387019171017,3.5512158406542,611153480153042,#FF0000
6.5387150940623,3.5512105471663,654607629271959,#FF0000
6.5385759719415,3.5509830013992,787085715516398,#FF0000
6.5378253968254,3.5523145009416,3926895744062697,#FF0000
6.5385695996376,3.5509713331599,796871487884898,#FF0000
6.5386111111111,3.5513511627295,813721456213567,#FF0000
6.5385877584624,3.5513194444444,835641907309575,#FF0000
6.5370749687236,3.5531833098922,907502473379851,#FF0000
6.5380159598258,3.552054247182,1563642470498678,#FF0000
6.5387753491258,3.5510310819316,877129869508348,#FF0000
6.5385911906224,3.5513159307021,910541413121720,#FF0000
6.5387512361739,3.5511557125012,916153039167641,#FF0000
6.5371858231475,3.5529881157891,174421731260006,#FF0000
6.5387714011281,3.5511466536018,961298454638159,#FF0000
6.5370253164557,3.5532042023453,4327950967224874,#FF0000
6.5370209022217,3.5531582309785,916470605588239,#FF0000
6.5388482144757,3.551037149565,974300719982727,#FF0000
6.5373947451395,3.5526838566904,3839469616174142,#FF0000
6.5010220781231,3.5837524552473,587732099296177,#FF0000
6.5385245962415,3.5509737959746,987367415132308,#FF0000
6.5386862521955,3.5512030905077,993408801401994,#FF0000
6.5378491258436,3.5522734511645,1467809710225277,#FF0000
6.5379034216547,3.5521744619651,628410511450614,#FF0000
6.5015093920616,3.5834204602509,820884538811876,#FF0000
6.5383120560932,3.5516982363884,178095800860516,#FF0000
6.5382026790843,3.5517987362751,1125274674640119,#FF0000
6.5381400602851,3.5519174866096,1129294690882870,#FF0000
6.5380686489585,3.5519945542957,1146373532546955,#FF0000
6.5379905707168,3.5520244124281,1216972002067674,#FF0000
6.5382990529358,3.5516921843399,135412285243872,#FF0000
6.5373288354161,3.5528824562361,585344672446462,#FF0000
6.5377042213321,3.552041351338,887129018509691,#FF0000
6.5381122975086,3.5518934948304,1393521401046857,#FF0000
6.5384838255642,3.5514451380662,960140571384507,#FF0000
6.5383829740861,3.5515632391221,1394991050859788,#FF0000
6.5380223443047,3.5520157848384,3020718304815713,#FF0000
6.5023513185126,3.5829654928374,984147978993918,#FF0000
6.5380342624153,3.5520308334199,1466383283711716,#FF0000
6.502469935921,3.5829021940406,178642230704387,#FF0000
6.5381551793039,3.5518481711753,1612741192254643,#FF0000
6.5380021554721,3.552065742231,165929085492002,#FF0000
6.5383774766637,3.5515927079939,174045534627481,#FF0000
6.5373682986349,3.5527361888566,307561974082157,#FF0000
6.5009263093089,3.583802208055,520177279159291,#FF0000
6.5382481203628,3.5517341936453,1980983448717326,#FF0000
6.538415184448,3.5516126385895,243912240858517,#FF0000
6.5382652374081,3.5517522006154,246427197262113,#FF0000
6.5002435293549,3.5841309872031,764860880863406,#FF0000
6.5381016001363,3.551957509074,2802399680025624,#FF0000
6.5370654943237,3.553077296234,220120646584022,#FF0000
6.5008469876204,3.583781947958,223333912497862,#FF0000
6.5370843785575,3.5531474591043,286444633176456,#FF0000
6.5374839386361,3.5518730983428,874869446399302,#FF0000
6.5379937812707,3.5520553649774,2897417833906943,#FF0000
6.5380431169339,3.5519711265014,2930689667203933,#FF0000
6.5382209283904,3.5518045912654,311949627113199,#FF0000
6.5382807701703,3.5517699648091,315009660355922,#FF0000
6.5380749183497,3.5519353018829,343175817441635,#FF0000
6.5375189340417,3.5526508300349,4137658842966961,#FF0000
6.5381391819104,3.5519069399796,3867758746674977,#FF0000
6.5382306436754,3.5518235870616,464997911399328,#FF0000
6.5375966924743,3.5519976664563,988369748666639,#FF0000
6.5379660135091,3.5520945904727,466842167717488,#FF0000
6.5379705066849,3.552101894932,481852229597390,#FF0000
6.5381825898607,3.551872674429,493836974996265,#FF0000
6.5380523657629,3.5519745033495,508125507215179,#FF0000
6.5381225061161,3.5518828359527,524081325397381,#FF0000
6.5371187834037,3.5530904873946,159783409420845,#FF0000
6.5383365831347,3.5516225578207,524599561899226,#FF0000
6.5373330301948,3.5528719099147,4028521407204673,#FF0000
6.5012159530421,3.5836490851348,149630373796010,#FF0000
6.5382504835027,3.5517451267388,543481823698861,#FF0000
6.5379474224687,3.5520670560048,549704349349916,#FF0000
6.5380677579365,3.5519943074488,660540661429500,#FF0000
6.5383305830583,3.551714372244,759632794682702,#FF0000
6.5379257665005,3.5521527777778,821618048750832,#FF0000
6.5379705995689,3.5521022727273,833904513879820,#FF0000
6.5384033636112,3.5515840137549,875998892980854,#FF0000
6.5379380906263,3.5521389384135,888321328699340,#FF0000
6.5383758391367,3.5516621573861,905030720070646,#FF0000
6.5385109203714,3.5514857204143,533283781017388,#FF0000
6.5381794748831,3.5518564620885,913008732823889,#FF0000
6.5006920337094,3.5838700240826,478036963467660,#FF0000
6.5383415168351,3.5516400846495,988775718558446,#FF0000
6.5384811098724,3.5515268426006,166554582056913,#FF0000
6.5384614283308,3.5514774291353,327373488956898,#FF0000
6.5385017591797,3.5514647241822,521819852561626,#FF0000
6.5011439058075,3.5836203640226,1001095223963584,#FF0000
6.5384911437247,3.5514385727191,562620628460887,#FF0000
6.5384514631367,3.5515248539693,798363907476932,#FF0000
6.5374970938681,3.5518195003836,1024707124725964,#FF0000
6.5375650377277,3.5519551336146,133445938827181,#FF0000
