lat,lon,pano_id,color
6.45,3.134,HgVpcmJN08mLdVA_K1CyoA,#588CC7
6.451,3.135,koKdqGgV4SszObAcQSpfgw,#588CC7
6.452,3.137,ycr3AWpMANSWZRb7GpMjRg,#588CC7
6.454,3.14,qqmeRuyet5K40ZqW38yC5A,#588CC7
6.453,3.139,Wj7EwB66dIoiNB0yZtuOyg,#588CC7
6.458,3.112,UvBTLWpNlrHcLiwmuFozzQ,#588CC7
6.459,3.131,Wj8bbyh4NsFn-rRluRDaOA,#588CC7
6.458,3.129,8znzUuOA28h-Hl9emib7Ew,#588CC7
6.459,3.113,XTJ3h1SNk7O6bWPKf4sOlA,#588CC7
6.457,3.11,riOlsh5nRQcyi6AibE5LRw,#588CC7
6.458,3.146,XERimRWBR4QastODbudTGQ,#588CC7
6.457,3.128,EEbyMksSkYxpsqQbj801tg,#588CC7
6.459,3.148,moN8YwRwl0_FYtKBSiv64Q,#588CC7
6.457,3.145,Yzwz2FluRNZGA0b5ncA2lQ,#588CC7
6.46,3.132,FEZQRy9ksvo-PCAcSAudKA,#588CC7
6.46,3.115,ENv-1fMzsG57mqpYIvwZ-A,#588CC7
6.46,3.149,0j8vfC_4S0wO3ChhOlKa6g,#588CC7
6.462,3.118,7-QtfjydhgUFvsmA31Px0w,#588CC7
6.461,3.117,apCRTtfygbIpf4aR2jX9IQ,#588CC7
6.463,3.103,UdOwZyyDdUS-nr__9r6gJQ,#588CC7
6.463,3.12,Nb2ltD-QqzWxhwPJWyn0-Q,#588CC7
6.461,3.134,1c_pMsKrGIJc5tustOlgJg,#588CC7
6.463,3.137,G9IKG7-mZO8rUM9l44WLQQ,#588CC7
6.464,3.138,wfVKEz6OMTHyjyjPPU6Y9A,#588CC7
6.465,3.123,fjTB4k325jGWfr0xD9h8qA,#588CC7
6.466,3.124,mGAmpe-Pnvsun0_HYxjvAA,#588CC7
6.464,3.121,LBOSqEoiJYBNh5I5m0LxuQ,#588CC7
6.466,3.142,NtfJh6ohlqOM9sM4OIk0sQ,#588CC7
6.465,3.14,80niUGo5AULvhGi4DedUsQ,#588CC7
6.467,3.126,iFkcphBKkdDcI0m9YISVAQ,#588CC7
6.467,3.143,ySNYkaSvcHzKkSORGtTFtA,#588CC7
6.469,3.146,QLhhFJfs5vpHrBbfMOq6cQ,#588CC7
6.469,3.129,dWjvfw5CiNWg-oejj3_w3A,#588CC7
6.468,3.145,XTC8Qpg72WdydPVKJN2w9g,#588CC7
6.47,3.131,X7d0xTU1IpHC4T1FNA-i3A,#588CC7
6.47,3.148,lhwh-NHBMtuHIalqPKIw_A,#588CC7
6.471,3.149,GTmhv3e1g5nWeyqUr8TGzw,#588CC7
6.475,3.121,OOyeBTNTNd1prfx940XW5g,#588CC7
6.476,3.123,IexE-44gC3EXmUhK883GKg,#588CC7
6.477,3.124,NoubUAbICw78m6UHE8TuWA,#588CC7
6.476,3.14,2qnnAxg90JyeTiw7Lu7MrQ,#588CC7
6.477,3.141,aiLmRAe1WEDW1L8aecpJAQ,#588CC7
6.478,3.126,my9VJUF34N8iWvABYYIqKA,#588CC7
6.478,3.143,t6vGoH0jTYl19vN5v1vjew,#588CC7
6.479,3.127,8BnENmksdSUfQreINNu2yg,#588CC7
6.479,3.145,KTK4bCoPM0gn7II3IddZ5Q,#588CC7
6.48,3.129,a59AuzZoihGcZ8YtYAlKPw,#588CC7
6.48,3.146,1ZHJYtoIHt_5MlKg1HTQfA,#588CC7
6.481,3.13,535iEoJMs2vj7q0kx_gJ4w,#588CC7
6.481,3.148,U0VZfvr0IwcFZgOSw0zKWQ,#588CC7
6.482,3.149,OHACUBbxF7JgUS-DJT08Kg,#588CC7
6.487,3.14,Fi4Y0ZtnvWeUu1HQrKAMbQ,#588CC7
6.487,3.123,QoMpS72p8wZl85xUfBEs0A,#588CC7
6.488,3.124,fpSA49JXFytTdohq-fiMOw,#588CC7
6.488,3.141,5u1tHejYvk9TcafpjWVIbg,#588CC7
6.491,3.129,CMFiVgzZQeGK_PXDgUZKKA,#588CC7
6.49,3.127,-Hx32bkQP6BsbTNSmh2aRA,#588CC7
6.489,3.143,9M0qEeMjhpkKVz1eZn93aA,#588CC7
6.491,3.146,toQMk2jK3dRoB0z2iEp6vw,#588CC7
6.492,3.13,fjpDx91yif3Ix3GaTEgEcw,#588CC7
6.493,3.149,ISuHZKM2N5r6y0AqBjG2eg,#588CC7
6.493,3.115,ho7cmECBR8UvUgmcPMKPgA,#588CC7
6.492,3.148,Rhe_TR9ZKw-h5J8okCnz_Q,#588CC7
6.494,3.116,KBAWAceVTJOBzU28j6xFbw,#588CC7
6.494,3.133,B2UM5bX586wS9x3KLw6hNQ,#588CC7
6.495,3.118,MdcnCySzxOi6qFCU56cWzg,#588CC7
6.495,3.135,xrL6p9aQyD2y0GHQR0vXLQ,#588CC7
6.497,3.138,nLpOpHqcyDn14QijmPE9MQ,#588CC7
6.496,3.119,heUZ0eNTCFF8gsmuIDmsTQ,#588CC7
6.498,3.14,u67Jrm3T_h0RXZ9F0Lhamw,#588CC7
6.498,3.123,f23S_aJ4LK5AxnWNTfZU2g,#588CC7
6.496,3.137,rzr3eaiJNd4uqU_eNvh3BQ,#588CC7
6.497,3.121,VV3z7gGF68UQc2GTFfGFvw,#588CC7
6.499,3.107,ggx-wi3cwsOFW9BqVwnU_w,#588CC7
6.499,3.124,r6xOK7pvAiq3ixdr5RJ3dw,#588CC7
6.501,3.144,OiQl9lZzM1_4OoiyFr1f5Q,#588CC7
6.499,3.141,iWOo36pFjKicgNoPcV4D3A,#588CC7
6.501,3.127,AZJcV0m2rHoUAynTorxKlw,#588CC7
6.5,3.126,TCd94E-y1JKI25sP2xeqRA,#588CC7
6.5,3.143,DOAHkOA6zarqdZZ8pp_now,#588CC7
6.502,3.146,zFM5y8t2NOjDnnWhFYxaDA,#588CC7
6.506,3.101,rzvvfR_SkLJQPJVClzpTVw,#588CC7
6.503,3.147,grCP-1huYzVw1kfnZqgK7g,#588CC7
6.507,3.102,AciHpDVbX9gUekIocXGwZg,#588CC7
6.528,3.135,sh_uBxUgMd5GSrDS3sMA5A,#588CC7
6.527,3.133,sJTok3SeUMFVEJqNDV3rvg,#588CC7
6.529,3.136,MjV9nzmQPoRsH8qJiZxcrA,#588CC7
6.53,3.138,KPdXzkC4OGaPsdSYmUO45w,#588CC7
6.534,3.127,uVnpCqKkNX0OUCI_Vh1p1w,#588CC7
6.536,3.13,Fg1qIrix8Wjs0MYJ1NRG1w,#588CC7
6.535,3.128,5MhfOzOBg3svK1twdQ-ZAw,#588CC7
6.537,3.132,rBslCUSKNtuFhNlCduYCVQ,#588CC7
6.538,3.133,Sus64dcWsIiOecU-YnkK1A,#588CC7
6.539,3.135,UqSGpDxIampAtinPAa8PCg,#588CC7
6.54,3.136,hY_wVxW38_ijUjrubPn8QA,#588CC7
6.541,3.121,atkqmq2nJLAHOcI7umaSyA,#588CC7
6.542,3.122,lyVfTqt2m98-hifIr4o0Vg,#588CC7
6.543,3.124,TFszvhh7HHkdsaSR2ne8qA,#588CC7
6.544,3.125,nK_yh2Frfxl46w39pZfEZw,#588CC7
6.546,3.128,5gH_oQ1Kvx0FGzmWQppS5A,#588CC7
6.547,3.13,1UvUFKhi3d2H236py-8TAQ,#588CC7
6.451,3.168,PVPzFbyL-LuH72ocJsyThQ,#588CC7
6.45,3.167,qh4BeY3MSN7t7KAXvufllg,#588CC7
6.452,3.186,pCdwfdZ97J9iJmA4D1B-yg,#588CC7
6.452,3.168,Fv28MIQyelahfu6iJCwj1Q,#588CC7
6.453,3.186,9faFXQJXXAxnru9OPPqhQg,#588CC7
6.455,3.187,qDdBQ2nD5L0pGoL-8x1nSQ,#588CC7
6.456,3.153,eh1mjq0mXYovEKygf6DN_g,#588CC7
6.456,3.188,lVd1agoFL7E9gi2N99i7VA,#588CC7
6.457,3.154,FEjyba8fikQGtfX5rHY_sg,#588CC7
6.456,3.171,_Vgcy0yqWqUxVhCFDk7WIw,#588CC7
6.459,3.172,4y1Cud3piaJ5PmqLwzvaHw,#588CC7
6.458,3.189,OFD4PGBsXT8ZZPDofVNmGQ,#588CC7
6.457,3.188,nNf5Qozk8d8JUBo0vdzT7g,#588CC7
6.459,3.155,TYXqa0wRs6rRBUNYLRp14w,#588CC7
6.457,3.171,wqe-cl2wHgBhVg1bzFyY3Q,#588CC7
6.458,3.172,kM-Jo38hQaEyUr8t4iWMfg,#588CC7
6.458,3.155,phw3-byEgNdYVjLeBokH8A,#588CC7
6.46,3.156,AsSh_FIDKZ9YFt5HWJKNlw,#588CC7
6.459,3.19,MEjn3zIBYE3QHKIT0ijxVw,#588CC7
6.46,3.173,TV546ON_hAwa2OELshNxbA,#588CC7
6.462,3.157,Km23dZ27GQux1A2-GX9wVw,#588CC7
6.462,3.191,m8XSs3ft3oc9YT32opQVqg,#588CC7
6.462,3.174,pQDnW9fuKReEVtjsYmPUhg,#588CC7
6.461,3.191,8gNgVltBjQ0uJWbsqMYIdA,#588CC7
6.461,3.173,BaOXk1n5jkV5Bi5TxxX5lg,#588CC7
6.46,3.19,B_qawg0ibQhJhpdWsHQizA,#588CC7
6.461,3.156,pl5vJ7GRytajr60Cox_FgQ,#588CC7
6.463,3.157,zPa_1YQUeSOLX6rJP3FMSg,#588CC7
6.463,3.175,dv_mdT3KPBI87CcCBQQUow,#588CC7
6.464,3.158,RoZIjxKu9IsquQhWdvjTzw,#588CC7
6.463,3.192,TqwEf-mDn2ENoKE4JZreiw,#588CC7
6.466,3.159,5Cl2RuLQ9oEbdlTFzPbV9g,#588CC7
6.464,3.175,cjt1EpGor6pUonw4w6lT6A,#588CC7
6.465,3.176,_pGm23gFg7qqS-qSRwBlyQ,#588CC7
6.465,3.158,tSfaphMnDq19JOd8o6wmgw,#588CC7
6.467,3.16,qOP3BU2APKXVnYBOXpFd6A,#588CC7
6.466,3.176,lv61tjph8vjkZ0YGCyjA2Q,#588CC7
6.467,3.177,srT8w8KQE2-r1vDKrkCk0A,#588CC7
6.468,3.177,0UDGY4iPLwcCMYQFHZOX-g,#588CC7
6.468,3.194,NfaBPwfDvYUOqDDf8wFBYQ,#588CC7
6.469,3.161,BSe98mjRZwCu--KFIEyuOg,#588CC7
6.468,3.16,hDfUa2BKgA-DaJ2iqs6C6Q,#588CC7
6.467,3.194,nq8CwxBFbgeWUwlEasNPhg,#588CC7
6.469,3.178,rcjneYYWcm_P-sRoeiGjPA,#588CC7
6.47,3.161,NSq2-pbtn0fH9isCAQIwCA,#588CC7
6.469,3.195,CjHAKTkt9MOnS6skVT2KJg,#588CC7
6.47,3.196,NF-z86yOfHb9ZwQaoRpqrQ,#588CC7
6.471,3.162,RqdjjZH_qs4mLaNJkktedA,#588CC7
6.472,3.162,3n2RLIZvxhbsnlwXKN6CoA,#588CC7
6.47,3.178,GpzRZ2ihbRRkBKrPtUNfbA,#588CC7
6.472,3.197,nixgt_5mdGHEj1g5T1Nfyg,#588CC7
6.471,3.196,NKNzW8ICqKw8skVWqlIcmA,#588CC7
6.471,3.179,ZZauz6C9fHd2QOe9lcXsGQ,#588CC7
6.473,3.163,NRdhL0cnzBbsepVECptmLw,#588CC7
6.474,3.163,qSr28Y0jGfvLqYJOlrtcVQ,#588CC7
6.474,3.198,9QZPkgdv8tCkUosz88-j7A,#588CC7
6.473,3.197,3gQ0rmaT25UlcwxuiHhMJw,#588CC7
6.476,3.165,X1xIzIb1JKwmw2O0XJyWSQ,#588CC7
6.476,3.199,UAsQq4usUSQhXSqHE_amsQ,#588CC7
6.476,3.182,ZRh5CbfUN-umqugpGNqTzQ,#588CC7
6.477,3.165,t808LHKLpFWoltPwTn-3kQ,#588CC7
6.478,3.166,ixsypauqjaL-EQcTbhEXVw,#588CC7
6.477,3.182,KQPYylRjx4I4YG9gHC7kCw,#588CC7
6.477,3.199,5vK17X0t4rc39wKzAIdvmg,#588CC7
6.479,3.166,8FI9jD_3C6hvfMfAid0Efg,#588CC7
6.48,3.15,GqHiqoiJhC1HlGPUFm67wA,#588CC7
6.48,3.184,GGFi2ZVnvoY2QIorxYDc5w,#588CC7
6.48,3.167,t7JHT41OKajjnzzMldyZrA,#588CC7
6.481,3.15,WOyBsAEJ3iNopdkL3cGqnQ,#588CC7
6.481,3.167,owRm7w1JgAq8tfiKNT7X3g,#588CC7
6.482,3.151,2ZxAL1kNwGuqLoURD1yKtQ,#588CC7
6.482,3.185,p_ctkGgf7WhhzfpqkV4kKA,#588CC7
6.481,3.184,VTwROh6uoGF9jEy_d2jCIA,#588CC7
6.482,3.168,62yhnvqiZO9bqYudAm3ylg,#588CC7
6.483,3.168,RzFKcHGRpZmnSMlpgct_8A,#588CC7
6.484,3.152,EMU775SU5c6AVShI5D2cjA,#588CC7
6.484,3.169,zoMm3VaaQolTCo11Pv0UfA,#588CC7
6.486,3.17,amtu6LtiH6TPBk47FHqYyA,#588CC7
6.485,3.152,auiy3DuY6uLW7VeLl6aXRw,#588CC7
6.483,3.186,VFXdKop_Pkpj7_1IiY_ggA,#588CC7
6.484,3.186,wbKvilXJUncASy4iDLoKpw,#588CC7
6.485,3.187,tsW2Y4bDV9ECi9Ya5XN4EQ,#588CC7
6.485,3.17,mPIqhBojU8KhpCnuNgrxaw,#588CC7
6.486,3.187,9F8bjj1N1KwZV1XJ5f0iFw,#588CC7
6.486,3.153,C9agFO35Rg9lD1TRhQwscA,#588CC7
6.488,3.154,KHNes_2Pnp1qEQq_0GfwLA,#588CC7
6.488,3.171,AejQDyZHiOYq8sBIxnQKVw,#588CC7
6.487,3.188,XJlzxGRoqa81OyzSekJ5AQ,#588CC7
6.489,3.189,7EeriCd_A9HkC9t_tQCXsw,#588CC7
6.488,3.188,iyL92HqXMTjxjD8wxMJyRA,#588CC7
6.487,3.153,EDG5l3uo_Tthoh9cV6eE5w,#588CC7
6.49,3.155,YAgHeOyWY-2c365XRTPBpg,#588CC7
6.489,3.155,1lonAzGHayokbdkkqvC0hg,#588CC7
6.489,3.172,qHZJyM5d7U9arLxUQQGEKQ,#588CC7
6.487,3.171,WQxhnbPEGEfBdUaZm_uezg,#588CC7
6.49,3.172,uI3qqS5FW2F69WV61_nXTA,#588CC7
6.49,3.189,I7wxSzdHmuyh4OfKmOg-2g,#588CC7
6.492,3.191,8ikqBmxf-TuTDwWtGr3bJg,#588CC7
6.493,3.174,15t7UNCvelt9MsTI_OKnAA,#588CC7
6.493,3.157,I_9Dfhn65UK7aePSaHE-9g,#588CC7
6.491,3.19,hfgch4vtnYgDL-_vhh-Trg,#588CC7
6.492,3.173,82-Iyl5ZOL2QRsK3PIjZVw,#588CC7
6.491,3.173,8dlFPAp7o0LOuceSErfc-g,#588CC7
6.491,3.156,uRO6u95VSzwPS7ATkbCUNQ,#588CC7
6.492,3.156,mS1rE5BSNdL0Mimiw-6lRw,#588CC7
6.493,3.191,svt6_J0Uy0gjR2aJzAQL-A,#588CC7
6.495,3.175,FL-K-VTCCPIWN74vDGE1qQ,#588CC7
6.495,3.192,n8xZ848alQw31Ipzp2xdtw,#588CC7
6.494,3.175,NTxRH29DEASVAjgwcvVjKA,#588CC7
6.494,3.157,Bj_6fz8-1HvL-nwq58-vYw,#588CC7
6.497,3.159,-miFkQK_XAFoIRamcgAXTw,#588CC7
6.496,3.176,aOPC5zri-Y9xiFpIiC5TcA,#588CC7
6.496,3.193,CH6D6LH-3M54sivyEhIUJg,#588CC7
6.494,3.192,PMwK7Y6TekkZUfOS69_l3w,#588CC7
6.496,3.158,TJdEwT8u4KPSaLsRTKd4TQ,#588CC7
6.498,3.177,RUFCF5WjDjOc9CftLNme9g,#588CC7
6.497,3.176,0Ol9wksHvKLdtpw85zsNLg,#588CC7
6.497,3.193,wnpVbIMzfD98PRM_l0mJfQ,#588CC7
6.499,3.177,N3fMoPjuG3djoIBlNDQkGg,#588CC7
6.681,3.161,9j1PlbOEn6E2_w9wyK9cXQ,#588CC7
6.682,3.161,mBiWOS-LZK-eXfVBcznYUA,#588CC7
6.682,3.196,HoFCRC7uJitOmcNgNn4Qkg,#588CC7
6.683,3.179,Z9XURdxV399DD2-n-bbNfQ,#588CC7
6.684,3.179,LrUIlT9wk9eUkuMW5cYseQ,#588CC7
6.451,3.225,504CBNnSHtfyJCRfAzNvyQ,#588CC7
6.451,3.242,oVL9fANRHiDyfIUhq42CdQ,#588CC7
6.453,3.213,LuaxFibsBXL85HxjM8JKKQ,#588CC7
6.452,3.21,GX0PaieNr80Q7-HVGpPJwg,#588CC7
6.452,3.227,HsUhtiNgE5VV97CvvMZw_Q,#588CC7
6.453,3.23,Elq4k_aFlmW98j-CjGHBYA,#588CC7
6.453,3.247,DpQ2c1142Ps1OM7S-HW5AQ,#588CC7
6.454,3.232,MD_dgvDdzV7jdL6HLPcPsw,#588CC7
6.454,3.215,KYzQ7Zayg4xTNWCdCEK2KQ,#588CC7
6.455,3.218,nc-Qu3_-M6LNry9Vzq--uw,#588CC7
6.456,3.203,xf0S4CMV7Q03jG9yaZpSaw,#588CC7
6.455,3.235,Jzn8rqY-MiWH420jLk8nFw,#588CC7
6.456,3.22,EE5dABRYoWXgJcOr42k6UQ,#588CC7
6.457,3.24,YpVRhLfX9dZaWL6G8pg9FQ,#588CC7
6.456,3.237,Dt9iX4vDy26Dv45F3IEvgg,#588CC7
6.457,3.206,C3RV1lsQi9u21-f3sEw48A,#588CC7
6.457,3.223,Yag1PAXRL_ask6YD4DDGBA,#588CC7
6.458,3.208,mdBFdBlg9gQm5gUPppHLug,#588CC7
6.458,3.225,35Ais638YvhtL0LBq3jnGQ,#588CC7
6.459,3.211,OpAel79VMx-KgS3MYVhlhA,#588CC7
6.459,3.228,7D_0LS_pHof5KlLIGyJTeA,#588CC7
6.459,3.245,GJ0anf8TFKzqHyqCxMIEpQ,#588CC7
6.46,3.213,9eShY9bZP0PR05hPWoME9g,#588CC7
6.46,3.23,RD8lFwLZw-7msPDYb_9hpA,#588CC7
6.462,3.201,g-077-9K_Mlgyo22yLuWMA,#588CC7
6.463,3.204,Yk-jDbPWfrOBBp5sQLwTnQ,#588CC7
6.464,3.206,2V0b4Bh1FxKoBQJ8Vr4NWA,#588CC7
6.467,3.248,yJzXSVkpSTA79efVvGTu6g,#588CC7
6.469,3.202,FtBRm7oQDdKtTvCT4FQRyA,#588CC7
6.47,3.204,a4O6MxrD1TBqYNwL0cieTA,#588CC7
6.472,3.244,uxPdSYH4Z4pdo1mhE_sU6A,#588CC7
6.473,3.246,bo74rY8Sa-ULtAhGvROkpw,#588CC7
6.474,3.249,_X6rgn0XK5l7xEKKGpxRZw,#588CC7
6.476,3.203,wErmi0EKpPEe5SM5qvEZOA,#588CC7
6.48,3.247,dznFIOMIT-4bn1nfOOUT6A,#588CC7
6.493,3.212,iVJE1-8NZzNgELj4k9XAjQ,#588CC7
6.494,3.214,DZ6pgXmhF05t_FOEsxlxkw,#588CC7
6.495,3.217,QSeU4wVSGtGA6QqMEZjGyg,#588CC7
6.497,3.222,laInR0FGnoLo83mP-X177w,#588CC7
6.498,3.207,mKYLfpI90xoHXkvH3qZ7JA,#588CC7
6.499,3.21,fLsHWUahGC-Cp_LxVzfIMg,#588CC7
6.498,3.242,brQoIVlTHxaYSGolAlQReA,#588CC7
6.499,3.244,OZCvxsITLC6gMfhWh1Untw,#588CC7
6.5,3.246,3buWFr8OWq0wOQnwybm8XA,#588CC7
6.501,3.213,UIf3kTSfV-u9YECDRqE07g,#588CC7
6.501,3.247,5iZAonYiOYWioZL_4KLBgw,#588CC7
6.502,3.249,kTIhWLIBKRa4GK7agkMIsQ,#588CC7
6.504,3.2,bG3eL-DOxIWGkZcZF_Z2qA,#588CC7
6.506,3.203,HpKV0vTkbKM7-CyilHlnug,#588CC7
6.506,3.221,su6QI0JMyUbm1_K7I4I2bw,#588CC7
6.507,3.222,Y8830D5MBWDHRbc2culnfQ,#588CC7
6.507,3.205,0q8N_rKRPxHfTU0uuKLxAw,#588CC7
6.508,3.224,VX5rE63-_4Fh1P05OWls4A,#588CC7
6.509,3.225,BSYHGy8BWt3v4-1ncnDzWw,#588CC7
6.51,3.227,17i_vYBeMhLd4DBFMg3y_A,#588CC7
6.51,3.244,k1ew7w2V7npfl3YyqDIjiw,#588CC7
6.509,3.242,arkZzjt5WscEJKYOJNxpww,#588CC7
6.511,3.246,tE4Nmt_clB8tiqG1Bcqqkg,#588CC7
6.512,3.247,1iIRMeIJCOOj_GEwPzv54w,#588CC7
6.515,3.2,q9zfB68p6TURNi-66QD8oQ,#588CC7
6.514,3.233,CJNQmu6b8Ht5pO8EciIgTA,#588CC7
6.513,3.249,ECKsdX9ifVz568-j2z1qiA,#588CC7
6.515,3.235,8W_SAUoT1iUGYRc6aff7Og,#588CC7
6.517,3.203,YGBQMqMcu46sWlQl3QtUyg,#588CC7
6.516,3.236,zJvLoUyBOazXDBw1hkTnnA,#588CC7
6.518,3.205,g2VXC1vPhE_zy4718fRY2g,#588CC7
6.517,3.238,SmnKLOIAGuR5Z2SCOs8H3w,#588CC7
6.519,3.206,lhW2SX2hLk-EFIE9qLXv1g,#588CC7
6.519,3.241,GMWJFSdidC2lrRkWUU-SpQ,#588CC7
6.52,3.242,9DUWjrq7VspHD7on377XsQ,#588CC7
6.521,3.244,GRwls-rejhqbqxqg8-kYQw,#588CC7
6.521,3.227,D9D1pEyCAYFgHehdVxqxyg,#588CC7
6.522,3.228,BbrzseqQzvyw0pA4F_iY_g,#588CC7
6.522,3.245,3-F3isq8OrGzpJURLaZzEg,#588CC7
6.523,3.213,bCRIcfVgArgZlSxaN_zFCw,#588CC7
6.522,3.211,bX4SAodjznii3Rn1HyCvoQ,#588CC7
6.523,3.247,WfIXuDI2ED0VV2V-2hoI2w,#588CC7
6.523,3.23,yJ6_ExF1ZGkWbdceN1LLDw,#588CC7
6.524,3.214,Z1pi87xJ5UdAILCeARe7cg,#588CC7
6.524,3.249,GmcWoAA5LiVwsQ4M5fWmYg,#588CC7
6.525,3.216,jm0ZTzRyZ3HJr4XrI8MrQQ,#588CC7
6.524,3.231,QLsZNeHjbTlW0db9ZStrXw,#588CC7
6.526,3.235,zz6G7xHakKM-mQlQMiq0gQ,#588CC7
6.525,3.233,WpqPqaf8lOZsAXulmymyFA,#588CC7
6.526,3.217,D0E16hyaUXTyKVMYgBNHFg,#588CC7
6.527,3.236,kFN0CgJoHpB9TUT2Ak5e6Q,#588CC7
6.527,3.219,ytlUWTM-vN3WEpJG5kQHyQ,#588CC7
6.528,3.22,RY2SD1_Oud30PY9wKRmbAg,#588CC7
6.528,3.238,9RnOhrYqpiLC1jyJkum3-Q,#588CC7
6.529,3.239,vyuH_lziBJkFDmcjDUu9lQ,#588CC7
6.529,3.222,epMKDXHYYTYziJPOpH1dOw,#588CC7
6.53,3.241,L8LHhPkrB4Y_URMljhigMg,#588CC7
6.53,3.224,vcMsrlcEuf_ESdMC2p6oHQ,#588CC7
6.531,3.225,8UbXv8eaET8z27FMRlGYLg,#588CC7
6.531,3.242,1u0loTxpy8WxPHc3fsDsDw,#588CC7
6.532,3.227,8_H3QPaCI1vguu4_qFhmFQ,#588CC7
6.532,3.244,k7eif7OYUzYAvaeX4r8TAw,#588CC7
6.533,3.211,yhw2zNm79JGeISe741yJEA,#588CC7
6.533,3.228,iKqAMBdE_9z3G6nNQbORgA,#588CC7
6.534,3.213,dda-GXvbGtfzzp88gZWJYg,#588CC7
6.533,3.245,she_UvYovDhq-fd05NTSCA,#588CC7
6.534,3.23,zL7-fIH7GI7bsi0rMIosiw,#588CC7
6.535,3.231,R02Gii1Od-MXHE6VSdBO6g,#588CC7
6.535,3.214,lFBzoRiaKP8p48QRhIrXuQ,#588CC7
6.534,3.247,1H79UE2eSUKUk94bXcp2fw,#588CC7
6.535,3.248,M2iQDwWFvQS7FV7a5sOUxw,#588CC7
6.536,3.216,trLK1eA9jftEpQaHlgpHuw,#588CC7
6.537,3.217,f_n51Rcgb7jRv9833GyhfQ,#588CC7
6.538,3.219,uxKXVi1cvNp0MSvCOeZw2Q,#588CC7
6.539,3.22,piKDorq4bxPIe031tV0xtg,#588CC7
6.54,3.222,XwblubAdCDbtUOXeQex8FA,#588CC7
6.54,3.239,HcQNTnt7mbL9vV1CY1XUPQ,#588CC7
6.541,3.223,yI70Elu85HQQJhxQ-b6RIQ,#588CC7
6.542,3.225,iOQko65odYSu_O3Odvitog,#588CC7
6.542,3.242,VDHBdz2krabopFxv0YkSKw,#588CC7
6.541,3.241,wsyffmRAh73N6P_-T6zQcw,#588CC7
6.543,3.227,OZv0wJ6cLmJNq0T3iOwuqw,#588CC7
6.544,3.228,M0K_OUItoWIDL9VvXHpg7g,#588CC7
6.544,3.245,YrG23IAlMC15vqb5sTh6JQ,#588CC7
6.545,3.247,oYnq4SaOjIth-XpodyZE-g,#588CC7
6.545,3.23,6RKw2Tqod_3tYuYaKHzzAg,#588CC7
6.546,3.248,KX4ShmBRODOiJaGEBPegew,#588CC7
6.546,3.231,JekA2lWI5qieIW6Y7VdX1g,#588CC7
6.547,3.216,PTskouCXCeXG7jCdpGCzbw,#588CC7
6.547,3.233,e-QUh1dQdexnD0Kxi7tX8g,#588CC7
6.548,3.217,92c4sfN0ypnHoZKoizN8gA,#588CC7
6.549,3.219,1B4plV_3JRJY9zclQBRmMQ,#588CC7
6.548,3.234,mf4pqcIkIYP-WbDNFhRwpw,#588CC7
6.55,3.237,3-I3u1z9LSZVm11NHpGr7A,#588CC7
6.55,3.22,xffjCrv1AmIzYzA7voVmDA,#588CC7
6.549,3.236,2hqXo8Z8I-KpyVH2l2O-hw,#588CC7
6.551,3.222,Bo3oE-OEY0eDcprO9z_lAg,#588CC7
6.552,3.241,KtgqLyXChoVnk7SIQBTarg,#588CC7
6.552,3.223,3oVwqXmyHRQL2Ry-JOAV8A,#588CC7
6.551,3.239,-UcibfmgjyoT5doXXJ-UKA,#588CC7
6.553,3.208,urds_HuWY8pNYqMo811prw,#588CC7
6.553,3.225,ZS8E5NwQ_JCa_ZqCtTTUKw,#588CC7
6.553,3.242,YmYeuEF8mZmJigGelJ8Yag,#588CC7
6.554,3.209,n3VAyUlkZ-yYFbKvqtneaw,#588CC7
6.554,3.226,Zr52kPkkYjNk_ejmNL9BfA,#588CC7
6.554,3.244,r-DWQu7cFp1ju0DEmddJqg,#588CC7
6.555,3.211,Oqkud8gL1Vz54n8KJ6l0iA,#588CC7
6.556,3.212,eZwDitxDBDK8U3k5lMkFBg,#588CC7
6.555,3.228,dX_WmlnXK9hUT0bPmJYu3g,#588CC7
6.555,3.245,rX-NhyoSzqJZ3VOTtrTavQ,#588CC7
6.556,3.23,GfOOZTHZD1lNjYdy_HjHBQ,#588CC7
6.557,3.214,yFsD2Tuyl9zyG059OwnFIA,#588CC7
6.556,3.247,4lRGKcRyvivPHef8sfqfCw,#588CC7
6.557,3.231,exk3A-_wKiqzuHEmY_VD_Q,#588CC7
6.559,3.217,bmuheVdjqB1C3FYENMJHyw,#588CC7
6.558,3.233,clzChLfOzV2WYdzrpEkj6Q,#588CC7
6.559,3.234,IA4YTG-_lOo108QMbTcwEg,#588CC7
6.558,3.215,CNrjl031oM0O84-vF9ELIw,#588CC7
6.557,3.248,LNiy9yxI5r3hidNkn9v07g,#588CC7
6.56,3.236,tcCA4TahmqfMKcDTk6XUNg,#588CC7
6.56,3.219,DQLuw9W6E9xMKFMk2Scffg,#588CC7
6.561,3.22,d1qA5UpgaIf2F_sYm1XH6A,#588CC7
6.562,3.222,QrUj6wmYjf8tsf-tTLMBug,#588CC7
6.562,3.239,3QvLmSrhdphUt4WvVyuFFg,#588CC7
6.562,3.204,A6X3WOMI_3bVD0A_fzso5g,#588CC7
6.561,3.237,jYJGOUmuMqaHghhwIeAGqw,#588CC7
6.563,3.206,C399_5J0oqTU8uvCiTX1SQ,#588CC7
6.563,3.223,Vl2ZV72biCY1iWat31lpdg,#588CC7
6.563,3.24,um5MYYc5-QAhERtHYk9ieQ,#588CC7
6.564,3.208,QJ8XOs7LNLBNwbYDrrMZzg,#588CC7
6.564,3.225,nGGg_HTzvAnr3R3K99XPpA,#588CC7
6.564,3.242,i0anwKzFas5ydzZI5EpSrA,#588CC7
6.565,3.244,JoyARWJ8D4E29lvD-_GLDQ,#588CC7
6.565,3.226,4mqqrSIENIDLgyPecyBSwA,#588CC7
6.566,3.211,VHbKoryjmvpUYk218X5aaw,#588CC7
6.565,3.209,2ynEZ1ocNVTckUI8xtzZIQ,#588CC7
6.567,3.212,11BTR2NRtTpbXt7LqpoLBA,#588CC7
6.566,3.228,kP3g425yt--csWNft2suOg,#588CC7
6.566,3.245,dXBJGTmC-EckLp4ISBMvKQ,#588CC7
6.567,3.229,zesivLVaUykeWbAqles5OQ,#588CC7
6.567,3.247,2LoMbMlt_6-EqvOgpjwCRg,#588CC7
6.568,3.214,-Jk5OaurypKaiti1XnVIAw,#588CC7
6.568,3.231,7FFVvJavy9B7m_8l0DUTvA,#588CC7
6.569,3.233,1vfCpD6dnIMCS3SCTjSakg,#588CC7
6.569,3.215,D2GZuyHo8GOV3Ga8tt_DJQ,#588CC7
6.57,3.217,-_Un6jdhypnpdV2KOAbMEw,#588CC7
6.57,3.234,Bi83WU8bws7xDWdoz2BMcQ,#588CC7
6.571,3.218,sauT8ypdf-dQktZDqz5Qyw,#588CC7
6.571,3.236,6nwRy6Xhm4g_D1K0sw6L6Q,#588CC7
6.572,3.237,vlNB4X8zK61zmBntbvIExw,#588CC7
6.572,3.203,OHoIYRtH9zNyDdFDWINNkQ,#588CC7
6.572,3.22,uz_HK5INikdHV5WuQy8KJA,#588CC7
6.573,3.204,Y80rYvp7yCzugRg98b3_9w,#588CC7
6.573,3.222,aYudMOv6q962V1pzbk_whA,#588CC7
6.574,3.206,3ftdqpWDAfxT6gH8ozC93w,#588CC7
6.574,3.223,vbrX--g5aEQEEa9RIhRqXQ,#588CC7
6.575,3.208,76jUJm7P0PjMVFDNppV2Qw,#588CC7
6.575,3.225,IoA3xIM7G394cRLWqOTWrQ,#588CC7
6.576,3.209,lmyrawCbhFkMVQDsNnWwaQ,#588CC7
6.576,3.226,1TSBZMFQM3BC3utabSbvHg,#588CC7
6.577,3.211,7IL8ts--N-myUOQ_lMO-1g,#588CC7
6.577,3.228,DP4F7wPfF9P-cjOz1j0OTA,#588CC7
6.578,3.212,eB4tt6oXZML0rVFLnV0BLA,#588CC7
6.578,3.247,xLofK2JhJDnW7zOsIibMUQ,#588CC7
6.578,3.229,1J882r-9nNQZV3SWmrSVWQ,#588CC7
6.579,3.214,BDvpKqINFOORdSRdEn8QXg,#588CC7
6.579,3.231,Y-2VxnIS6DecL9z-pUyicg,#588CC7
6.58,3.215,m7lKhfwRyB88YG7BBsn_og,#588CC7
6.58,3.232,aND4k4hoVgqC63Kr0fzbWg,#588CC7
6.581,3.217,da25_dlcO3T9LN_Xe5nhvg,#588CC7
6.581,3.234,ttGsTiY6XmdRiCAMGRmWwQ,#588CC7
6.582,3.218,ularG5Kx6hxLQvSH5lNi0g,#588CC7
6.582,3.236,FtQTc3nbZkJpUGqY4sFUxg,#588CC7
6.583,3.22,Yp5zHkNPigO3g_4KGQnEcA,#588CC7
6.568,3.248,upDhCcqnLEk_KzpXxEYNoA,#588CC7
6.583,3.237,N2AM2iMFVSOBgcGsPhxvDw,#588CC7
6.584,3.221,SfVNiAQsAN4Y8HURQKX8cA,#588CC7
6.584,3.239,EYBfj-fGei-Aemq-_n3Iiw,#588CC7
6.585,3.223,s6oQgkIc5hbRcqeIU-kF8Q,#588CC7
6.585,3.24,b81j00zsXHRRvi1H5MWRvw,#588CC7
6.586,3.242,ZlldelQI2rUyuhKFkOIvdQ,#588CC7
6.586,3.225,YVOWnXsMqOaS2LGhXoU-Lw,#588CC7
6.587,3.226,Ul1hrGqH5mHdSkYeUIEtbQ,#588CC7
6.587,3.243,1Fvftrbmg5PBop5oJ18PNA,#588CC7
6.588,3.245,t7PUW92GzpxDgHZ8n9m1Uw,#588CC7
6.588,3.228,WR4N8wHWLCXxJ0aRUCCYYA,#588CC7
6.589,3.229,GChuoChwZQZlYX1TMz2KIg,#588CC7
6.589,3.246,r70tnhcVIflua0VIYeKWmA,#588CC7
6.59,3.231,4fGl-WH3n90j3wv8GBn33Q,#588CC7
6.59,3.248,COLGzuPCXT4i6rLhTmcc7A,#588CC7
6.591,3.232,2iAS4pLv--U519OnWxNORg,#588CC7
6.592,3.234,n_7-EUBAZvXqhmhc3tqpTA,#588CC7
6.593,3.218,tBn57Q42t5y4MpVK12rXnQ,#588CC7
6.593,3.235,tLb_oseyFkwRUrxhYlQ0qg,#588CC7
6.594,3.22,48e-IiH7WIZjWFnBfKBBxA,#588CC7
6.594,3.237,WU3U6V1rV0Bh9qXqSb40dw,#588CC7
6.595,3.221,-J-6tm9K8uaM690g5aQmrA,#588CC7
6.595,3.239,W0BFfyL93zcj9_yzr9ySYA,#588CC7
6.596,3.24,2_iVcIsSSNoslRstfhm3xg,#588CC7
6.596,3.223,T49p0zID8cmT8CvJhVOdkQ,#588CC7
6.597,3.224,eZxSLGydfg6D4mLHYW_8wA,#588CC7
6.597,3.242,TMwURK8uXjfstQ14eUgvCg,#588CC7
6.598,3.226,P8SxBV5ZduSFlmc0ciVHCw,#588CC7
6.598,3.243,jqlXn-N9kZusZ-Za5QJPUA,#588CC7
6.599,3.228,UQ3bQRTrzX5Z51y-Chc92w,#588CC7
6.599,3.245,fVzH0kMPayONkfyR5quoUw,#588CC7
6.45,3.262,oAM7zmPZnZgrJbvY_wm35Q,#588CC7
6.45,3.296,OtWI0O34FZeG8T8jXHHASA,#588CC7
6.451,3.264,1gP3eIAc03DKZtQU3pAH9w,#588CC7
6.454,3.251,8r0K5-YI4eThl6f7wswdsQ,#588CC7
6.455,3.253,G5ADYAA2o88l4S6Bvh0oJw,#588CC7
6.455,3.287,K3q-CLBNwHTkfgEXox9z_Q,#588CC7
6.456,3.254,jRwyFayPbgDriTC_T0ig1g,#588CC7
6.456,3.271,tUR0Qg1TGhFw_f8ikPxCDw,#588CC7
6.457,3.256,1HcKExEt5gD9bIw-d9S8aQ,#588CC7
6.456,3.288,6fRo77XnDitbHBJFAxT4yA,#588CC7
6.457,3.273,ge1xNFLr6ymg8ifj98ziIw,#588CC7
6.458,3.274,GCzJXiV1NXBTM6JxZunT6g,#588CC7
6.458,3.292,CNjShDDEpqjcPcQP_ft8fg,#588CC7
6.458,3.257,WaD7JRVZdtto_ku9vu-tlg,#588CC7
6.46,3.26,Tkze2ZNqKdGzD6CDle1kqw,#588CC7
6.459,3.276,fv-q7lIMfFfb6wQrAjaiGw,#588CC7
6.459,3.293,BnNeHUqWXa-zcv6MNVeu-g,#588CC7
6.461,3.262,PMpvYuPxzHQM9Rk5Lx_StQ,#588CC7
6.46,3.295,o-zg2vTFcE2y8cMFbZ2rpQ,#588CC7
6.459,3.259,0SoNXF33WhcyC46ogJtyHw,#588CC7
6.462,3.263,A2iDEwDglmffsImecWCvxg,#588CC7
6.461,3.296,A3pKVl3apU7ET1GoaKBl3A,#588CC7
6.462,3.298,ZV4XdRIiTEdNRKvQJed_vw,#588CC7
6.462,3.281,6cAwmYChdGjso6NepG_Cyw,#588CC7
6.463,3.282,4da8NldUPQJy8kPM_O1t4w,#588CC7
6.463,3.299,f5J4BnnZiE-mTXCct5T4HQ,#588CC7
6.464,3.284,XgC_DCj8LvBVF697OpVuUg,#588CC7
6.465,3.285,drOTifYFSBz6HKjFip1OiA,#588CC7
6.465,3.251,WpU5aDL0eOvZXu6eHf2afw,#588CC7
6.466,3.252,4brPumTtf2W1JV7saxVptQ,#588CC7
6.467,3.288,lCp0jY9bGjXum6Zq1aIJFA,#588CC7
6.467,3.254,ldaIcBhN2H3cf7gE21ZFHQ,#588CC7
6.468,3.256,MxRHcnWDmRLg29e5w8SqqQ,#588CC7
6.466,3.287,j4Pn9A7tQLA4g7HuWyhHsQ,#588CC7
6.467,3.271,xqHSfUFO9ntIq1lnD9q2oQ,#588CC7
6.469,3.257,mAw4OMTGVvI91Lcx1RbsEg,#588CC7
6.468,3.29,gZHp7wwBdwyzLESaE4JVIA,#588CC7
6.468,3.273,Q8PbdQmp3dGGHXqSwxNDXg,#588CC7
6.469,3.274,5vGb56q2ObuVzmtS9E4h1A,#588CC7
6.469,3.291,rER0l2hKdSRnmI-JXym2ZA,#588CC7
6.47,3.293,av7bPvmPQ-BybTNQg_mAyQ,#588CC7
6.47,3.276,tTaAPTWxZ7rXEY4tqYjdQQ,#588CC7
6.471,3.277,m_BQC6mkqFZSsEjQNGD0Vg,#588CC7
6.471,3.295,fSoE1BulGnYFeCX7ri62XA,#588CC7
6.472,3.279,8eW2uIakSJjdv7SfUS2cBQ,#588CC7
6.474,3.282,vEaLBk3QIB-fJ1idu5pUdQ,#588CC7
6.473,3.281,rPFMzsV9nYYLsLTrm_qfaQ,#588CC7
6.472,3.296,BOx0Zv6au5tfMbojm25gcw,#588CC7
6.475,3.284,ZhGiqb9YtJSSxmdzxk29-A,#588CC7
6.477,3.287,4tRBmiHqmVv2a_LFMBbZlw,#588CC7
6.476,3.285,aF-STpZJvQZyh5jjyAa2pw,#588CC7
6.478,3.288,dmX8sfsIkRoeB3jP7YOHAg,#588CC7
6.479,3.29,AYa5jcvVY_4kd5c8HdjLXw,#588CC7
6.48,3.274,pa6Y6eW62r-9rttGDKppUA,#588CC7
6.485,3.299,7guglX58q-5lxioiUpeahA,#588CC7
6.491,3.291,90ymNoEcbm8_Idinq2eTwA,#588CC7
6.492,3.293,wB4uSYqZAuu7PZocyXanHg,#588CC7
6.493,3.294,YbCcykyCN-XoG4cXBSS9rw,#588CC7
6.494,3.296,rEUTnLm-KSwioewAdeWALw,#588CC7
6.495,3.297,MZE5xUy2MSgsGpE0YCZ7Vg,#588CC7
6.495,3.28,8l07swLwBWALViJDFuMIgQ,#588CC7
6.497,3.283,tx3hOpU045NjCblesVuqVQ,#588CC7
6.498,3.268,n7OSIm7pWnpSLj6C8FWm_A,#588CC7
6.496,3.299,0lCoj-xB2A5ndOYGmcl1eg,#588CC7
6.499,3.252,ZeXpZMkd4mq8aRWtXw0wlQ,#588CC7
6.499,3.269,O6mJYjDQlUXn8Zi1bTCxPg,#588CC7
6.498,3.251,qccHzfAQZ8JBMkRWT5d1_A,#588CC7
6.55,3.254,VAOVgeQ92M8analmgw33Pg,#588CC7
6.551,3.255,nTnv1fKfHTxEchC2Ig6MrA,#588CC7
6.55,3.288,I3xzIN9ZxppiGo1EXo-l4Q,#588CC7
6.551,3.29,OKxAYZNtV6JH-EeTPssnpA,#588CC7
6.552,3.291,eaulgW7yudlUHeJSdRc46Q,#588CC7
6.552,3.257,25Z9BmUuYyFMmlvfehALmw,#588CC7
6.553,3.258,wfzQ0OYHcUcIAgJNOWw9Dw,#588CC7
6.554,3.26,IpJ-RScRm3UGDGgkb52YIA,#588CC7
6.553,3.276,TpW5Haern_qsFR3e3jd-ig,#588CC7
6.554,3.277,zB_s9y-S1GKYqWVgmRKT4g,#588CC7
6.554,3.294,uydB40EFqjX4w7_R998L5g,#588CC7
6.553,3.293,oG_cU5UdydbCM-jgzRNxEw,#588CC7
6.555,3.296,0BkbI49smF5JSudMC4DmFQ,#588CC7
6.555,3.261,tcZVWw-GTeDkTJCECLhQew,#588CC7
6.555,3.279,hQ9lhNmY5EoRUY_PQe6fQQ,#588CC7
6.556,3.263,71Gr5311y6JdE5FPGI9Zfg,#588CC7
6.556,3.28,sWe9v8A-NbadGJb1YtDBYw,#588CC7
6.556,3.297,Zw98lS4UQxEy5dznuIz-1Q,#588CC7
6.557,3.265,6y8s0vyTW8ElWKziUXe5TQ,#588CC7
6.558,3.266,wV-QakaBi9ufZmSTHPFOug,#588CC7
6.557,3.282,vRJL-nphTytKEJM7pn_osQ,#588CC7
6.557,3.299,KV9iCNm-Nt23h-diM5NTxg,#588CC7
6.559,3.268,DFAjn7ZtVhZfKGI664eT-A,#588CC7
6.559,3.251,ry18KoCald7vNtOZ0ZBPBw,#588CC7
6.558,3.283,_Zq9IIQo9gXYKhBsDj0i8A,#588CC7
6.56,3.252,Et0tciy75SSlbu8THc2qWQ,#588CC7
6.56,3.269,CjyDpuz7tFBidENmYUzGXw,#588CC7
6.561,3.288,1SDeUIEL8bCjUijQwbehcg,#588CC7
6.561,3.254,vgJdZEstfHnqAmW4YKDfCg,#588CC7
6.561,3.271,xYnszOmRJQIla7el6oE5bg,#588CC7
6.562,3.29,ltRuozvGIPbM5R1zwIcGDA,#588CC7
6.562,3.255,6Q8nT9QRI0NvMgNf5Cplsw,#588CC7
6.562,3.272,VA1KXruROOTox_oYPO7bQQ,#588CC7
6.563,3.257,nXkFdn8qBMyYoqINhSJEtQ,#588CC7
6.563,3.274,4wuzNpU_r7RQc5iZsPTjtw,#588CC7
6.563,3.291,kOD93Bw1fxhpjn7_195toA,#588CC7
6.564,3.258,xrX2VOxi_mHCqCb0vsUuWA,#588CC7
6.564,3.293,ft8iw0sR00c-VHLoGCw1iQ,#588CC7
6.564,3.275,XNm20uxuVR49h4U8YnPTGQ,#588CC7
6.565,3.26,7LjwtFRhjRHt3YCEPgRfxA,#588CC7
6.565,3.294,kiXOjOVNeXQul1iGmJYw8w,#588CC7
6.565,3.277,AhX3GaQr4WZXIDotauF8hg,#588CC7
6.566,3.261,9rBSVeLGv3dFvpJpRFE5kw,#588CC7
6.566,3.279,GwTmWS3ARpR1h8JxI7m8Gw,#588CC7
6.566,3.296,FK66wD2igB_AiXyUKZyxNw,#588CC7
6.567,3.263,ApX42SgnSdUwtx9qIPf8Cw,#588CC7
6.567,3.297,r0_ZH8ExLQ9xC9y7acsJdg,#588CC7
6.567,3.28,j0NdU2bZ7sdHQglH1FNUNA,#588CC7
6.568,3.264,t-GjxVNb_-pKnmMLXVNISg,#588CC7
6.568,3.282,UwqeLMLs5iV4qlGRDILHyQ,#588CC7
6.568,3.299,K0iae5YrPYZjgGtccHHuRw,#588CC7
6.569,3.283,yBx7dBbkxaE1w5EBI1jyow,#588CC7
6.57,3.25,ql5zeaMsTM44SW79hVw2BA,#588CC7
6.57,3.285,QPUg52fMfQi437Eqsd4gUw,#588CC7
6.571,3.286,l4cSeRLN6kNuzn7pqR8ePw,#588CC7
6.571,3.252,emFfPSo54oKdAKb-oDYd3g,#588CC7
6.572,3.254,DimHkY7di3MBXF1w1jSnfg,#588CC7
6.572,3.271,H4QcY_y0DAXWOLhhZw13JA,#588CC7
6.571,3.269,NnsXD2oDhiUfkoFL95mTIA,#588CC7
6.572,3.288,J-DL2lAPEKOE5abxEjRcTA,#588CC7
6.573,3.255,4YbuCqrKm2IxUgj0JmxWhg,#588CC7
6.573,3.272,bZePbKBGzrE3H2MJsBC-sg,#588CC7
6.573,3.289,eP8l8KxndXRaS8M6d1EqVQ,#588CC7
6.574,3.257,6EcrYh8Cjo9FfjuvD3i_fQ,#588CC7
6.574,3.274,KhJKtDkAvoXt1HVC0V7t-A,#588CC7
6.575,3.275,5rlz6V5vNKQk9XiCKnDcJQ,#588CC7
6.575,3.258,p4UXLqSjHyXXKrXMtQqgpg,#588CC7
6.576,3.277,o71NYWfv8A4eWTyE3PJ3mg,#588CC7
6.576,3.26,JtkOlCxhXJM8Nw7f9XJckQ,#588CC7
6.576,3.294,BAiS3oxhuCeB3PuGEbmeug,#588CC7
6.577,3.261,9wwW9TgvP6UQGGNZbKr-Fw,#588CC7
6.577,3.278,ePaIgQ27kR6nUu14Qxnf-Q,#588CC7
6.578,3.263,ErhHZjxZsra7blVjc98Abg,#588CC7
6.578,3.28,vX_cNTWf16ZXQI7ed4_6iA,#588CC7
6.579,3.282,0w2uVZavk8T0h2XDzD-vPw,#588CC7
6.58,3.283,Y7W387iVcXGXWfVYnGvLTg,#588CC7
6.581,3.267,3c7X8egCCYXKN4K5iUWaAg,#588CC7
6.581,3.285,Uk5v8T4J-6xajURbU7uFOw,#588CC7
6.582,3.286,Z0kN1yub_RZQVH02lfdDFQ,#588CC7
6.582,3.269,fyulal0IP7Op7N4wBwHI0g,#588CC7
6.583,3.253,duQZMBnDTZ4Vw3BqyUcOZw,#588CC7
6.583,3.271,-wWZe5cFRv5oJMCHp9hytw,#588CC7
6.583,3.288,V8Cw1xBLfee8HVJBxEQTuA,#588CC7
6.584,3.255,piSQqX3tVpQzZuxe2nlpIg,#588CC7
6.584,3.272,60Pl20hnNvf-NxXljAIw0A,#588CC7
6.584,3.289,ydxdWP2QezuLcg7s5reQJg,#588CC7
6.585,3.257,4x5lSiXqxd-jUE2gwbWb4A,#588CC7
6.585,3.274,99sZCVvf2HljP7pf5kS4pQ,#588CC7
6.585,3.291,YNImK_6SaiRQnKkbnbKz9w,#588CC7
6.586,3.258,bEwN6qwvkETNkpGWNJnp8Q,#588CC7
6.586,3.275,V8_0K5vWHvrBzg0GyXXfAQ,#588CC7
6.586,3.292,iLj-YhFeCl-Qk0XWJrjcpQ,#588CC7
6.587,3.277,6bHhkpwA5uTNqPLDzKbSmA,#588CC7
6.587,3.26,--_mIvijW8OU2qlGAvztCQ,#588CC7
6.588,3.261,CO5bI8evWL63fsnsV8HHTA,#588CC7
6.587,3.294,dM2P7WZMo38x2uPoBRkbqw,#588CC7
6.588,3.278,rGEDp74XPFEI7wGGOYYpDw,#588CC7
6.588,3.296,MxlWuKNLsvzbTDGIgnMOiA,#588CC7
6.589,3.263,aOwlVvIyESODPndiwzXOYw,#588CC7
6.589,3.28,Yn5nQYRe-V93urgWMYhxUQ,#588CC7
6.589,3.297,-yB4WNjsxMKAJRG1DUnALA,#588CC7
6.59,3.264,RT7hrAUgbo7heZTNJp9LWQ,#588CC7
6.59,3.281,fU8vxMjT8kPhM4P5KbHYxw,#588CC7
6.59,3.299,Ysit8f2UG-UIVA9_CcDmVQ,#588CC7
6.591,3.266,4qu3jmZm82ZzusSfRQdd-g,#588CC7
6.591,3.283,xflN4N4y_MCqRpe9Qm7opA,#588CC7
6.592,3.25,aMXx8bw2n6RToly0lJRwMQ,#588CC7
6.592,3.267,pCZV1bJRBwrnHUwaHf9hlA,#588CC7
6.592,3.285,-geQa8-klWWCTtQDj_o4XA,#588CC7
6.593,3.252,mpbzKZ1jaXUxhEYqdmEYMg,#588CC7
6.593,3.269,gN7c-vNwEWcIpF5bPrEWrA,#588CC7
6.594,3.253,rvT9rYfS3hOoVf6OrWXOdg,#588CC7
6.593,3.286,TZ4DXEr3QHpRDHtcDWcilA,#588CC7
6.595,3.255,o-oPvVXFWbQKVPipVDqQjg,#588CC7
6.594,3.288,1zvupOug5-7qfaODQjkS9w,#588CC7
6.595,3.272,YckZ3qExkz1RNJFMHOyh3A,#588CC7
6.596,3.256,2FCynaaSP7pZoQGKWvQdOA,#588CC7
6.595,3.289,BCgW93ix1YgpJUfDvYey2A,#588CC7
6.597,3.258,UZOjrmJyrL1BgOJ4y1MLkQ,#588CC7
6.596,3.291,ReQxXyZ4LUCd_ZWD3iLqDA,#588CC7
6.597,3.292,yMPFFQNLTI7QoJKqDiyUHA,#588CC7
6.598,3.277,cflXvi61p7Y8JfpNyuOyaw,#588CC7
6.598,3.294,MZNNcBA_JYZ0P7Y8p3DWKA,#588CC7
6.599,3.295,XOhYuezWvIVfI6hHSNcnig,#588CC7
6.6,3.28,hVK8b9ZiEov6F4efjRB3fw,#588CC7
6.6,3.297,RMrR50qP9QY57kRtvegZhA,#588CC7
6.601,3.281,ScfwJM1mRuoGJ89GNWBYUw,#588CC7
6.601,3.299,F6smMEy1mEW8cBuHEx0Q3A,#588CC7
6.602,3.283,qgQjSLSBIdsFOOO9PPsKUQ,#588CC7
6.603,3.267,sbw6ZxJFhxtz_q4SypsZCg,#588CC7
6.604,3.252,H3mS9j66gEY3e_DZFw-cLQ,#588CC7
6.604,3.269,mIqefT-I4rvJwqdEEt9mUQ,#588CC7
6.604,3.286,6nEU8xComUPRZL78A8uRdA,#588CC7
6.605,3.27,TYemm_ojX39NEwO1FOFbXQ,#588CC7
6.605,3.253,TylFlbL0kbJWulnvnCT1NQ,#588CC7
6.606,3.255,Y7-KIUlcYxxbk_rES6IdNA,#588CC7
6.607,3.256,yhDbeoSnm9NMVGX-yPxK1w,#588CC7
6.605,3.288,aU2sdkUKA8YMG6oIS4KBFQ,#588CC7
6.606,3.272,zqFzCVREwjOIIqRGm5FD_g,#588CC7
6.606,3.289,rYNm5Ajl54LVPO078tPNrg,#588CC7
6.607,3.274,ZMw0Y7bQ8xluggwYqNbP4w,#588CC7
6.607,3.291,3iYvMapo4zonP5B2BNrFFg,#588CC7
6.608,3.258,ylqy_hi1j0qQ71VRSM7ISA,#588CC7
6.608,3.275,-Zbt66nUjYpQxs1kxUUe-w,#588CC7
6.608,3.292,FSwGS55o372UjvveQVJsug,#588CC7
6.609,3.259,G0BY4tchHcMLKq9RgQFHlA,#588CC7
6.609,3.277,uLmnL-f2ua7QSOqhGfBy5Q,#588CC7
6.609,3.294,XdwL9VT4d7lcmw-ROTsZaA,#588CC7
6.61,3.278,5VGaPzE4rJzAEDhRR0RfrQ,#588CC7
6.61,3.261,zdcWZafC1WdcVZvB5scJYg,#588CC7
6.61,3.295,N9mO03tNvvSrS-S8DGQ_5g,#588CC7
6.611,3.263,IZeprrkvHmuVlT_9oGFjlQ,#588CC7
6.611,3.28,H7mJKG3XuvSRJXHBvVzb4g,#588CC7
6.611,3.297,wX8fpiVJIrU8_QEiV5_j_Q,#588CC7
6.612,3.264,s2VISHTA08XI7XvJAku1BA,#588CC7
6.612,3.281,ut8yDfFITCGSouxOB70f8w,#588CC7
6.613,3.266,oLlRQJ_3ODnILTN4zgMuYg,#588CC7
6.614,3.284,S98-zHd2ywwJ00f3NLhjxg,#588CC7
6.614,3.267,9vFU7hnfNqn0T_XjKR57BQ,#588CC7
6.615,3.252,efqVoG_VaWFf0t2ufm6lJg,#588CC7
6.613,3.283,ZjzYJPqmg5xtJxONh0lnzQ,#588CC7
6.614,3.25,k85YCBsuA7yej4Ga0tZ7Tg,#588CC7
6.615,3.269,rqz3eSHy5qj6fcWurLS7DA,#588CC7
6.615,3.286,V5MnQ1_1OX9oQbaAr9_Wbw,#588CC7
6.616,3.253,J-u5g1qI_PaW07L0obXCvA,#588CC7
6.616,3.27,hqaLJYpsJ6vP3v4nLdJrew,#588CC7
6.617,3.289,9zxkj32dpFuQZHbM0oBgQw,#588CC7
6.617,3.272,g6rg9vj6iaDgmkbf1g7zJw,#588CC7
6.618,3.256,drm_u9Eipq2qCEkFPlE1TQ,#588CC7
6.617,3.255,OMRVPzzsp9fCUC1yg75P8w,#588CC7
6.618,3.291,tEj_Edix5pLrsask7pKOzw,#588CC7
6.619,3.292,uZJDyn6tVC2ymgOGeV_6Mw,#588CC7
6.62,3.259,P7T7FLwgW4pus-0uRipMAQ,#588CC7
6.62,3.277,uQStYxqS_M4GCTehR6nrsg,#588CC7
6.621,3.278,GA9CsxG_TYUn_TUo7NkNyA,#588CC7
6.621,3.295,ZAyCMqI9BvynDPGEvHSbIQ,#588CC7
6.62,3.294,tZ4xU2hEOi3aJb-JrlOkkQ,#588CC7
6.622,3.262,xhCf72Tse_wzsHRWFBEP8g,#588CC7
6.621,3.261,0F0SFCvdMW6fHQOtpnXHSg,#588CC7
6.622,3.28,sf2QrDfbh4wM8na6sqiJWw,#588CC7
6.622,3.297,8p63ARYnctj8kvFh6PrBWQ,#588CC7
6.623,3.264,xE1zGSacbyE-aUR8DttdGA,#588CC7
6.623,3.281,ik8C_ZtVwttdQgU_lVIAVw,#588CC7
6.623,3.298,FW5LR2LBWCBZVeieZn5lQQ,#588CC7
6.626,3.251,Vd0kY3fvNs8WWUAIiBMkjw,#588CC7
6.625,3.25,ZvTymLgZTU6v4q1CvaYtYA,#588CC7
6.626,3.269,Nbcc21ZKu_iTI7Fw5bRPpQ,#588CC7
6.626,3.286,hAawPOhmXkeyIM-vmMNo2Q,#588CC7
6.627,3.253,UxuV5Eeco7Ve81T8kUISPg,#588CC7
6.628,3.255,nV63Dh8qvATFPdjAWuDVjQ,#588CC7
6.627,3.27,3mCP-saqHlEzylFbwRnhfQ,#588CC7
6.627,3.287,j8WqZ2Wdzi1HVrycRIUKtQ,#588CC7
6.628,3.272,dFp6cNhczpbwj0tsblZE1g,#588CC7
6.629,3.273,qsia34B1SOn-zVrp4iJc7w,#588CC7
6.628,3.289,kQiR56oIlwJSe2CRYqV99A,#588CC7
6.629,3.29,CrSumdEnfJTpiAjK7VjcQg,#588CC7
6.63,3.275,0ZdRtfHqprxjEkTwWshbHA,#588CC7
6.63,3.292,6tK46V_rNAKcwN6U4StFHg,#588CC7
6.631,3.259,ricIvsXXwbOdj7SuPI-YBg,#588CC7
6.632,3.261,JLO1vkqhLT_74JeqnJNwnQ,#588CC7
6.631,3.294,74nI1KLuEFrhs6S4ZTdWWQ,#588CC7
6.631,3.276,QapzcpFxvNUwUs7Ij5w5FA,#588CC7
6.632,3.278,x0styMMmrUY1qN5HsA_xJg,#588CC7
6.633,3.28,Q6qM4J6A570HQsJJ_fUKdw,#588CC7
6.632,3.295,8_Vp4WFXHJnY9jUMjXnadA,#588CC7
6.633,3.262,TYMySNJKcrC6UR8m0Pd7Eg,#588CC7
6.633,3.297,TNjtEmPOCCP7RuZwqLRCxw,#588CC7
6.634,3.264,kTm1GiZ27jcuxExBiowsNg,#588CC7
6.634,3.281,zsBdfJu18Rvk4Lq6BHsOWw,#588CC7
6.634,3.298,XBNW_yLxc7CxgzHHFp3W5w,#588CC7
6.635,3.265,rKs0Ote-NWLt0Dsent1o9w,#588CC7
6.635,3.283,vSXAVT6W7H5CHNLqoCF4bg,#588CC7
6.636,3.25,kk3NDwNUmXRco96wqpzs6Q,#588CC7
6.636,3.267,bay_AA4U0uM4iMep195SYg,#588CC7
6.636,3.284,ESnzAPJV5KbqsRmCXBl-VQ,#588CC7
6.637,3.269,vwx__BcateJ9G3irdhKpgw,#588CC7
6.637,3.251,P2AhfglyGfstSejOqvhJeA,#588CC7
6.637,3.286,KYYd4XUjgobdFgNn1MFFkw,#588CC7
6.638,3.253,r-OxkIigZljdHKEBXY9EhA,#588CC7
6.638,3.287,Nkp6xVCJ3v1o4SYDRs4AqA,#588CC7
6.639,3.254,9o8jjferEioUWHc2ckOoOg,#588CC7
6.638,3.27,NMGpK0KOudiagPUimCZHMQ,#588CC7
6.639,3.272,MSeZUTU5acYgt6V2blZ6Aw,#588CC7
6.639,3.289,U_h-w_YDkZzsWMng8xUfQw,#588CC7
6.64,3.273,LGBL3pgycB0WYqRjykon-Q,#588CC7
6.64,3.256,MslFwTyCGdAODWHpJ4RDEQ,#588CC7
6.64,3.29,y9RiXzv3DTtdNqtZD_gIyg,#588CC7
6.641,3.258,zYgfYVQygrv6dM_ZQ1gRSg,#588CC7
6.641,3.275,RZX_PO29qS8tjiviok6Big,#588CC7
6.641,3.292,LX0YE6kwSRerKIzxV0rxow,#588CC7
6.642,3.259,UZ9XR9tW04sZNQWRQdzpWg,#588CC7
6.642,3.294,3SLRdcOcYzQNDCjSqTT9eA,#588CC7
6.643,3.278,Q0ulZe4RZUJ8cIkt1-zTxA,#588CC7
6.642,3.276,FOIV7c2n1JrqP6h1aksmTA,#588CC7
6.643,3.261,rlnUomELqXJRHr1LhOsSkw,#588CC7
6.643,3.295,fDQCYowNYBZI7twYtitZdQ,#588CC7
6.644,3.297,x-YQUxID4XGRfWI6jqVp4w,#588CC7
6.644,3.262,gaeHVGl50nzNVIqksUdPKw,#588CC7
6.644,3.279,I7EhmzZtxcxh7EA8rJUOwA,#588CC7
6.645,3.281,pgVTm1_sqyO5RtIv4Rq0Rg,#588CC7
6.645,3.264,0qcQRC4DvUX2kyDy7R_JiQ,#588CC7
6.645,3.298,0m_OvxPWcTGop7gpclY4ag,#588CC7
6.646,3.283,cgkmGbJNeH-4ZtTZpDFtWw,#588CC7
6.646,3.265,k06gcVD13wniV-yF6wtKRw,#588CC7
6.647,3.25,FQg4UwcGJtGNiBKzxQ175g,#588CC7
6.647,3.267,NdrExSeLPZV0UgXyBsmqbA,#588CC7
6.647,3.284,sbdi5IjCRbNK4VIwIfFAVA,#588CC7
6.648,3.251,W-o1bKrNseX0_OyeY8C9og,#588CC7
6.648,3.268,TUSkrmpJxWKVzwW7rD9FoQ,#588CC7
6.649,3.253,hh-oBSvLLvy-fPJbU223yA,#588CC7
6.648,3.286,rSxSr3uVW4TSy848eHgGWg,#588CC7
6.649,3.27,sXQzooYz_98EwsdlyHbWiQ,#588CC7
6.649,3.287,ZV9WmOwmoH8V_Q44LA6Ayw,#588CC7
6.65,3.272,tNde2QOnDTtmgKTws3u42g,#588CC7
6.65,3.289,z13UJLggt5gF-puAhD6ltQ,#588CC7
6.65,3.254,6kVY40hHHvz9J8xkc1W_xA,#588CC7
6.45,3.323,ZSoZcu9ogn33BlKyo7nkQQ,#588CC7
6.45,3.34,ATdJ7MAfjVLVifg-eiEyqA,#588CC7
6.451,3.306,SFV8Ji48ao5oYaC_BjYI8g,#588CC7
6.45,3.306,ZiNEjQv7qmSt7a1opfCHHw,#588CC7
6.451,3.341,odpyhIbRAncnBSBa6QiDZA,#588CC7
6.452,3.341,EKM0-BN-eOHzl1lpgh7zrQ,#588CC7
6.453,3.308,9CdvP5w90Cqn8QcXFTjqig,#588CC7
6.453,3.342,0zl44sznC0YeGlfWjR3gzw,#588CC7
6.454,3.325,2TOtnZ5wEPRT3asVPF-GyA,#588CC7
6.454,3.308,HwrOTVNKMLpPCUH_NTpFXw,#588CC7
6.455,3.309,IdveGklW-VkH1yE7q5kSoQ,#588CC7
6.455,3.326,oHha4u2UvQkuZTR9u6kI1A,#588CC7
6.454,3.343,VVBlzKfFWp97nTywzlDS0w,#588CC7
6.455,3.343,D0GuY9CVABA-70ePmNNBlw,#588CC7
6.456,3.309,BvhWZXPuuocLf16grV2bHw,#588CC7
6.456,3.326,hYVOuEitBTa6IIo1QmaXag,#588CC7
6.456,3.344,05di-V9HTwk8j_MZpspR0Q,#588CC7
6.457,3.344,jDI79cJLtHgWihZBZX_sgQ,#588CC7
6.459,3.311,ygM84LJq96M4GAZ4P5RG6Q,#588CC7
6.458,3.328,Z9Pjput6DuHV_heFVxDrRQ,#588CC7
6.458,3.345,-9zSvGDrSc5imxZsINByMw,#588CC7
6.459,3.328,qxrg5skD0NWzExmufLm0Bg,#588CC7
6.459,3.345,FqtNRNoZapWAWQxQj2A7BQ,#588CC7
6.46,3.311,5WGVUHtZpd27qgqsUpAKTA,#588CC7
6.46,3.329,U-NBH7vbSvXHWsCeokyY5A,#588CC7
6.461,3.312,8dEWIRRBDYlO9qDhNpem3Q,#588CC7
6.46,3.346,-TlueSsn1w99MalCB8hYzQ,#588CC7
6.461,3.346,m4Conc1zHjinqes_guyoVw,#588CC7
6.461,3.329,KeGPROa8qPTOr7HbYdJckA,#588CC7
6.462,3.313,Qhq2MJGm0eDMUDHT-GIvvg,#588CC7
6.462,3.33,ljejekLYPTA0IZaw-Ghpmw,#588CC7
6.463,3.313,7vQdjJrKba2z2IT5plSORg,#588CC7
6.462,3.347,7pg-V5evZNcOsJ00fxZ9pg,#588CC7
6.463,3.33,6fqdE3cZWBIo3IHJ1FNemQ,#588CC7
6.463,3.347,B7uA0MURW6FuM4r_CPQgEQ,#588CC7
6.464,3.314,mTQkHLjCpiWNHl7XbWideQ,#588CC7
6.464,3.331,waefnavlC3k8fhJ04d_KyA,#588CC7
6.464,3.348,Ek9tF4wWOuZ0iN-gN2HXuQ,#588CC7
6.465,3.314,Hwyy7CXrJ7uP8y32K7MDLA,#588CC7
6.465,3.331,oMGU4QvzvVnPrYJXajBcfA,#588CC7
6.466,3.315,f4hV86Gk8-EVwiDQyzRyqg,#588CC7
6.466,3.332,IWsOllyvkyspbC8KDF_l1Q,#588CC7
6.465,3.349,8nSpQ1tFJnjut7mtOB6R1Q,#588CC7
6.466,3.349,rJW0jHfl_noa2zb1VbQawg,#588CC7
6.467,3.315,ZAQdIM-i0H2XfgXLFsWGiQ,#588CC7
6.467,3.333,0WOGiBtjen3zYeu2kpxlzw,#588CC7
6.467,3.35,yqkuYbJnB9jVccxSNi_voQ,#588CC7
6.468,3.333,7UUz5Dp8-8C_mR6hT9tFKA,#588CC7
6.468,3.316,4YiZMKSa0BX_hNhVfQxVEg,#588CC7
6.468,3.35,ijr-RNuJwcQLQovqYBjL3Q,#588CC7
6.469,3.334,AksuEStFUejkHkGmHG489A,#588CC7
6.47,3.3,ncIlUZBNAtO2QJiGs48DjA,#588CC7
6.47,3.334,KoRhwW9S4iZ5IJh6WM5W1w,#588CC7
6.47,3.317,PgmNCi3x-VchuFH7YmNXtw,#588CC7
6.471,3.318,CVKCEP70NKexb2vkOgF6ng,#588CC7
6.471,3.335,qSR8kloFLYwnxOjpoNeSjw,#588CC7
6.472,3.335,vYckMvRdXVtYcgAv8SHsgw,#588CC7
6.472,3.318,cz8Ph8hoHfSFunUyFtGDWQ,#588CC7
6.473,3.336,QEeDr0Xb9sj6oUlD2dtTnQ,#588CC7
6.473,3.319,0WQlSay3aj1mV-2cRVwtwg,#588CC7
6.474,3.336,hyi5_OQc1nmx1sQi7uVcmA,#588CC7
6.474,3.319,Vbh6I7teJ6QFgjvBc-6dmw,#588CC7
6.475,3.32,_e_BbZ30hzJWVz_q5daMtw,#588CC7
6.475,3.303,FefNYT-GIDCV6Lo8T_KTzQ,#588CC7
6.476,3.303,rbXiRNB0ACKbXRmSpKozvQ,#588CC7
6.475,3.337,w9sq2KJSqire07GSLRsieQ,#588CC7
6.476,3.32,7uOlhIGgmgYz4w4qcsbVTA,#588CC7
6.476,3.337,nxrTECSNs3-11k14iUeISQ,#588CC7
6.477,3.338,_jBGLJVsOm9kt8ihkw_KzA,#588CC7
6.477,3.321,tViZTmSobT2opkpDLdEEsg,#588CC7
6.478,3.304,gAsIUDWrUoZ1D_wTp27bLA,#588CC7
6.478,3.339,fzalUBfVHo9mhn9zXq08Fg,#588CC7
6.479,3.305,U2DRcw1aSvMgE5qAN1Mf4w,#588CC7
6.479,3.339,rk0GQFNhM2ckw35-Dzjj0w,#588CC7
6.48,3.323,PMF9BpPzvZSGKxVxeMhIWw,#588CC7
6.481,3.306,2eF67oW9yju81eYjI-DPng,#588CC7
6.48,3.34,TyTDjgRFYaqSggzrlAsckg,#588CC7
6.481,3.323,_38CiD7BFYhHGyy7gTnFOA,#588CC7
6.481,3.34,w5tet2ZP-_7fqY9JK-Y4ew,#588CC7
6.482,3.306,JsSfMiy-AVRpqj6Cq63bFg,#588CC7
6.482,3.324,Y2wYO6dK6iOkY3oINz4adg,#588CC7
6.482,3.341,TNVUc8rLVawjZrICFgqdag,#588CC7
6.483,3.324,431ZGNvWbg6PYVWeqve7pQ,#588CC7
6.484,3.325,YTrLv11NNkyktdLonPLsiA,#588CC7
6.484,3.308,xIFk020JM9_aBj6wnCHXGg,#588CC7
6.483,3.341,bk6PppCkR3mubYR9nGCG0A,#588CC7
6.484,3.342,n_brqm9j-_f8lQxZnb9Ppw,#588CC7
6.485,3.325,6vHG9c4AGoT9M4QF13Pb8Q,#588CC7
6.485,3.342,qZlrlzHeweJA257mFjFAFw,#588CC7
6.486,3.309,gTpXwWu9e2YQoI3uDHuJgw,#588CC7
6.486,3.326,2LayUtQcetIqGY1-A3SREQ,#588CC7
6.486,3.343,krryI_HfSbAYDtTZJPQX_w,#588CC7
6.487,3.309,8Amyc-j1BErQ48NDOgteAw,#588CC7
6.487,3.326,da8ms9Mhf9Y8PNCJucpO1Q,#588CC7
6.488,3.31,adpFikwvtq6cYmndOmD0TA,#588CC7
6.488,3.327,mFOnsAM8z7J0WZRDWqXWug,#588CC7
6.488,3.344,FM669ETI7l91b-nfhCeo5w,#588CC7
6.489,3.328,7WaJNHCI93YIDVSE3MsQhA,#588CC7
6.489,3.31,d9T4SXn7MQ8DrhYBmJJDFQ,#588CC7
6.489,3.345,noQNrEeef2kgsNSR1pSbug,#588CC7
6.49,3.328,SVXJHfZnf-sLr9KoDg8WnQ,#588CC7
6.49,3.311,eaj-SZOt3OLjkb_qegw_tA,#588CC7
6.49,3.345,t9JR9yD6kvI_wUOhygm4Mg,#588CC7
6.491,3.329,0Jlq2R3euH2xJoW0Wt_F5w,#588CC7
6.492,3.329,6PslrJJG-71WX2oQWMDrRQ,#588CC7
6.493,3.313,c0JAB1Pgu10tgEropXKs3A,#588CC7
6.493,3.347,QQpwqfw5L_fnnu4x0bmYzA,#588CC7
6.493,3.33,Hz7yIHtyHuI8HGEVqwQ24g,#588CC7
6.494,3.313,kp5G7z4ZKXbnGam2kt0dDQ,#588CC7
6.494,3.33,E0IonqN2RB3TJ_BsVYmhYQ,#588CC7
6.495,3.331,NoNJhZyelrRozs016FsfZw,#588CC7
6.496,3.314,2QQ8yvCmfdX2wC-iFmJxJg,#588CC7
6.496,3.331,_ASpIUo-YXmigioOoBmNxQ,#588CC7
6.497,3.315,nlQbZUPsef-q1N6eVbGVsw,#588CC7
6.496,3.349,QXf3ad3kiY0r3lNQUN-S9Q,#588CC7
6.497,3.332,kia4JCCHYz0jgETY09LiAw,#588CC7
6.497,3.349,B-DkLCsV9Wg2S7SN6sz6Qg,#588CC7
6.498,3.315,HwH1LXfbgwYvDD4MazKv2g,#588CC7
6.498,3.332,t2cv0Kb8HMU74K2Av0W06A,#588CC7
6.498,3.35,28Y5dOC0tdrHFlmaF6IPzw,#588CC7
6.499,3.316,4Y68CHqNpfUjX9BxjTmsew,#588CC7
6.499,3.333,Zcps9X6lPOvG8fxBUcS-cw,#588CC7
6.499,3.35,PuPHpEj9MFaKsntm0jXa0A,#588CC7
6.501,3.3,HL8Aue9Go4NsE4gaYDsozA,#588CC7
6.5,3.316,ummXptfxgM7--J7goiv9Cw,#588CC7
6.5,3.334,KOqJvA_xtsmeuC47tEyPCA,#588CC7
6.501,3.317,Xgcj87f_oFbTwIL42Cq6ag,#588CC7
6.501,3.334,frf8ZvjNl7PBGNVEsGoAmQ,#588CC7
6.502,3.318,XBou3slVHwYzIQU-zS_haQ,#588CC7
6.502,3.3,UkCcccwjMU7GVA7nr0ZEfQ,#588CC7
6.503,3.301,wpfpQopaHN9K1irSPzqjAg,#588CC7
6.502,3.335,09GnggI1P2A7jP2AUY2mNQ,#588CC7
6.503,3.318,1dSh8DYlBVEHIP-aIP4jJA,#588CC7
6.504,3.301,7VjZUWdmiVRp6cJUAPEWBw,#588CC7
6.503,3.335,hC266M87CB7pdmOkDaxu9Q,#588CC7
6.504,3.319,ml52mqfor9XuhOSUmQd5lQ,#588CC7
6.504,3.336,GAb5e3-jvv7Wkce9rJDRKA,#588CC7
6.505,3.302,y2XJ7fDzOecGr0qvISaB-A,#588CC7
6.505,3.319,ORhH7exDpsCfS4JzlXf5nQ,#588CC7
6.506,3.303,E9arogYAjbWnPRDroN_ouA,#588CC7
6.505,3.336,eIQUP6aGUwb8D9EkiO73Jg,#588CC7
6.506,3.32,-AVGhmzzjYgvtQXIHaUcgw,#588CC7
6.506,3.337,-CzrD1lQBeXcA6pFyPs96Q,#588CC7
6.507,3.32,9CwXM9YzViaMBKCrfeclTA,#588CC7
6.507,3.303,u4TzT2fcSZuEhcZdS6cg6w,#588CC7
6.507,3.337,I0yJPzBVGgMeexVccXS28A,#588CC7
6.508,3.304,M0PCP1m_hUFO8Q7-MYf_8g,#588CC7
6.508,3.321,6EPpUzjDbBTQQeFKJrhVhg,#588CC7
6.508,3.338,XcXjBpRinvtiJh84AmcztQ,#588CC7
6.509,3.304,0W6rVUL5u4rBHpcKY7hP1w,#588CC7
6.509,3.321,UV6RoFbpaO_0bS0Odls7mg,#588CC7
6.509,3.339,Dtuk10UBXeqQhcE_rMgqvg,#588CC7
6.51,3.305,CC-fYWvtqdudIrArnNakEg,#588CC7
6.51,3.339,Rhs1g0xwgAi8keYsxb8arw,#588CC7
6.51,3.322,owIkEig0mvlEJfhEQI0p9g,#588CC7
6.511,3.305,1o8xeKmF_JaHvOMfmv67Ew,#588CC7
6.511,3.322,1WIcwC9aXWFk9091LnsRwQ,#588CC7
6.511,3.34,vfIDf0PV51RF05d_3sDynQ,#588CC7
6.512,3.306,UDG3sYzdgf1wJCKOWzBYIw,#588CC7
6.513,3.306,djNIQHQ3OuFz2-kIdzjOLg,#588CC7
6.512,3.34,8Dm4y_G3b34VSfsgDghGVg,#588CC7
6.512,3.323,820W5r_sNDrtEGBNMUzwjA,#588CC7
6.513,3.324,BWm35Ie2_-Y_QMmWlWubeQ,#588CC7
6.513,3.341,sCIoGopCPPC3Ivu03EieVw,#588CC7
6.514,3.307,_QIMRFFtpJmnxUH35i16-g,#588CC7
6.514,3.324,RVLvwvPawm0Tk4xVG8Tv8Q,#588CC7
6.514,3.341,t-a9tnDF6zMJMMPkk489yg,#588CC7
6.515,3.308,tXsAuI6c8Dkrg2OfJh_jLQ,#588CC7
6.515,3.342,N3nPf4QtbsvWf-zYwRroYA,#588CC7
6.516,3.308,2ZzVZcNo3Sz6Iuk51t9u0w,#588CC7
6.517,3.309,80uICAXzOzwVJPkXqhi43w,#588CC7
6.518,3.309,JbdX6hwIj4HkbBTHG366VQ,#588CC7
6.517,3.343,M3XNW8euAzbOGGO436V8Hg,#588CC7
6.518,3.326,UiKps55Xiyv72ks9gBc19g,#588CC7
6.518,3.344,Orl66FvQtXIVWVRW-p8lIQ,#588CC7
6.519,3.327,UOeOEFukWd9j2bu60HIVaQ,#588CC7
6.519,3.344,FYT-ObIRF5XiHge8cjZviA,#588CC7
6.52,3.327,H2ZMZZakMXlnORzFmJHELg,#588CC7
6.52,3.345,bS0IN73OmQ1hgpeE1rA-rg,#588CC7
6.521,3.311,J4sTDN2Xj7jkkpc2UUC8Zw,#588CC7
6.521,3.328,LyQMAyKBYrWNxDHjpPEnaA,#588CC7
6.522,3.329,HNwFavUkzYiWPtHeOUfyKA,#588CC7
6.522,3.311,IRZPbwzzVLPU8Tiol8a5Rg,#588CC7
6.521,3.345,8GD0R8CiKhmP075DfIyKow,#588CC7
6.522,3.346,5QQR14KbM55vawy3Wabstw,#588CC7
6.523,3.312,chdFSrE4k7OOkNZCS6U8pw,#588CC7
6.523,3.346,kjO-l8lWS87uP_d3L7fBYA,#588CC7
6.524,3.312,mmwdklyHklMlez29ZrJCEg,#588CC7
6.524,3.33,CuydrqMpmCNy4v282Su88Q,#588CC7
6.524,3.347,BsalonFlb6tVzVkMPXbFtA,#588CC7
6.525,3.313,MxzPpxFi_UbP1FhAyrgQXQ,#588CC7
6.525,3.347,ft0etrgcJSzSCeMRyo8TNQ,#588CC7
6.526,3.314,iMFJ6uwUJ0ejzzaM_uW-dw,#588CC7
6.525,3.33,ovX5cnYBPKGw9scLlPwSbA,#588CC7
6.526,3.331,QAG-plMMFHDNQba3weh32w,#588CC7
6.527,3.314,ijmzajTsH00P8IXgf4mCQQ,#588CC7
6.526,3.348,NC3dZcCtSxYEA9zlvNFMHw,#588CC7
6.527,3.331,_14LIG2l2NCS42BiE8KfuQ,#588CC7
6.528,3.315,8uP0WvERcrVeg6PqMdEL2Q,#588CC7
6.527,3.349,HMMvlKp5K8_Ebx9GGvtrTA,#588CC7
6.528,3.349,mRiOcZCtqPUUTX0ewZfktg,#588CC7
6.529,3.315,DDiRyNtfpzPw_XWYaE_8Ng,#588CC7
6.53,3.316,jgxGKidBRUJtddR81cc-bw,#588CC7
6.529,3.35,7_Jsa7LGA-DinceZlUFLBw,#588CC7
6.531,3.316,vUYjR8jtk2t8YBJBPPP0AA,#588CC7
6.531,3.334,UBF7COPuNchf-nQhuig6Gg,#588CC7
6.53,3.35,-4OLvcaCc9_COHduKs7ZjA,#588CC7
6.532,3.317,No_5it5XGwcvSxZ2J59I5g,#588CC7
6.532,3.3,ZHOrn42FQUzKj0sDBliBeQ,#588CC7
6.532,3.334,7ZhJQQBI3QUxs9w3t8tp6g,#588CC7
6.533,3.3,TLGMQNtCKtEVMBwKCLDSow,#588CC7
6.533,3.317,H54l8D6JzGSEyIbSVifmoQ,#588CC7
6.534,3.301,DhR6JIXoO-EPQz5mjHoW1g,#588CC7
6.534,3.318,_tDUo9ZOE6aPzTszn74J_g,#588CC7
6.535,3.301,o_ze6jPGggbgR8Vql0FWlA,#588CC7
6.535,3.319,nyeldHpkZjwv80D_vA6iqw,#588CC7
6.535,3.336,SxwVhy2hFbA6KsKhKMtvtQ,#588CC7
6.534,3.335,VvQ4KOO1fZji_nxkKud2FQ,#588CC7
6.536,3.302,TkEg9lPr-QisH-PvzKoOeA,#588CC7
6.536,3.319,cvrEh4yemqbGrLFZ-DMyAQ,#588CC7
6.536,3.336,wvnCL_K2J3NG1Oap60yLJw,#588CC7
6.537,3.32,I4Xowp5d3PD43lbrU56LLw,#588CC7
6.537,3.303,2YFIaaPKFR90NqtxF8nbWA,#588CC7
6.537,3.337,HqdajfuzZGnZH_ovbSgU5w,#588CC7
6.538,3.303,8efcFB8nzO1hs7OTBLGuOw,#588CC7
6.538,3.337,q1dUgDqcly8vLrzDFUEwUA,#588CC7
6.538,3.32,up1kr2KjNqWkfEyFOD6wiA,#588CC7
6.539,3.304,c7gxGIJNa-tXyZQgGHdnfw,#588CC7
6.539,3.321,MJLTZMfE6RDCyE6gYelUOQ,#588CC7
6.54,3.304,2ofyIXl5l2U3g9WF-gToww,#588CC7
6.54,3.321,oeL28Hri208xVwwwsNf-lw,#588CC7
6.54,3.339,rrKmbBTlzsxRi2X7wOK8UA,#588CC7
6.541,3.322,OCDjRs1lNOZwl7054qDdfg,#588CC7
6.541,3.339,wtMl6eACGWNTJDILuYpxBg,#588CC7
6.542,3.322,s9FJ79ZBNja_JepwdFePKA,#588CC7
6.542,3.34,pAcsGTL3tYc_rxlUhrAH5A,#588CC7
6.543,3.306,mFjdt3WqvFxyDH8RDc3iTQ,#588CC7
6.543,3.323,t9AVsw0nluNINKKADy55TQ,#588CC7
6.545,3.307,ng-tj7Md7i8ZdSJ-h49hfA,#588CC7
6.545,3.324,dQqd_GanVK0-cVWgIQXLpg,#588CC7
6.543,3.34,h5Y1yuVSx9rqU9rVuwlM_g,#588CC7
6.546,3.325,iYVoR9bGcbvbdr3LA31pQg,#588CC7
6.546,3.307,teR7UKaV52-fyuYnOUGNag,#588CC7
6.545,3.341,Iy43O2jlp8e42wOK2FQz7Q,#588CC7
6.547,3.325,DXAsB1Z2VGC9lVlLFrNIyw,#588CC7
6.547,3.308,1xTjdgeeL1h-yjssoaqgbw,#588CC7
6.548,3.309,I6TVKHnIjzFJLIZaGS1jng,#588CC7
6.548,3.326,GXHMTzVyHKLs9TzokaorHg,#588CC7
6.549,3.309,JA-S0u35JTqtnhDzwLGqKQ,#588CC7
6.549,3.326,3V2hbJ0RNHCxS9VM9wbPRA,#588CC7
6.55,3.327,i8c42M-X5mizu8FWMJ9qRw,#588CC7
6.551,3.327,xODiqqr8yzoM4mH8nRZvYQ,#588CC7
6.552,3.328,bPGXe-SBzoZPDYwFoXpBzw,#588CC7
6.553,3.329,L-p2a5bWpsWgYlhq_uwbqA,#588CC7
6.553,3.346,9JF7ID8brrgmuezqryuVfw,#588CC7
6.554,3.329,0Jtd-E3rA6SrDt9S5IfRrA,#588CC7
6.555,3.33,I6yB3n9NlAQyhHjuGKwt0w,#588CC7
6.554,3.346,tidno9_GK7Ur6oM3o7ATQA,#588CC7
6.555,3.347,SRjF6YxbsEKl9MGsgWib0w,#588CC7
6.556,3.33,82BNcNb3B-1QuL9S5rGUXQ,#588CC7
6.556,3.347,ZrfgIqm42Mb_781f_0_img,#588CC7
6.557,3.331,DS6FVATcaoHY3lnIxYp0Nw,#588CC7
6.557,3.348,OPEgYvGP82pm0CxCwBeflw,#588CC7
6.558,3.331,x4JUG5jwwmGIZRf1-QQ9Ug,#588CC7
6.558,3.348,djd0N5z9ia4SYdm-IqfAew,#588CC7
6.559,3.349,7V6gzz_j-OwOeefrtKH4Cw,#588CC7
6.559,3.332,98rRyNVrTz835KMxAmrBew,#588CC7
6.56,3.332,nvYEMAQqqaFrsZCS77GbrQ,#588CC7
6.56,3.35,YKUC_2k1o5m4MGXmTPnwyA,#588CC7
6.561,3.333,BuDy8tl3Ei9f7dMEvxVpUA,#588CC7
6.561,3.35,uKm4c1q6m6qkDgb6UbKa7A,#588CC7
6.562,3.334,eSa1fP7jkem5MTbxbfiYQw,#588CC7
6.563,3.3,UVN0_l-ztaWzIJvwKrYMUA,#588CC7
6.563,3.334,1eYKyNk8ESd1fHZR7HtjAw,#588CC7
6.564,3.3,w2Ur-fLTHYkJMLxHRfiQzA,#588CC7
6.564,3.335,pbw0e3r_iV7Eyz-c6rm84A,#588CC7
6.565,3.301,kXDmlsm2SOpeREYSw_JQOw,#588CC7
6.565,3.335,IlEnNK2oZQOex6wEHQH8RA,#588CC7
6.566,3.301,o4eXIuyHukPle7DwdVWv1g,#588CC7
6.567,3.302,_-Vlus_Zfc1SeOO9LC_95A,#588CC7
6.566,3.336,8Gf079_varRIPnjIthZ9IQ,#588CC7
6.567,3.336,Bp4u9LfNKFfam-076gL6Rg,#588CC7
6.568,3.302,E18XClOXSzvO23IL6lkBBA,#588CC7
6.568,3.337,c7MmQaA5ZDViJOFeSfYrOQ,#588CC7
6.569,3.303,Mr_CSWhUVADCKYqTGRbZBw,#588CC7
6.569,3.337,hIIVMmRnIHcSaoywODxx3g,#588CC7
6.568,3.32,Lj6g9nTshJFsWc15vj0jMQ,#588CC7
6.57,3.321,T1jqQs-4-Rl_Qf1h8wuNSA,#588CC7
6.57,3.338,fgCR-NxFuOYd3i5H3d5R1Q,#588CC7
6.57,3.304,xIenJfrHC_xpBmxjOntjCQ,#588CC7
6.571,3.304,ineEXDrtLRXWyT8cMHQn4Q,#588CC7
6.571,3.321,RI4P17Tp0vMl0vQO7-LRHg,#588CC7
6.572,3.305,MXoLfSBSYXqclGXKB0cdWg,#588CC7
6.572,3.322,weORIE7sXHnoVFqHBg5weg,#588CC7
6.571,3.338,_YYZqO4_CqbsuMKuAZKrsg,#588CC7
6.573,3.305,SR1SFn3QXkNxrFLdImzrqA,#588CC7
6.573,3.322,qJljRrLdlhjA6fTTiNhPvw,#588CC7
6.573,3.34,9UzliLmePYRx_u62dHG95g,#588CC7
6.574,3.306,DAk4tQsEotEH1zGukZxS6w,#588CC7
6.574,3.323,eUOfj7xetRpdmSZXJILPxA,#588CC7
6.574,3.34,Z7FazhR1fT4DWhBwqn2M_g,#588CC7
6.575,3.306,yGU5VBrAHsXIE6XABgmn1w,#588CC7
6.575,3.324,tOeKrn5hKBzJ4kUmoEQkQw,#588CC7
6.576,3.324,-PN5O_aiZlF4PzMukzgU_w,#588CC7
6.575,3.341,ks_i6fsQR8cjD8Xps2t50g,#588CC7
6.577,3.307,rvoAutZbwsblUNe0WlR6Mg,#588CC7
6.576,3.307,CofIcW7Bd8-nID1SgiXVsQ,#588CC7
6.576,3.341,jRTYkX6l-MhkbfgRDJfo4g,#588CC7
6.577,3.325,gTTrmOsk_22qU8RY9Fz31w,#588CC7
6.577,3.342,oMktVR_HdKnQhu9e-Vul5g,#588CC7
6.578,3.308,REYpceu9f50h1pTtlbGpDw,#588CC7
6.578,3.325,ALgO78XAhMpu0w3mOg3d6w,#588CC7
6.578,3.342,bz_MxiS13o_K9J696ucj_g,#588CC7
6.58,3.309,wQGLGDeuMJDgqDpBqGWKFQ,#588CC7
6.58,3.326,DPCAgsP5YNONqjn9k86kiA,#588CC7
6.579,3.343,okOG-pMH7rcZ8ExghjcS-Q,#588CC7
6.58,3.343,y8GxG8b8rB8jsrz0La8sAw,#588CC7
6.582,3.345,cZDPeJo1_LZbmNp1vh5PQw,#588CC7
6.581,3.344,dx-CwftqIRlOUPuUUa-VvA,#588CC7
6.583,3.345,n45JCHny9vOBMIm2Z_y0VA,#588CC7
6.586,3.347,Tp1312YoWoHFaNnU3eD36w,#588CC7
6.587,3.347,TnmiFZ-oUyyeBEr9VMHA2A,#588CC7
6.59,3.332,CAoSFkNJSE0wb2dLRUlDQWdJRGNyX1M5Q2c.,#588CC7
6.591,3.332,oXL8Z7TUjKLXIStu4mej9Q,#588CC7
6.591,3.35,WjGgX523U7u447apV-_WCQ,#588CC7
6.592,3.35,i3KaWxBOYtkxkaCTz-pOaA,#588CC7
6.594,3.3,jlkXPpVQhKv08l1QrM1tqg,#588CC7
6.595,3.3,ybXAbqJ8cgEXC3pKE70msg,#588CC7
6.595,3.335,YssARHW38oJppcvCmLohTw,#588CC7
6.596,3.301,BluBIRLVmpveXq06RpQUOw,#588CC7
6.596,3.335,1hdLuOs9Vrvx6J-r9b0IRg,#588CC7
6.597,3.301,VWzwOjd4BGXuOlFQlN5ufg,#588CC7
6.598,3.302,6_kp3TqkQ9EZYi4Kwq_r0w,#588CC7
6.597,3.336,2HsuVOyuTnC0dhkI7kyw_A,#588CC7
6.598,3.336,lmBk2k9_8-uWxuZQXbRgCw,#588CC7
6.599,3.302,UF5oqsfDqEku5gp_kNgvNg,#588CC7
6.599,3.337,WX5tk9Rw-9nO2spqSN3Jhg,#588CC7
6.6,3.337,rV9zN-wkDXZqfOvn8DZPJQ,#588CC7
6.601,3.304,lXz5Ob7ocuBJ78xxH2SPGQ,#588CC7
6.6,3.303,xiA1ghABDkJU3Xzly9K1EA,#588CC7
6.601,3.321,i5Tme5myzprNYhjLbBcQeg,#588CC7
6.601,3.338,Eiyw9tNwk_gtT-AF8gOkWQ,#588CC7
6.602,3.304,F8PkIK-KIXyGz6XBPWzYpw,#588CC7
6.602,3.321,saQeaNMxHAqUJ3YcvuOXnQ,#588CC7
6.602,3.338,oOFfU6v9YVYkJ53MHhPUjw,#588CC7
6.603,3.305,WPRmCRvFa1y_xT4bLjJOiA,#588CC7
6.603,3.339,KMsYG0I9bm6C9spjOhkmQQ,#588CC7
6.603,3.322,tDU-ne5mc0-HaBHHSLh3GQ,#588CC7
6.604,3.322,H8rrlOdKBKF-75GuMzhZoA,#588CC7
6.604,3.34,JwgKydSZ0cQ19SWnCsTIAw,#588CC7
6.605,3.306,te7-jzDvzzW_rrPTXp0rZA,#588CC7
6.605,3.323,y7DTANqHWbIMLh20u8rfuQ,#588CC7
6.605,3.34,KB2f15sCcF-CWPJpI08eIw,#588CC7
6.606,3.306,Kinb37hIsApPInxMXKQiWQ,#588CC7
6.606,3.323,-6VRBayu-52sNlzYD4eHqg,#588CC7
6.607,3.307,IakfuAGYga62Dc5ih-U7cg,#588CC7
6.607,3.341,hU-qY2gOEUstXh-0G8VFXQ,#588CC7
6.608,3.307,O4RYJ6OXlSFlUHKKTtmw6g,#588CC7
6.608,3.325,vuAaRtTC86oGVQ3YQrb08g,#588CC7
6.608,3.342,DFtrDQDrfrrQFa1IJSUH1g,#588CC7
6.609,3.308,2qHFq9Qgy6A3eQbiXI39BQ,#588CC7
6.609,3.325,MVYr0vTmAKi5RoL6hXnL2A,#588CC7
6.609,3.342,ehWEndWLl3KI9QLrQej1BQ,#588CC7
6.61,3.309,ywFK20ib0ZglW28lHlLdDQ,#588CC7
6.611,3.326,pXnTGKehfghEp5MLWJ_BAw,#588CC7
6.611,3.309,cGQ-M1d31pY3Z9dmTbT27A,#588CC7
6.61,3.326,3yoaTU1R59v29KmmgR8oIw,#588CC7
6.612,3.344,lrWkTtvZwAfot38CH9Xcxw,#588CC7
6.612,3.327,XnxyhKX4TiXNDVfMseuBFA,#588CC7
6.613,3.327,A3clRJkvaJRrHOcHFTmUpg,#588CC7
6.613,3.345,tXHM5MBVvsRJ1Uvg2xfHfA,#588CC7
6.614,3.311,kPYjssByi3xaTvS0-71qLA,#588CC7
6.614,3.328,C59Tg1Te-rj2RLG4Xiai_Q,#588CC7
6.615,3.311,xJjR0eAkjy3j6I8ZRZoL-g,#588CC7
6.614,3.345,-aBmgwmKoaLaT-SrNqUjVg,#588CC7
6.615,3.328,fwYfyhNf9MuVlFOcbqCRDQ,#588CC7
6.615,3.346,PrkgrmlYirRKuP3yqLElIg,#588CC7
6.616,3.312,k5SO__Ud9jxHjvHNszX0Ig,#588CC7
6.616,3.329,2wPZQ_cjpiN1LeF1hcQvxw,#588CC7
6.616,3.346,hcZw7uzVw3S7mguJfM981w,#588CC7
6.617,3.312,gdCNhIG4C87eZkNThSeCAA,#588CC7
6.617,3.33,0HXVGxMoW222I8Q4pVzZ9Q,#588CC7
6.617,3.347,VAMFzl2IRozABtGL3jUc-w,#588CC7
6.618,3.313,Ks6_4eHUdUzhknnjhFmkNg,#588CC7
6.618,3.33,AJ5IW1lupFgwlvua18FJoA,#588CC7
6.62,3.331,J8j-OPo7lVL3PhOqaBk6VQ,#588CC7
6.619,3.348,_MWC8bnaQOL1D9hLPHF-HA,#588CC7
6.619,3.331,dFmnRwsTBV0lBHlH015sgQ,#588CC7
6.619,3.314,3tkX2g0rLVpcweSenXPFIw,#588CC7
6.62,3.314,0bFXYeLvpRorQ-BxMW4ALA,#588CC7
6.621,3.315,o2PpLcxRwYkWBT9aVnZQfA,#588CC7
6.621,3.332,8xw29nXEguKA8e_TuKvm8Q,#588CC7
6.622,3.315,ZT14kX_Y_U9tSEBNrOSFiQ,#588CC7
6.622,3.332,MSBSygmafcz1oOd3Hbl4AA,#588CC7
6.623,3.333,WFKcLMJYJXF7sOewjE79AQ,#588CC7
6.623,3.316,JvQ6lYHI4wTQpvWuAfcpOA,#588CC7
6.624,3.316,iRUuNgPEB1PbCmBhD8o5wg,#588CC7
6.624,3.333,wt60Cy53bDXvrtVwJLAwmQ,#588CC7
6.625,3.3,uCs-cuhZVEdHao8sOrJP1A,#588CC7
6.625,3.317,OrPQIPfjuYZ1MzZm_OoVIw,#588CC7
6.625,3.334,mNHofKNZzlr7_aMi-2AX_w,#588CC7
6.626,3.317,RbIbcKM1-4qTgeLd97pW-g,#588CC7
6.627,3.301,0nWcYuo1Cgz7cTup5Bc5sw,#588CC7
6.626,3.335,yA3pQPx8ljdCMYm9Akfyew,#588CC7
6.626,3.3,aERX_44lQK5J3wwj3MRssA,#588CC7
6.627,3.335,0DI4rmtZQ3EUKaoBu2wU3A,#588CC7
6.627,3.318,utdnX7MzWIRA3TQUSYp5jA,#588CC7
6.628,3.301,QY_IJq_3R0kmJv0R15kxhA,#588CC7
6.629,3.302,niI61SJUo4sZAvanaPaaDw,#588CC7
6.629,3.319,tCL6dQxCId0UfCqddXTrMA,#588CC7
6.63,3.302,4-vIcLuyB8F3_z0do76vRg,#588CC7
6.63,3.32,23bQMhff-G8JlGBeujzSKQ,#588CC7
6.631,3.303,UDiimVPjm_OgfvJDOd0t-w,#588CC7
6.631,3.32,Bsg6Y-hE1F5lXpNCH7ZskQ,#588CC7
6.632,3.304,ha35YOH8YMMtO8ovOK7Nig,#588CC7
6.632,3.321,fys3vbjBvBiggsmvqi21Ew,#588CC7
6.632,3.338,zCiEHpiUW3zHWfOIM4X_WQ,#588CC7
6.633,3.321,etA9ze4Lscnsg8DSWra5ew,#588CC7
6.633,3.304,z0uP4l7Bh5Orc9hqShteYw,#588CC7
6.634,3.305,FqNZ4cWufo33lxZBBgYRgg,#588CC7
6.633,3.338,EXnsq17cmFEgXHrgchBuSg,#588CC7
6.634,3.339,gtSTxvVxuHS-S7c0qQDMvA,#588CC7
6.635,3.34,GtlLdEidayUmf3j8qwPw3Q,#588CC7
6.636,3.306,4fXQm70fhT_HyXt81RSXAw,#588CC7
6.636,3.323,ZKlUb5n0pr62RrhVCsOboA,#588CC7
6.637,3.341,b4rjUE5Y3yBGMJFCS6MmAQ,#588CC7
6.637,3.306,e9ZsSqlp3k8Y71gfWxOyHA,#588CC7
6.636,3.34,PYCldP9W3rVa-EZiPu3qmA,#588CC7
6.637,3.323,MRGk8ozykGwjNhPULiXk7Q,#588CC7
6.638,3.307,A8YPxII4gRzfOErml8ftpw,#588CC7
6.638,3.324,pwDVhtTEUeeoDyMRaPsvqw,#588CC7
6.638,3.341,F8Sv1Thc3gu1tCB7HUktxA,#588CC7
6.639,3.307,OJeuTJR3ao-fwSFGbh2jvw,#588CC7
6.639,3.342,k0564eEcqBnBPKcDimfLaA,#588CC7
6.64,3.308,jF8L8Pre2BabNgh17Npu4A,#588CC7
6.64,3.342,N_rJKwZgkURhNLKUW8YfFQ,#588CC7
6.641,3.308,9ZeqIT7bMAJBZrOV0lMf9Q,#588CC7
6.641,3.343,WvBy4RoBPUv_BtP6zDbZIA,#588CC7
6.643,3.31,qDd6qaDJF2vNdSFjfUtyaw,#588CC7
6.642,3.343,KGCMHd1rL6tezXTJ5FpRsw,#588CC7
6.644,3.345,Ng3fnSWGrs7m_iUVWCy8mg,#588CC7
6.643,3.344,-rkX_u7cD9JL1Pm-5WIBrg,#588CC7
6.644,3.31,PdcKS8aG6hks3VeuvbtbjA,#588CC7
6.644,3.327,gTy_7zIQ2_uh9haUM5-F5Q,#588CC7
6.645,3.328,Mf_19-D80uEMRR63EyTRjw,#588CC7
6.646,3.328,p88JS8PMp5v38mpxgbcK4w,#588CC7
6.645,3.345,afxJgaRHSacfUTgAH9ha8A,#588CC7
6.646,3.346,5-Rir1J1-4xQ82BKQ_qk7A,#588CC7
6.648,3.33,bKn1mxnV0kGQKT_o9RJeng,#588CC7
6.647,3.329,-IdxMoYmITL3hW4hISFlEw,#588CC7
6.647,3.346,Io1RsqaWGXgRQMhOl2TWQw,#588CC7
6.648,3.312,FjnXTJUV3tiKeq7std0DFg,#588CC7
6.648,3.347,kivbvKPpCLKXCvkJ6CuC9g,#588CC7
6.649,3.313,CbPzsHizyhSnuXBDclHsUA,#588CC7
6.649,3.347,_mHPEaWqOQAjmMTnME4ncg,#588CC7
6.65,3.348,AKSSCetYLjTSFZe4YhoAQw,#588CC7
6.434,3.365,d-B8wcc27EXds67Msz6fVQ,#588CC7
6.435,3.35,ZoCVmZOyNrQbO2Wrh3A0yg,#588CC7
6.435,3.367,0whE0lsr4dLQI3xwT8Z9tg,#588CC7
6.437,3.353,dhlhmbIY-xr_QK97Dgk4xQ,#588CC7
6.437,3.37,pv2KDjHu4VLr-p5l-zsg5Q,#588CC7
6.436,3.351,YWqDQxVtwuUgpvyfukA3Gw,#588CC7
6.436,3.368,xnN437bmTZSHlSAhSZ-duw,#588CC7
6.438,3.371,3n4V0blD09KdmEn8SqBNsw,#588CC7
6.439,3.373,8V672m7NZLEsFmKrmbeMFw,#588CC7
6.441,3.376,PuRg3pG8pJ0WC6aYocpKIw,#588CC7
6.441,3.359,nrV5yS-YPhooCVHD_IXy7w,#588CC7
6.44,3.375,aV5eNJZsn3Me4gnvtJOBSg,#588CC7
6.442,3.361,bOuycdK0UCSLh48hDpQI1A,#588CC7
6.442,3.378,ZlCaAhFPrdaYyOGD65tVSA,#588CC7
6.444,3.398,4kBY0UdWJm7uqWvXqHt-Tw,#588CC7
6.443,3.362,mkzv-EgfrWVrVxkrjgLRXA,#588CC7
6.444,3.364,tJ24KCSpPo9cvSuoLQdRLw,#588CC7
6.445,3.365,N94W88Fp2dfpLvKTCwRwiw,#588CC7
6.446,3.367,MntIUeX7Hx5iGVrCiA87kw,#588CC7
6.447,3.368,lHHj1V70zU0IezH_jUo3Xg,#588CC7
6.448,3.37,AtaQWUFSHap58ZF-LJb-6w,#588CC7
6.448,3.353,1dmjH06bIDAAjHo1jn4hMA,#588CC7
6.449,3.354,gLeisdTlmViXtbJc0vwqyQ,#588CC7
6.447,3.351,YYWtIuDI7FFhstMyg4qQ8w,#588CC7
6.45,3.357,kg19CpeLRtYIyQD_7-ajbw,#588CC7
6.45,3.391,lgfgsZk4RWWqwdIcImIWMA,#588CC7
6.451,3.394,kQJYecLCVj9xyrVXw4McHw,#588CC7
6.452,3.362,Dd5Phvuwq9VX4A8rhfvFJQ,#588CC7
6.452,3.396,8ReanUUYsuWDnSb3JJagzQ,#588CC7
6.454,3.367,fiN9C6dWsj34WBUW_FNOYw,#588CC7
6.453,3.382,CAoSFkNJSE0wb2dLRUlDQWdJQzRzNnp4RFE.,#588CC7
6.453,3.399,e4p0j_Ulcun2RgUrf4VpeQ,#588CC7
6.454,3.384,G1bb6HZ73VPsNRO-cTnszQ,#588CC7
6.455,3.352,nuJ9BMzsG5evty-Xuvf8mw,#588CC7
6.455,3.387,xVrdIePrurjuF8fCptzwPA,#588CC7
6.456,3.355,ozM44-jS5v0J4RXWPpFkZg,#588CC7
6.456,3.389,s_BHr2I7flbmIXLeq01Slw,#588CC7
6.457,3.392,niC8YEpDrJ8hZUAT6XRVNg,#588CC7
6.458,3.36,LQmUwdgoWZoHWSRBjZrFAA,#588CC7
6.458,3.394,9VWTI4Ihwuum2TZxkq0kYw,#588CC7
6.46,3.399,TstrER2dYxbqYN4QKF1ydg,#588CC7
6.46,3.365,8x6rXoYKrexYuCRli-kSDA,#588CC7
6.46,3.382,aZr4k7I8JfdOcwqqfHJMyA,#588CC7
6.461,3.385,I-AJpgWB7ab8XC-CIhlcUg,#588CC7
6.459,3.38,WgIgWG_FjzdAG_x-DlpOMA,#588CC7
6.462,3.353,7z_aY4hKZMxKcgp3oT5QDg,#588CC7
6.462,3.387,e38tgOfusbPwbJCL5FkRdg,#588CC7
6.464,3.358,R5rGMdI7yBnt2VkSJ8-79g,#588CC7
6.463,3.39,U6hrJjRXhAp0b3tP8Xm7fw,#588CC7
6.465,3.361,TugQh2YHYhCpoIcAjJiCww,#588CC7
6.464,3.393,EmSEa3hRFBQ3l7s6bEUylQ,#588CC7
6.465,3.395,vI4toiYwmG4Fe4qr-lKwdg,#588CC7
6.466,3.363,isNb3FIAG0_vF0-lCqPteQ,#588CC7
6.466,3.38,ZRrJ2VdkLHeGGcy9go2f6A,#588CC7
6.468,3.368,xyHVTxIDzLv_Kwz3L7aEVw,#588CC7
6.468,3.351,CW7SumDZX2tzsgQ8xmuHxg,#588CC7
6.469,3.354,aodvvYT4lN7gTZdosdeOZg,#588CC7
6.469,3.371,ztdclsc5Xsp7FBl63LrQsw,#588CC7
6.47,3.356,ANRlXnfp7fvL5b3y1L-iUg,#588CC7
6.47,3.391,R-AO8Uqd4-yCxjkV90_jMQ,#588CC7
6.47,3.373,fk1mNZ9GESXZQKS8u4zo7Q,#588CC7
6.471,3.359,-5HJ7GtmIoxptOAKkPk8YQ,#588CC7
6.471,3.376,uh1g0gfmZ0FnN8fiZODjzw,#588CC7
6.472,3.379,ZtON8j1--5-ZCGg-5bCCOQ,#588CC7
6.473,3.364,Bz0Ujch5OtMQ1mvJm3P-9g,#588CC7
6.473,3.381,_M6EfXvtJAl9aiV5563Alw,#588CC7
6.475,3.369,_XI6x6Iq4kV4QCz0SvYhng,#588CC7
6.475,3.352,j9dzStADOtcKT_E9KolOfA,#588CC7
6.476,3.372,YI334Rw9sxa7NmGHBYJyWw,#588CC7
6.477,3.374,9oKn0ZtmE4DUGkIzUsJKYA,#588CC7
6.478,3.36,pwepdFLlhyRXfwcLT9Pqhg,#588CC7
6.477,3.391,HKxWjUTR4L0IHGGgsUHrDQ,#588CC7
6.479,3.362,VSA1SM457Tv3EgwzcQx79Q,#588CC7
6.478,3.377,k6aK31OgQjr0ltIRPmxBHA,#588CC7
6.48,3.365,pvzbGc3ohe_IHeDRoN9Gyw,#588CC7
6.481,3.367,N_3soGHSLm6mNU6Lz-lOfw,#588CC7
6.481,3.384,bHHtMjDudNTrTMW3zE4weA,#588CC7
6.482,3.37,Z92Ib2MbAmQfIp544-cf9A,#588CC7
6.482,3.387,Ltaflf3FA31CpWaFIhSMUw,#588CC7
6.48,3.382,l_hqysQi2PPAExGHU91h6g,#588CC7
6.483,3.372,39H695g7fmfpif5Z-juIyg,#588CC7
6.483,3.389,-KlAznR1XYPfYskoMjD69A,#588CC7
6.484,3.358,QYhnE9nIKGMEG00D2CMlgQ,#588CC7
6.485,3.395,mq5tzrpoiYXRP4wI10HdIA,#588CC7
6.486,3.363,iENJRU3reOn7pIMkyvPoFQ,#588CC7
6.487,3.365,CAoSF0NJSE0wb2dLRUlDQWdJRFU3dXZKM2dF,#588CC7
6.488,3.351,IQOLW71BhZgPpmy_KUGB4Q,#588CC7
6.487,3.382,z51MMj_eqGembqhK7uYV2A,#588CC7
6.488,3.385,f8hyQBWD14UkGGSq-vvFNg,#588CC7
6.489,3.353,6Zlz1o3wVVAltIT-JEOBtQ,#588CC7
6.489,3.388,d-033wamoKf36U6Jq5D67A,#588CC7
6.49,3.356,oktUsdU-ReQ1XxDJTnnbgw,#588CC7
6.49,3.39,Rhel92mjf6G8hveFOHD-kA,#588CC7
6.491,3.358,R4kQAWti_Wcl2_UhmHcedQ,#588CC7
6.493,3.381,XeK009cCdubBWsiIn44I9w,#588CC7
6.493,3.363,7_yO8Jz3VpltYNMyZUfUTQ,#588CC7
6.494,3.383,3tOJVF7_3jaLP8aed_GomA,#588CC7
6.495,3.386,tw648mRu_KQlcceouqq7rQ,#588CC7
6.496,3.388,YgoyrnpSCQoXzSajWB8QQg,#588CC7
6.498,3.376,Dp8g_2XbWbmICS2PsIjkwg,#588CC7
6.498,3.359,DkxvKS7i0nuPlqJJTS1qkQ,#588CC7
6.499,3.362,nl9e5y7mOAN_22BgOOH2BA,#588CC7
6.499,3.379,CAoSF0NJSE0wb2dLRUlDQWdJRDR0X19wb2dF,#588CC7
6.5,3.364,CAoSFkNJSE0wb2dLRUlDQWdJQ08zS2VyYnc.,#588CC7
6.5,3.381,i3fANm1wP_d5Qj6PCOBtJQ,#588CC7
6.502,3.369,TPp_nSpV3Bgg9k1rtBHkwA,#588CC7
6.501,3.384,-rzDEN13bU1BZsMq3Lop0Q,#588CC7
6.502,3.352,CAoSFkNJSE0wb2dLRUlDQWdJQzg0THVqVmc.,#588CC7
6.502,3.386,4c9YUzOB48fEYPCCewLpEA,#588CC7
6.503,3.389,8e5Hj_zvJma4hYVVl2Wf8w,#588CC7
6.504,3.357,76jgGx6denjmP0i2o0vBbA,#588CC7
6.504,3.374,cHxhU-jEIKtkOiOJWUAh0A,#588CC7
6.504,3.392,uuP400Vgubo1QnhhUjoMmw,#588CC7
6.505,3.36,c8cVYi1FQfGzi574k2gz6A,#588CC7
6.506,3.362,-xyxOvpwtz74BujAA5R7ig,#588CC7
6.505,3.377,lEAL29ElFy-uSIqJPdgOsw,#588CC7
6.506,3.397,D6fqWBUKF7Derq6-HEmvyA,#588CC7
6.506,3.379,nSx8iLePy70esK7hFrBJ4Q,#588CC7
6.507,3.365,Dh8xGbeGZqFublPthZhygA,#588CC7
6.507,3.382,E6DvEezAyrFlpvKRgndu6w,#588CC7
6.509,3.387,9IxwcsMKsZ4PcwBhHfQzrQ,#588CC7
6.508,3.385,En5tpgyVYaFT6toD0o0QXQ,#588CC7
6.509,3.353,dO_f501mIHQaXeIRvCTisQ,#588CC7
6.509,3.37,w7pipAfE2pwFj1XSSHC7rg,#588CC7
6.51,3.372,2fMsFQqXqYLhiH1DaB6G7A,#588CC7
6.508,3.367,aw_NIYIkrZQSJiK91vlc6w,#588CC7
6.51,3.39,gjoQRdqQZj964RLAa4b_lw,#588CC7
6.511,3.358,n_v2X0x0DCcNjCcnijitlA,#588CC7
6.511,3.375,SWRxyjT2TXAbicL4yK9KNw,#588CC7
6.511,3.392,CAoSF0NJSE0wb2dLRUlDQWdJRDR0X19wcEFF,#588CC7
6.512,3.36,JoIWuLUVZ5UEJNdpAoTsBw,#588CC7
6.513,3.363,x2xAJqlP6WSB5KuPC1yZ2w,#588CC7
6.512,3.395,Rkf0La3m44Kgi15qKcIH5w,#588CC7
6.512,3.378,JEOFX-ErqOF-mg8LvF2haw,#588CC7
6.513,3.38,ZFu9W0j-oGre4DdZswQP4w,#588CC7
6.513,3.397,BrstHjYb_luf1h_lAn-eRg,#588CC7
6.514,3.383,3jcUSdiX7ORblbf8odARzg,#588CC7
6.515,3.351,BETyOdoq9d8t2Q6YHwnS5w,#588CC7
6.516,3.371,1-VNw6KplWbCxgrQ1LtJZA,#588CC7
6.516,3.388,CAoSFkNJSE0wb2dLRUlDQWdJQ0VsN1diY1E.,#588CC7
6.517,3.373,Rl-MoGTHh8CnE_E0lQw_ig,#588CC7
6.517,3.356,OnUAmRBAXoVE8uLD9Vf12A,#588CC7
6.518,3.376,Ctdpli2Orf6eChiQqR1Q6Q,#588CC7
6.519,3.361,UeW12Llpp24g5gPvZJ5m4g,#588CC7
6.519,3.395,nWd2qk5NMdiHjLQlmSM4fw,#588CC7
6.52,3.364,Qd_nYPwS261DgF2hMLjGzg,#588CC7
6.52,3.398,qc79fYjJsBrZCMK9yERiiw,#588CC7
6.52,3.381,FgsMK_RrWO8vBdpo2SfGFw,#588CC7
6.521,3.366,-62ACol9595r8Y2pi6eaRQ,#588CC7
6.522,3.352,mOK589QP7DZl0__e3Pw85A,#588CC7
6.521,3.383,_tSlb1UxPmGyehdd0GsxOA,#588CC7
6.522,3.386,BdxKS4sunMPoA3WjiFJxbg,#588CC7
6.523,3.354,77AijsP-3R5b82bySqQfzg,#588CC7
6.523,3.371,AVNlwglsy60e0Tuv9rT9hA,#588CC7
6.524,3.357,PODesZL2yeoCHaSCSYx5yA,#588CC7
6.525,3.359,qCVKCNtgJpcP34913MkbXg,#588CC7
6.524,3.391,5hV3oPCMCd6QSqHfb-vGSw,#588CC7
6.525,3.376,BVsvR_sOckqWqx5XlXP3GA,#588CC7
6.525,3.394,szfHuZ8MPNPmM69JnK5PZQ,#588CC7
6.526,3.362,qehue-t_C-jlWY1tx6bqwA,#588CC7
6.526,3.396,Alggr3PL9w_c_-qxhakhQA,#588CC7
6.526,3.379,p_vCsV4WPvWkt5scorOdfw,#588CC7
6.527,3.364,HCYhd0z4aJez3T6ITLfWxg,#588CC7
6.527,3.382,CAoSF0NJSE0wb2dLRUlDQWdJRHVxTERSN1FF,#588CC7
6.527,3.399,PEmE5QevvaqV3SfhyA79bg,#588CC7
6.528,3.384,-xctHJcmS0zqgqBYClIltQ,#588CC7
6.529,3.352,gLzH_jKOca0D6wG6XeLz3g,#588CC7
6.529,3.387,24vzRUVYCwYWoBm77K_vGw,#588CC7
6.528,3.367,F3FF1rmJNX0NCenjG0hl8Q,#588CC7
6.53,3.355,hLKYGarYZSCMDgT4Goyv3A,#588CC7
6.53,3.389,1bbG6GEzgruX7y_OcdfG6g,#588CC7
6.531,3.357,DMzxnuL8xoLg8nlOKalbnA,#588CC7
6.531,3.375,X0m7_V7E-26sv0eoRNls4Q,#588CC7
6.531,3.392,_QQyJ_kpu_G3opaL_wZQ4g,#588CC7
6.532,3.36,JeY9dW11HmRFf3tkmN3_nw,#588CC7
6.532,3.377,fPrRQHHRXy2-kbH2Hj5ePg,#588CC7
6.533,3.362,k3ZctPXmbIDAhL3rUG2ncw,#588CC7
6.532,3.394,0k5Bo0WDZsgkZ9ERkE4WIQ,#588CC7
6.533,3.38,rIoF7b7YEisZG_TLY8m13w,#588CC7
6.533,3.397,DPrDVbiF-wEKnpLKfSduxg,#588CC7
6.534,3.365,HbgCs4n6ff-5Bjc4VXr3kA,#588CC7
6.534,3.382,imJ8npLMgDr3-El0M6LxAg,#588CC7
6.534,3.399,OaYp2aYbuMKBE-7IKYGZCA,#588CC7
6.535,3.368,y0DbVy4shq4IrCL7ArCumw,#588CC7
6.535,3.385,r2YjAIdwOUnbWGqSbY4L7Q,#588CC7
6.536,3.37,aTmELmMXVjYXbCcbBywVLQ,#588CC7
6.537,3.355,vOtNgsQKYpbxdl1XEzlCgQ,#588CC7
6.536,3.353,7k4ctDqW3Z9glBh2K2Qbag,#588CC7
6.536,3.387,GmOJ_7w4UZnv-gJsi9K4iA,#588CC7
6.537,3.373,5MJqhSVuprCObL2ChInH7w,#588CC7
6.537,3.39,h-DqofOUjqOsvCXL5t5MMw,#588CC7
6.538,3.358,EdPO4yGc-fj8fjG2ylbjZA,#588CC7
6.538,3.375,shhPUOegxligMkUoyZlxlw,#588CC7
6.538,3.392,AcCuqJ4hVhtPHKF62MMJWw,#588CC7
6.539,3.361,t0RyjQSA20Yej4totUTYuQ,#588CC7
6.539,3.395,2QEX3YPYhTWgM6atbhInfg,#588CC7
6.539,3.378,ZAV7yGGtSBaq7m2Dx8KJDA,#588CC7
6.54,3.38,qVq5hAoCpBYQIr2YhLJp3g,#588CC7
6.54,3.363,Ngi1Dc5uD5_Yl2SODNakRw,#588CC7
6.54,3.398,IQcydcZpN7FcXDEyi29Pxw,#588CC7
6.541,3.383,r6gg1gjGvtitcySe8dUX6A,#588CC7
6.542,3.385,BAsQ9TIWduoSf5qY84PHLg,#588CC7
6.542,3.368,jQ2y6tf5LVwlPtayVFT03w,#588CC7
6.544,3.356,Yh_TUORKEgjHcgjoVbDYFw,#588CC7
6.543,3.354,G7IqBcnQBz_8r_e8_LxzCw,#588CC7
6.543,3.388,JoLY4LKvvaKZ4IqmEKSqOQ,#588CC7
6.543,3.371,ONEgqY6nPbo3_h0rzxKfvA,#588CC7
6.544,3.373,gnjUJtKifdKcISDef3qeeg,#588CC7
6.545,3.359,P11d2wQ9ER1fWKG0Oaf6NQ,#588CC7
6.545,3.376,aV4B0_1Hroc2L0TfLBCUhA,#588CC7
6.546,3.361,xTr8a2hjN_2YqyyoWVIfkw,#588CC7
6.545,3.393,zE-f9rj4vtLrZ_E_6s3KlQ,#588CC7
6.547,3.364,z0pspOGwRczywvjzc29Iew,#588CC7
6.546,3.396,oshRI7rw4NcZvHRBEDutag,#588CC7
6.547,3.381,_MwLVAcYf9Zp4bvoBysq3g,#588CC7
6.546,3.378,VKwwI_8d8sEOttUiQGuwog,#588CC7
6.547,3.398,qTyq8JKKVm8KBIkIUnsyNg,#588CC7
6.548,3.384,Ea5kv3gSEQexGm7StT0oZg,#588CC7
6.548,3.366,rglA6QHt9sq5ohg-1bfZ2g,#588CC7
6.549,3.386,eHszyKdMWX0cwd4fXhbRkQ,#588CC7
6.55,3.354,-sJRDl8qCISoWRSRrFgbwA,#588CC7
6.55,3.372,8SuNDFr-hc62kQYhVJngzQ,#588CC7
6.55,3.389,lkd9N27derwN052SsOmKvw,#588CC7
6.551,3.391,V10mMyKQQOqXy4SVnGKfgw,#588CC7
6.552,3.359,8pYKeIwwJ0oLRSgBjA6VPQ,#588CC7
6.551,3.357,256vWnBCVlJlzytF9VZDsQ,#588CC7
6.552,3.377,CAoSF0NJSE0wb2dLRUlDQWdJREV6WVdubWdF,#588CC7
6.553,3.362,G84kYql4DQkn9OhfXoOx9A,#588CC7
6.552,3.394,ILVMOOJX0CV04EMLNoA-RQ,#588CC7
6.554,3.382,y2193jr38Q9cjtLQvJeSyQ,#588CC7
6.553,3.396,baerpZ2jgS4PePVrY67OmQ,#588CC7
6.553,3.379,51PWdJvAXiIuiJQnXyHROg,#588CC7
6.554,3.399,uF9TQkI6Ua1CctcBdejITw,#588CC7
6.555,3.367,8wkU-tKof97_YjANo5Az6Q,#588CC7
6.555,3.384,ljorQlGEzF6oONw4hQpZ7w,#588CC7
6.556,3.352,-NPJ5cCz_FqTz3pxgCSuMg,#588CC7
6.556,3.37,zzFm58lB3fT1XDMNH2RBSQ,#588CC7
6.556,3.387,Zt10HwN1Xq-MKYXKgnyDcw,#588CC7
6.557,3.355,WBD2e-H2MK_PISbkO8Sixg,#588CC7
6.557,3.389,dRMQxD9FvBTLaNd-SksrRw,#588CC7
6.558,3.358,DYeCPSz9u3pXtfHqFAq4tQ,#588CC7
6.557,3.372,a5e_TH3ITJKfld6ixAXd3Q,#588CC7
6.559,3.394,xM69x6jCRzy3RVr4KbOivQ,#588CC7
6.558,3.392,Xr4rdnWUts6efhSFIxnGbA,#588CC7
6.559,3.36,1D2nnIQ5wUOqjQpRs_nkKQ,#588CC7
6.56,3.363,zeDWtlVpkrFABsiznyGcXQ,#588CC7
6.56,3.397,QmiJldPHmidMwJflrvwk6Q,#588CC7
6.56,3.38,aPSAT3mLX-B8TIMJjYZJTg,#588CC7
6.561,3.382,XwgCPYiwm_OtUBx6PYhRzg,#588CC7
6.562,3.368,cmcPCOpW-_-K06pVfeT23w,#588CC7
6.562,3.385,GmekRq2_1jLFgfW6mGt53w,#588CC7
6.563,3.388,Hfeyr-H3M0u6GX9jouQCvw,#588CC7
6.563,3.37,EpajGRdBP8qiNxEicFaU4A,#588CC7
6.564,3.39,DgAozwuOdaoz8QGOjRTspg,#588CC7
6.565,3.393,UZyNwJNyFd2ZFWQ0cSY4Yw,#588CC7
6.567,3.381,puS4iCjpN0LAQmjcdq-pfA,#588CC7
6.568,3.383,2dPVxvxIuSYHe63YL0-Qlw,#588CC7
6.568,3.366,tQhJNxWFFlxzuOIXyjLJxw,#588CC7
6.569,3.368,HrzKGZQZpvaqcXMxe_Ofdg,#588CC7
6.57,3.354,irsA_blFfiwdw0i2-bMbKQ,#588CC7
6.569,3.386,t-eX32iQcwanPuata_k15w,#588CC7
6.57,3.371,c2mj63lbUmcfi7T4-RSXsg,#588CC7
6.57,3.388,-6Kg0ewbiouhsW2Nw1isPg,#588CC7
6.571,3.391,ox9MR0Bo0CoMDNq9BUToxQ,#588CC7
6.571,3.356,SR771KpMY6teM2rVL6Rusg,#588CC7
6.572,3.359,OB1dHLJ1vLSFm28Kz6SiQg,#588CC7
6.572,3.376,qu8IfySNLbraYefNCqdP5w,#588CC7
6.571,3.374,eI0lOrVoX4f1SHLkrN_xSw,#588CC7
6.573,3.361,DOXw25ZLYHMkQtgkaGbmSg,#588CC7
6.573,3.379,ne5sisfZTLuqmpVgWOY-xw,#588CC7
6.572,3.393,rVx56mEQXVRbPuI12yqBqg,#588CC7
6.573,3.396,o5Cm6gWXxIu-gtABswcuXQ,#588CC7
6.574,3.364,FXeU_WbbyOZOkPEBBec5Eg,#588CC7
6.574,3.398,PzV1XEvpR2BoCNNncg_GJQ,#588CC7
6.576,3.352,ncuY1lkRyiO1erEZf8p5mQ,#588CC7
6.575,3.384,vHI_ExXMWgfnCsSYcoi2Iw,#588CC7
6.577,3.355,djZOCZYrf294xkRUvEwTIA,#588CC7
6.576,3.369,CAoSF0NJSE0wb2dLRUlDQWdJRHFpN1h1OXdF,#588CC7
6.577,3.372,5Z40su9otVKj-vRLm_27kw,#588CC7
6.578,3.357,9X7qf0atsRarSdDIXyA1hw,#588CC7
6.577,3.389,6AuCOHJLw1ZkitOEeAi3vQ,#588CC7
6.578,3.391,ugkhc5CI-TDNL3L-WJda_w,#588CC7
6.579,3.36,_kG3YJrHLAs5BC3oKOTUmw,#588CC7
6.58,3.379,B8A6MV-9X9VBvus_u5GNVA,#588CC7
6.579,3.377,CIusxvzfZXtNWSgC1C8XFg,#588CC7
6.58,3.397,zvTc8iqrIfoB2FZVdwEH_w,#588CC7
6.581,3.382,ohRph2YQyn8fzy-UUYfkgA,#588CC7
6.581,3.399,jBpfwpAxaREStV2CPDH9xA,#588CC7
6.582,3.384,rxwFxhD7H4njh9riTPFiAA,#588CC7
6.583,3.353,lFaxLhhAFbpQ4PIREIa0Mg,#588CC7
6.584,3.372,H4BgvTNXyui4ucgwbKajxw,#588CC7
6.584,3.355,5OPc4WrOb_RCsvL2-q-yBw,#588CC7
6.584,3.39,39bR2f2gXnZ0tqXSQQX6Ig,#588CC7
6.585,3.358,eHCuQ88c6WSholPAKjbopg,#588CC7
6.585,3.392,0JfZkBQIcBKiYuzhQKX_CA,#588CC7
6.586,3.377,w-fu0QZVYQnCVxD_ukJl6A,#588CC7
6.586,3.395,vGM5CoXJBCaHtWWvC7QZSA,#588CC7
6.587,3.363,V81naTWq4nnyZFJPd08mMQ,#588CC7
6.588,3.383,AJ6oQ5c873ZLHKH7uciNlQ,#588CC7
6.587,3.38,qigTOx9iBJtpujrQjA-org,#588CC7
6.587,3.397,fchpjsPZCPJ25gzm5Cg5rw,#588CC7
6.589,3.368,x4adqxQdpN9Oz8uP9ZCldg,#588CC7
6.589,3.385,ma0voGFLhMd7HP63L7Z2uQ,#588CC7
6.59,3.388,gpERDeFJpdy-RV_M2dZ1WA,#588CC7
6.59,3.353,QC6sFSKorBserDRNuhQUDw,#588CC7
6.591,3.39,Rq9zbQBNzFJSBBfOvFWKqQ,#588CC7
6.592,3.376,I9tlEVoeLE6Tnb6ldmQ3-Q,#588CC7
6.592,3.393,jrwBwTvONOYEyY5hoT7HOA,#588CC7
6.592,3.358,Z19HQQsveeQwCqShirWfRw,#588CC7
6.593,3.361,t1nQMiXoaiEPsibmhVB-QA,#588CC7
6.594,3.364,XONfRVPk5vn4v-ZO8II3Gg,#588CC7
6.593,3.395,EqOQgJcxdZ3wowljUn2Zyg,#588CC7
6.595,3.366,wB-Orpyj39y_d4uVb8dAyg,#588CC7
6.594,3.398,zzV9cFwBi4QxjabmuWVnIw,#588CC7
6.594,3.381,WUEqGBELAIA_oICfh9BL1w,#588CC7
6.595,3.383,D5a0zD0v513w4mpIOWF_1g,#588CC7
6.596,3.369,rq88fyMf1k_KxvxCipKk7w,#588CC7
6.597,3.354,xUAIKEcfGhQbLKFvW0XnHg,#588CC7
6.596,3.351,CAoSFkNJSE0wb2dLRUlDQWdJQzRxcmJuR1E.,#588CC7
6.596,3.386,RjpY2TRjlUeBpsu4jCEEnA,#588CC7
6.597,3.388,S7BO5zQQL0vPDmgRCbylgQ,#588CC7
6.597,3.371,d8kkJTpEC2h1iKlYhKKg6w,#588CC7
6.598,3.357,Qg-ISAOLGNU7DdB1uY0EWQ,#588CC7
6.598,3.391,D5EiSTbyi6-t-d3_iVED_g,#588CC7
6.599,3.359,l2ryPuP_-OF37ySyZorQ6A,#588CC7
6.599,3.394,ct7Gr1AHfom1zH62R_QBBw,#588CC7
6.6,3.362,VIpjeDNNpEWBEKd9x-ey2A,#588CC7
6.6,3.379,QXQhsr6mGiCBLKZLs64mOw,#588CC7
6.6,3.396,9wdywKokOXCYKGIq0PBrhw,#588CC7
6.601,3.364,GfwNRsuGTluuHcEioRQtcw,#588CC7
6.601,3.381,r3MNzhZdSUakyDUp94tILg,#588CC7
6.602,3.367,ZVTCs_27IK1V6sJu5O7y4w,#588CC7
6.602,3.384,yEZINPn11qZrby26oKoLyA,#588CC7
6.603,3.369,kdoh-Y7d68J8fnX2HtiLEA,#588CC7
6.603,3.352,G0mWZWu_MnL0vVwhGKDieg,#588CC7
6.603,3.387,YW1kIAZJcCd5O8pw2gqLKw,#588CC7
6.604,3.355,z-7iGPFP9rgiJSGL86yWzw,#588CC7
6.604,3.372,27ssNH_MXziWhMY9IXqJJA,#588CC7
6.604,3.389,8tNFJ-_4pObQVFRbn853uQ,#588CC7
6.605,3.357,h0d79gVbowfO_3e--Pma0w,#588CC7
6.605,3.374,EpH9w9bMJl06bJXSsTkU5w,#588CC7
6.605,3.392,ohwmEqCpbeS8n7Qc5nLO5A,#588CC7
6.606,3.36,vVsP5Px-TxPLxDtTWugm7w,#588CC7
6.606,3.377,CAoSFkNJSE0wb2dLRUlDQWdJQzQ4NFA4UVE.,#588CC7
6.606,3.394,MyBOBuifo9Hk6ZMMF5EaDA,#588CC7
6.607,3.38,wCUsoHzUcAKeqcve7r75aw,#588CC7
6.607,3.397,a1CtX6JcOwxYRNE45CcvYQ,#588CC7
6.608,3.365,US2iWTGmSTUgxPWNqB_GTQ,#588CC7
6.608,3.382,sH86HZnZHW91GdzVxTEUBQ,#588CC7
6.608,3.399,JHylUUhIlQswGTC6bb-Vcg,#588CC7
6.609,3.367,CAoSF0NJSE0wb2dLRUlDQWdJRHk3ZkRENXdF,#588CC7
6.61,3.353,cFM8Y5Azb7Vl_5zkV2mQJQ,#588CC7
6.61,3.37,b5hNycLoT1vGA9rwQvoncA,#588CC7
6.61,3.387,5qq3Byz6IWtGDTc1aLYGeg,#588CC7
6.609,3.385,ae-RtQkFuamEkWq4LAhLTA,#588CC7
6.611,3.355,YvDQJnD_qGBGqFZMBddRwg,#588CC7
6.611,3.373,1IkMrsYHhBvJ2q0W9t-QZQ,#588CC7
6.611,3.39,SyLJ4vlp7ymv5gtd3qnI5Q,#588CC7
6.612,3.375,PYiOslnKIQgged4n_1PWqA,#588CC7
6.612,3.358,iYQBmhcJvdh-am2po2jVYA,#588CC7
6.613,3.361,TznjW_hhOgZhfDmzjYZ7kw,#588CC7
6.613,3.378,qOW96sDhuz3mnzX_fI1xzQ,#588CC7
6.613,3.395,BfmKkqDEi21U3NTl9hHjTA,#588CC7
6.614,3.363,hSbZoAl8vgJUFQjEBnFRqg,#588CC7
6.614,3.397,kKYg-unNpMn0hMS5ELsHFw,#588CC7
6.614,3.38,LTzapPeclwNYTTC8bxpoDQ,#588CC7
6.615,3.383,zMwVmme432XmKg20bTuNDA,#588CC7
6.615,3.366,BcOft8bmpf6IPwjGT1DJxA,#588CC7
6.616,3.351,hh9QRl6RSRG4EXSdWsSIFg,#588CC7
6.616,3.368,N0Kz2xYhut_GxuZrJfuMFA,#588CC7
6.617,3.371,K-nLtMONwYteZAL1rRySrw,#588CC7
6.616,3.385,KP6WD_EP1mKD_SJCxy0Kcw,#588CC7
6.617,3.354,CAoSF0NJSE0wb2dLRUlDQWdJRHFqWTctdUFF,#588CC7
6.618,3.356,Ym3QUvVClAQ2Ti88ZziNCQ,#588CC7
6.618,3.373,_MNNa454ZbshDP0taq8CXw,#588CC7
6.619,3.376,ZRhM-FDmI937taQXxmj5bg,#588CC7
6.619,3.393,pPmHThVUX2GFsYKlQGr7Pg,#588CC7
6.619,3.359,7cuEge7-a-fn5DPrudTTqQ,#588CC7
6.62,3.361,YTwsglRN46ma4vCVQJMQ6g,#588CC7
6.62,3.378,zVFl02y9ldeUjK3sBN6ctQ,#588CC7
6.62,3.396,qkzRrLJ27Mz9N1uqX3hv1g,#588CC7
6.621,3.364,EFL9Hagj2Fl92-RccGojDA,#588CC7
6.621,3.398,YvO6DJcm6AMLD2CpBgJLKA,#588CC7
6.622,3.366,5LEYN3w0Jf7l5QvSAT4zDw,#588CC7
6.622,3.383,7l65Mgf8LwXjI2po17McXA,#588CC7
6.623,3.352,uwTy6O3Q3-9Qr5A2z5awAQ,#588CC7
6.624,3.354,s0r0RbTSjVyYwxARZXH0EA,#588CC7
6.625,3.357,emL7J22eJys8CW-HAaq42A,#588CC7
6.624,3.389,zQG2nljFPD49h6kY45OnEw,#588CC7
6.625,3.391,BggYuhmFQw4cRzZ89MjVqg,#588CC7
6.626,3.359,KYhp5O4o-ZwXnNmS1NJD2g,#588CC7
6.627,3.362,V1rq45dhA3NwpA3gb3kgAg,#588CC7
6.627,3.396,TD8YB-ytDpjlaKxKMncZuQ,#588CC7
6.628,3.382,W9GYY76DEgL5gRVtI4cefA,#588CC7
6.628,3.399,sQGc33qRkhbmfBJswk_y8g,#588CC7
6.628,3.364,4m4BAufKJwC7LDUIlxSEXg,#588CC7
6.629,3.384,uK73NAXNhi3aLH_4G8lUzw,#588CC7
6.63,3.387,fDM9UbgjwvvUBZrfvT_-KQ,#588CC7
6.63,3.37,-0DGjdKrD4wy1drHSSEw4w,#588CC7
6.631,3.372,QRTXYnWGlynM1EYik2anDQ,#588CC7
6.631,3.389,4pYY060yO_40eIaO_6iQDA,#588CC7
6.632,3.375,emDOhUb7aaPXH2PIP4bLfQ,#588CC7
6.63,3.352,2_U2t3_GQSxfZ0_PfIta8A,#588CC7
6.632,3.392,xgMPhbGjwcQXuMFSZfsC-g,#588CC7
6.633,3.36,d3I5qEZ3_wIpg1Z1cSTr1g,#588CC7
6.633,3.377,enEZZjfW8PCGACE1DhN4pg,#588CC7
6.634,3.38,pH_qdPim5l5kp92Tab8U4A,#588CC7
6.635,3.382,qMmosg6_PU-61Fs43617og,#588CC7
6.636,3.368,lMBZ1KnSyoAu5D4Dp0K2cw,#588CC7
6.636,3.385,35q7HBr3iD9u5B1_V-inVg,#588CC7
6.637,3.37,xmXtiAytY7SVgpkBWcSePw,#588CC7
6.638,3.373,VpEd5Tb4pOMQ65JK_yelIQ,#588CC7
6.637,3.387,pBhqipwKNWMaAm7H_fT6WA,#588CC7
6.638,3.356,h4nm_Yp9sBduM_Yz9WKddg,#588CC7
6.638,3.39,njXCpyTUnO6XGjKx6z_v7A,#588CC7
6.639,3.358,XDEc1bYaxjm2YorEs7CKVw,#588CC7
6.639,3.375,Zh3muJGWG6C3egePCNmElA,#588CC7
6.639,3.393,n5rWV2xL9aSfEP5OzmhBBg,#588CC7
6.64,3.361,KdM476YebQ4etpNC2jzeuA,#588CC7
6.64,3.378,qFEE8f4JPS-k2f-eJ_tvKg,#588CC7
6.64,3.395,c_tnwaik-wGS3pJA34kxWQ,#588CC7
6.641,3.363,KgjBzvuZhH8N_YhFtyanKg,#588CC7
6.641,3.38,AHqolx-GxDpcCjYqiEQ96g,#588CC7
6.641,3.398,ShCgMtrIBRsB9zwP9Znxsw,#588CC7
6.642,3.366,3wBr4RgDwO1b_9fOv1k7aw,#588CC7
6.642,3.383,U68-UmdOZ108qUmbMl1e1A,#588CC7
6.643,3.368,CILZSFPeY8xoorxLdK4u7g,#588CC7
6.643,3.386,n0Jb3SKqGrWeEl2mNkB9IQ,#588CC7
6.644,3.354,iPGv6cVSIuL19Hr8W4oGOw,#588CC7
6.644,3.388,-fPRSQtEUCO6FUvHD8Rifg,#588CC7
6.645,3.391,MW_6fz24GRG3XRTFQrQpFA,#588CC7
6.645,3.373,PgsC9bAvp27OXEIqWp4XiQ,#588CC7
6.645,3.356,RCiRwi_4_cqCR7uN1JtK7A,#588CC7
6.646,3.359,DIOU7rv0zKt4R2ZwjkQRRA,#588CC7
6.647,3.361,YOD8y8aqZvnccZS-2GAMAw,#588CC7
6.648,3.364,rNYTngBmPsWAJoI5ONlZAA,#588CC7
6.649,3.367,rL528HBZeE8cBXB6DPLngA,#588CC7
6.65,3.369,81F_oOrfXZ7j57jamQ-xsA,#588CC7
6.65,3.352,IlxUbueKs1DHwEMhWdzOYA,#588CC7
6.4,3.403,CAoSF0NJSE0wb2dLRUlDQWdJRHEtY2VQLXdF,#588CC7
6.403,3.405,PgUgT3JSC4xmnTIW7KK9aQ,#588CC7
6.413,3.411,CAoSFkNJSE0wb2dLRUlDQWdJQ3M2X0hJU3c.,#588CC7
6.414,3.411,AnMSOhl2YePQq10Ria9i_Q,#588CC7
6.422,3.416,KBnyoeMU6q9jJk_ogIZp_w,#588CC7
6.423,3.416,1CIvMnp0S3noiPw6UsgCNA,#588CC7
6.424,3.417,PH12ogbbdRJX1Lbh59KD_g,#588CC7
6.425,3.417,hFt-VU34bqcjVW54Ca20Pw,#588CC7
6.426,3.418,xL6jvWpkvU7kv88JYzm7Gw,#588CC7
6.427,3.418,gY0JXQLhNQ6cJMGQNwL6rA,#588CC7
6.428,3.419,b4ViV-8gx1NnRqTZIxeKIA,#588CC7
6.428,3.436,BUF956FuqsIGot0_Yra3KQ,#588CC7
6.426,3.435,di86eHaJESqBjqZ5JQ95FQ,#588CC7
6.429,3.419,CAoSFkNJSE0wb2dLRUlDQWdJREV6ZE8tSWc.,#588CC7
6.429,3.437,9qSI5uCXV4P-3ziNWiNgOA,#588CC7
6.431,3.438,Sysz0neDvhQ0IMEijrc91g,#588CC7
6.431,3.421,BcKUaxfKNo8pScijx5_3Rw,#588CC7
6.43,3.42,CAoSFkNJSE0wb2dLRUlDQWdJRE9rYnZTVWc.,#588CC7
6.43,3.437,H970wdYJBPPpqw-yq8nP7Q,#588CC7
6.432,3.421,f2jN6vwDkhGQrFXocu418g,#588CC7
6.432,3.438,TFPttn-xkBhyiE0CoTxfNQ,#588CC7
6.433,3.439,SbWekA69-2yk1rRZXUEPYQ,#588CC7
6.434,3.422,NA1G26V7fnqen9Hc8ofOQg,#588CC7
6.434,3.439,1iyN2JaRxroOhrYLEwumNQ,#588CC7
6.433,3.422,Rgd3a3okrnbog0leMC-NPg,#588CC7
6.435,3.423,sDEuPXt4VdiX5krjZFOaJw,#588CC7
6.435,3.44,SWceBNGPplJ84M2QNd0PMQ,#588CC7
6.436,3.423,8gmUOypZj9XkOUb6cC0JXg,#588CC7
6.436,3.441,EUSVIwMhGUCXngj3r-xf-w,#588CC7
6.437,3.407,Cn29nwooew-TCEVYJr3pSQ,#588CC7
6.437,3.424,CAoSFkNJSE0wb2dLRUlDQWdJQ0UwN0xmVkE.,#588CC7
6.438,3.407,KDvUuR7Ib0cm1SjVvJ8arA,#588CC7
6.437,3.441,Yk9Ngr7Phnsv9DFKzhj1Fg,#588CC7
6.438,3.424,04HwQC1Px7R9uCL-7LSYfw,#588CC7
6.439,3.408,FcIl_Eenmv9228njq3YCDw,#588CC7
6.439,3.425,NixRTr8Is_RIEJLN2aaKvQ,#588CC7
6.44,3.408,CGlvr72t2SnacGFAml3eYg,#588CC7
6.44,3.443,h6BmnOS2apG9Oc06-JDq9g,#588CC7
6.44,3.426,u-vtDyuZT6EVYf4TuEIn1A,#588CC7
6.441,3.426,Jd3dJmHP7ueARUIaZZGfTA,#588CC7
6.441,3.409,KeOxLDtpd5KOi28qteiXjA,#588CC7
6.441,3.443,OAV_6_4IfTppjFx5Dn0A3Q,#588CC7
6.442,3.427,CAoSFkNJSE0wb2dLRUlDQWdJREV0ZnU3R3c.,#588CC7
6.442,3.444,QizPKqUviuE-_IdHhRyf3Q,#588CC7
6.443,3.41,S1tRHvCdqzc-3aYExJhzGg,#588CC7
6.443,3.427,rjfJwlE6vTxyFL4BiuCMHQ,#588CC7
6.444,3.445,squ7cReQRqQc7IgTzdm2bQ,#588CC7
6.444,3.428,V_xvQB4ZZoKBOfDj-mPFig,#588CC7
6.444,3.411,aNqrhHSSd_a0AdHhJ3zFHA,#588CC7
6.443,3.444,B9NfhSgPpVoHokwUUc5Y1Q,#588CC7
6.445,3.446,U3iJdR-qB-yb8sKEUbDTxw,#588CC7
6.445,3.428,QI0aOPVwX0gd46ziiiJXvA,#588CC7
6.446,3.429,CdEa9aupJJFYEqW2e3NaRw,#588CC7
6.446,3.446,uJGsuRsrpGTiGnrW3pty2g,#588CC7
6.447,3.447,XmSU-xLv8GvySS6GWdtEyw,#588CC7
6.448,3.43,fTlTASGk1Ve32giyEGvS5w,#588CC7
6.447,3.412,Pp3zMO7h_7cjjVU713W0Ig,#588CC7
6.448,3.413,6Tjwy5tuiAH_lauRDiKETg,#588CC7
6.447,3.429,CAoSF0NJSE0wb2dLRUlDQWdJREV6Y1d1M0FF,#588CC7
6.448,3.447,CAoSF0NJSE0wb2dLRUlDQWdJQzBzdUt0b0FF,#588CC7
6.449,3.413,5asRdQLON1IPIKiQVrG4Yw,#588CC7
6.449,3.431,uBt_s6giuE1wDSrJId947w,#588CC7
6.449,3.448,kqib9LpkinI2WY11OkiaBQ,#588CC7
6.45,3.414,uMrqKuki4uB34q1M7DDRTQ,#588CC7
6.451,3.414,E4BfSPIf6dE-AoewduF3Nw,#588CC7
6.451,3.449,UAa-1DcO74JM-rqpivfn4A,#588CC7
6.451,3.432,RB8d3iN_z-SGl5OiKngjrw,#588CC7
6.452,3.415,FrUfQa9d76rsAAInsvIxEw,#588CC7
6.45,3.431,6ao2yJjZSLxCwj6ZKcrm_A,#588CC7
6.452,3.432,ewsQU8Bx4xZk7Zhtnc6t2g,#588CC7
6.45,3.448,IkAAgyPYvVRISHGFiwyumA,#588CC7
6.452,3.449,ZGEEkSqZDNUef4VD-fEcuQ,#588CC7
6.453,3.433,vvJuLkWb1HZNKFpnr0a94w,#588CC7
6.454,3.433,PecXmL9gyjf0jP6rLmLfoA,#588CC7
6.453,3.45,MG7iE7Y55xX4s3VQEKN3CA,#588CC7
6.454,3.45,OYc9Ap7Np2aAUgxSn-KeeA,#588CC7
6.455,3.417,_lyC89G-pQ5pWx25Ttqq2A,#588CC7
6.455,3.434,2P3CmlEOZWaNAwluqxmXPA,#588CC7
6.456,3.4,GXY2HVywK3UdO00J0tVyXA,#588CC7
6.456,3.417,GRhloY4aUo6V_huT3RNwDQ,#588CC7
6.456,3.434,WXyiN9B17PFNVAVLPgYyZg,#588CC7
6.457,3.401,uhETkHiouuzBO4BmAnQqfg,#588CC7
6.457,3.435,Ky-uTQxFeSwnh9cVrRiw5A,#588CC7
6.458,3.401,TSaAjPCsEpD4-4-Gs2obdQ,#588CC7
6.458,3.418,OMiMCDDeYBvaTSqcXqPS0w,#588CC7
6.457,3.418,cGCQ1_ozIYA4C8FKJ90SLA,#588CC7
6.458,3.436,DbvWUBq4eb0NMgG-ezpoQw,#588CC7
6.459,3.402,scGnfWjo1PXvW5MkNl2mRQ,#588CC7
6.459,3.419,qhNRNSCX_w406ie6vjDK6w,#588CC7
6.459,3.436,UTJXw63Z1OXHLiiFAurBpA,#588CC7
6.46,3.419,vWOkdZKfSw9EGN77XFIknw,#588CC7
6.461,3.42,smYo6Ysyfi6OM1uUwraPhg,#588CC7
6.463,3.421,yxx2gAFDKK1xx0Qlvflpcw,#588CC7
6.464,3.422,JtMAC0vJ_DSZfD3NoUGBWQ,#588CC7
6.518,3.4,CAoSFkNJSE0wb2dLRUlDQWdJQzZuWm41SWc.,#588CC7
6.519,3.401,CAoSF0NJSE0wb2dLRUlDQWdJRDZtdEtWNlFF,#588CC7
6.52,3.401,CAoSFkNJSE0wb2dLRUlDQWdJQzZuY1hUYmc.,#588CC7
6.525,3.404,nO7Dvpvh2hObVUhoLsIyTw,#588CC7
6.526,3.404,l__keAhaJ8JrARRCYnbdww,#588CC7
6.549,3.4,EZqrp8gkDV8jh7nGiB5THg,#588CC7
6.55,3.4,m3868v7NK7K1KS9it5TMoQ,#588CC7
6.551,3.401,yLywc9MSatub0-Xx_cTqIQ,#588CC7
6.552,3.402,UB3Q-4x8QX_xm8EwMgAolw,#588CC7
6.553,3.402,yZtYM6N-pT37A--bzO-PEg,#588CC7
6.554,3.403,-0Rrfi7QzkAYW6ZwyF_WIA,#588CC7
6.555,3.403,eXVSvKN_1ILeZ3wRcPOj2w,#588CC7
6.556,3.404,2oUEQOjIoc7V6hmMw05USg,#588CC7
6.557,3.404,4eWeM3qYeh7YKu5yjel5Bg,#588CC7
6.58,3.4,UkhkpPuUOkDQxIl4zLBXbQ,#588CC7
6.581,3.4,B5BaXeijFGgwk68XAA4wPw,#588CC7
6.582,3.401,hjpxm1I0zQociybZKjqjqg,#588CC7
6.583,3.402,GWwqGF858ecT_TzK1zbVgw,#588CC7
6.584,3.402,FiJuyR5OT0VRmjfjuWQIQQ,#588CC7
6.585,3.403,ktZHu9IEZ1ZXIUL3kDVQdQ,#588CC7
6.586,3.403,VALxP8Hf6VVsXXLlgOLstA,#588CC7
6.587,3.404,bB_l577jp16E2JuTjQW6tQ,#588CC7
6.588,3.404,dtUpPDyZjl83Ja4vIrvQog,#588CC7
6.589,3.405,PxyWzwLP581BPTiQahekPg,#588CC7
6.59,3.405,G5Je_nIPuiw8PTyl2XzvzA,#588CC7
6.596,3.426,lCmj7ouA137NBK5sUwQSbA,#588CC7
6.597,3.426,xDnL3ZzYR18HEcxb28a1kA,#588CC7
6.597,3.409,l1eLIIBvkzXzOp0B7gt73A,#588CC7
6.598,3.427,U0UVOchB7FOsFgfSaeTiXg,#588CC7
6.599,3.41,H19UpKvHKsEK4LblvW4riw,#588CC7
6.599,3.428,5zy30_7YTpSy7jOX1gu3ew,#588CC7
6.601,3.412,B5Fo0tujga8yhK6Fy1hfsg,#588CC7
6.602,3.412,ORqYkCchhN6IB5QlHL_NaQ,#588CC7
6.603,3.413,FAws_CDDjNZN_fYR15hfig,#588CC7
6.604,3.413,HGLtu9cIGUZfQPbmkYW6Xg,#588CC7
6.605,3.431,k8WqOS_e-3g2t67Zrj6wSg,#588CC7
6.604,3.43,QAfGxwN3czIs7Ll_llJ3eA,#588CC7
6.605,3.414,HE4IReqxHsa7O1zr3mBosg,#588CC7
6.606,3.414,GOx_jKmMAnDSPzJZXxZTLw,#588CC7
6.606,3.431,k3KmZYvuroZIATrIAbsHhw,#588CC7
6.607,3.415,E2mspxHr3hIoInb1O04ftQ,#588CC7
6.607,3.432,cS4aFCy5dQNozx1Yf1_0yw,#588CC7
6.608,3.415,9DOc7ZoszjaNR2tkrfjtDw,#588CC7
6.609,3.416,iWwst6mbi2Btx_IwoMt_ow,#588CC7
6.609,3.433,DkV98nIR3HbuaGGeS3FtYQ,#588CC7
6.61,3.417,IshzIqu21wX6-5IlH3VdMQ,#588CC7
6.61,3.434,Uzbc2pmLVdJ222PIwR-ofw,#588CC7
6.612,3.418,fMT2nkvmUasAwgS_H-bgOA,#588CC7
6.611,3.417,Tjm_kv5uJFvKc73dI00gjA,#588CC7
6.613,3.418,MRs9d1Z1DA0RFtD_7Knj3Q,#588CC7
6.629,3.41,X-h89qUe5JRTmqAouV4Knw,#588CC7
6.631,3.411,gV2thm8I5hRWWMCuqxjaiA,#588CC7
6.632,3.411,G2XUae0W4sHCV7_jdF4drg,#588CC7
6.633,3.412,bIIRFvgK5YOFB1p5XRP1oQ,#588CC7
6.635,3.413,-MSWvv_WaYJnX9E61_uYsA,#588CC7
6.642,3.4,MdQU5wW-0OHoH3podD96IA,#588CC7
6.643,3.4,k0MgQ4M1m2mfVrNZtwSTHA,#588CC7
6.644,3.401,nX2Y2eWr0lNKPitDcc1j2g,#588CC7
6.645,3.401,inne9kwrN7Ii56mnFquMkg,#588CC7
6.646,3.402,huHezg1x1jnja6WeCCvwgw,#588CC7
6.648,3.403,Ci9XB6o6ckKQtM56N0xEgA,#588CC7
6.65,3.404,FUe0EDct8dgLzJTAkNaqFg,#588CC7
6.424,3.466,dtyjnWQsC9lOoa4QjwAUtw,#588CC7
6.423,3.48,CAoSFkNJSE0wb2dLRUlDQWdJRDR5SU9BVXc.,#588CC7
6.423,3.497,iSjRLQqCEMI7f7CkduJxlg,#588CC7
6.425,3.451,_dU7NoKWif3HkRkv7kWiNg,#588CC7
6.425,3.468,zWtBa49_sSzSnBn4l4_oWQ,#588CC7
6.426,3.471,mQhkPjsGiR6_McdZgRxwbg,#588CC7
6.426,3.453,bQ1d8Acu_Czq2ChciOWLdw,#588CC7
6.427,3.456,yohL0lvPpvtnFAD4VxwJAQ,#588CC7
6.428,3.459,oXyQ3axLu_XTiG7LbdOEdw,#588CC7
6.429,3.461,GRZ5eVE0_48ToezTY8mDSg,#588CC7
6.428,3.476,AATec8AtK5aQ4M9cKifKLg,#588CC7
6.429,3.495,YdE67B67Idy5lgHA7L-Jvw,#588CC7
6.429,3.478,onZ0RxPyTXK4FDEhP0FMTg,#588CC7
6.43,3.464,dL63mgwnfXrGx8lwTh7TPA,#588CC7
6.431,3.466,13nFA1aH5zxaWfXyIiW_PA,#588CC7
6.43,3.498,YNqKWRFIDgqZthrP6eZ_wQ,#588CC7
6.43,3.481,npqbk6YM3iPfccd80tzMaQ,#588CC7
6.431,3.483,CAoSFkNJSE0wb2dLRUlDQWdJQ0Vqc2FwVnc.,#588CC7
6.432,3.469,FjE7R4TNxer-qO57fTDExA,#588CC7
6.432,3.486,XZ9Ij2HWEhN3uBIldxWSWg,#588CC7
6.433,3.489,8y5jQOmSYd3XbA0KZ3Kxyg,#588CC7
6.434,3.457,4bsMZc94YWMEmVa2YDF5Aw,#588CC7
6.434,3.491,WWnaKuL4vNxx9RhTWGJ_9A,#588CC7
6.434,3.474,CAoSF0NJSE0wb2dLRUlDQWdJQ3VpT0xuOXdF,#588CC7
6.435,3.476,6g38igTQ3oKnrJkIVR5w2Q,#588CC7
6.435,3.494,tMUeZ-TyPdR37dyzX5iqUg,#588CC7
6.437,3.464,IpxbvioaLDUKCwo4juDBmw,#588CC7
6.436,3.496,3b-twQAhd377nYwDwPRJQA,#588CC7
6.436,3.479,344VPovrjfaX9qJKvf0jWA,#588CC7
6.437,3.482,3EML6OSA94g_fTaInJ6uZg,#588CC7
6.437,3.499,RA2ESk8vBmk4ZhwUkispQA,#588CC7
6.438,3.467,geO_kq4EQaoGqmFIoSVKsw,#588CC7
6.439,3.469,cA-C6_XfqsvFggnNl21o8w,#588CC7
6.44,3.455,-X1fGP0TrX5GL_Ocp1TlLw,#588CC7
6.44,3.472,0sV9H6j0GzqCeE4I6n9YOg,#588CC7
6.44,3.489,CAoSFkNJSE0wb2dLRUlDQWdJQ3M1XzdTQ1E.,#588CC7
6.441,3.475,7vpbZZhXPVGsL325eEhZtA,#588CC7
6.441,3.492,uFYFEg8mFPy6QKW1sDgiIQ,#588CC7
6.441,3.457,kpCItaNhlWlSuHAwEE0Wag,#588CC7
6.442,3.46,dM3bvBMAWmg0SE32mFGCGQ,#588CC7
6.443,3.462,K4MZqEp8Ot6X2yyzxMWTew,#588CC7
6.442,3.477,CAoSFkNJSE0wb2dLRUlDQWdJQzRxNHFEYlE.,#588CC7
6.443,3.48,_oQV4ECX8USI5XZU593Nqw,#588CC7
6.444,3.465,CAoSF0NJSE0wb2dLRUlDQWdJQzRxOHFnOEFF,#588CC7
6.443,3.497,tR0ErLIy7gg3JceHjAvAMA,#588CC7
6.444,3.482,TKLC88BpSElJobv4781AiA,#588CC7
6.445,3.468,CAoSFkNJSE0wb2dLRUlDQWdJQzRxOHJSWXc.,#588CC7
6.445,3.485,0aS3uUzeqxMunFjVJAYXVQ,#588CC7
6.446,3.47,CAoSFENJSE0wb2dLRUlDQWdJRDR6ZTls,#588CC7
6.447,3.456,NWz1m1MMzMD4pJ8u4RM-bg,#588CC7
6.447,3.473,zbfY4S1iG1CrIV3G2qq_sQ,#588CC7
6.447,3.49,t3TtnTma8ijQFu0XF6RGMQ,#588CC7
6.448,3.475,BYrUn7lfE51fFFev6n0zPQ,#588CC7
6.448,3.458,-uRa2ygzjbe6BBotKx6ubQ,#588CC7
6.449,3.478,CAoSFkNJSE0wb2dLRUlDQWdJQzRxOHEyRHc.,#588CC7
6.451,3.483,odZA5VJhq4H9L4zXbgEKdg,#588CC7
6.453,3.454,FGp2F_KldBG8pdUEUuLHew,#588CC7
6.453,3.471,9S3ptbqWCOmz_vtyy_jSKQ,#588CC7
6.455,3.476,CAoSF0NJSE0wb2dLRUlDQWdJRHlsZGlqMmdF,#588CC7
6.459,3.469,dVtdDBcTPQ_uy1IcekGZSQ,#588CC7
6.461,3.457,CAoSFENJSE0wb2dLRUlDQWdJRDhxYlVI,#588CC7
6.559,3.476,Ie2LrCVDbFyaM3NpRR9TTw,#588CC7
6.56,3.479,0jQxAcvdYckZklZ53fyIAA,#588CC7
6.561,3.481,1VcG7P7AXPru7KLqcShvfQ,#588CC7
6.563,3.487,IDt6vK6gAJ3dx4_FzM8y7w,#588CC7
6.564,3.489,G87r0Ww_NdaMddoPWjo78g,#588CC7
6.568,3.499,intardwzOIoczt_KmlAEMg,#588CC7
6.571,3.49,TCd0RTrAymvlbrfy9VpBDg,#588CC7
6.572,3.492,9bmn8Fa9ceCITcRRO5BUVQ,#588CC7
6.573,3.495,o3IqC6rcq07CqKdtAMnPmw,#588CC7
6.574,3.497,yRafC7r6LW-iRQKhPqzrdw,#588CC7
6.577,3.488,95nIVEu2PWOyL8nKdC2Mlw,#588CC7
6.578,3.49,3qXfE5lntJOR6WtkuDnPbw,#588CC7
6.584,3.489,M9_RW30rEwrVxTjC51w_tQ,#588CC7
6.583,3.486,DVKFj2ThKpRyUJp29lOVLQ,#588CC7
6.585,3.491,TRYzh145sTYvYWqy6tFqfg,#588CC7
6.588,3.499,Y6GFTPaJUIPdZzruGlExrA,#588CC7
6.592,3.492,ud8xiI0yIco43ORQSr5Vhg,#588CC7
6.599,3.493,LRzmjuxBEIRyrPrkbtp17Q,#588CC7
6.6,3.495,o6BrQ8VtTEs8VcKLe38PNA,#588CC7
6.601,3.498,N2LZDPw9iBxkJoL11GZqrw,#588CC7
6.603,3.486,7fN2zBmMG3Oh1OBbSTEftQ,#588CC7
6.604,3.488,YBjt2VVkLKMbA4THe_Pxzw,#588CC7
6.605,3.491,ii6eYenaZxDcYyEQV0Z-nA,#588CC7
6.607,3.496,AF1kF70OMDuHcV403uNYVQ,#588CC7
6.606,3.493,tncY1LQvWtpYuICl97sQdg,#588CC7
6.608,3.481,26oahzhaK8towDwzZkRDIw,#588CC7
6.608,3.498,ix69gngYOQO46UBJ5JmAQQ,#588CC7
6.609,3.484,0BiT63UxMSCKu83vQEm9qg,#588CC7
6.61,3.486,M0ZuT8Mp5X98vJGoSx12xw,#588CC7
6.612,3.491,CWu8d9IzVQFvBmetfYp89Q,#588CC7
6.613,3.477,WFp5oMZXa3QN5uYitKPJYQ,#588CC7
6.614,3.496,ObPUb8DhHfgfhkwsSeTy-g,#588CC7
6.614,3.479,ZLNauUqdGgaXhmJfiM7PqA,#588CC7
6.613,3.494,vCKbXu654RWJfGvJi29zbw,#588CC7
6.615,3.499,qnngsXhuxceineXoUvLpAw,#588CC7
6.616,3.467,AgaW6sAw4yeV7RD0aS2efA,#588CC7
6.616,3.484,o0xIN9VqvEHizuX_3uP6oQ,#588CC7
6.617,3.47,g7Ak1wykjHesaDiPJMXplw,#588CC7
6.618,3.472,R6G-vzrpoUgl9bmSLXNyUQ,#588CC7
6.619,3.475,ndr43oIf7-y8sKYv7tNbcg,#588CC7
6.62,3.46,WvckhSdY1Qy2k4xH2eM-bw,#588CC7
6.619,3.492,VyFpKaKzDPEoI4Iy-ZPHqw,#588CC7
6.62,3.477,KvF2NVIOfzrt9PeRqzpBww,#588CC7
6.62,3.495,UgVO1PjlSO0WOilegbd4Ng,#588CC7
6.621,3.48,IYw9X2juj7JIKhI5XO9ESA,#588CC7
6.621,3.497,XyN3jO-iaJi5bxUJ7rXAOw,#588CC7
6.622,3.483,OasuzQwyrcvRTkkbIv22vA,#588CC7
6.623,3.451,quvdXj-hsK6YheBspI-_RA,#588CC7
6.623,3.485,9LNISqAOnBDPW0DzRH0nTA,#588CC7
6.624,3.488,CuyHDkgQ7RYdBzjrnJyg3Q,#588CC7
6.625,3.49,MUxyjjdYCpbLkeAD41i18g,#588CC7
6.626,3.493,Nkl0l_dhLMAJpA1Vnw2zJg,#588CC7
6.627,3.478,qMIzf29zthjPSTYIeKyXOw,#588CC7
6.627,3.495,VLCqsRMy6e2PQtmxW9_s_w,#588CC7
6.628,3.481,9mUv8IsVf4ewtWXZJJG-LQ,#588CC7
6.629,3.483,EzoxCPX37AV1jmQ243_xkg,#588CC7
6.628,3.498,OPzM_qNKRfYIJIGxDbIKDw,#588CC7
6.631,3.488,_PLfPgg2-GuXv5g-FRPNQg,#588CC7
6.632,3.491,OCFCcOOUkhWn_E3ca0hiZA,#588CC7
6.634,3.479,FuvmYm5EFPhG2Y-pFGalbQ,#588CC7
6.634,3.496,3oZGnKUgzGN3hfzl96eJpg,#588CC7
6.635,3.481,tUAeRLHoDkLcjMUq2MGX2g,#588CC7
6.635,3.499,FdPOb7d0sSD5LT1FNhjbYQ,#588CC7
6.637,3.469,YK46fdwgO_2Gp0Z_ezPbNQ,#588CC7
6.637,3.486,o8a0zJYsPtWGASFt2ukIqQ,#588CC7
6.636,3.484,9auCUT-tNtthPbbw0SRXeA,#588CC7
6.638,3.472,oAMy7R08ZcYq0PGM9qgBfw,#588CC7
6.639,3.474,yBvMxnSWKQXRL5mx8WghVA,#588CC7
6.641,3.48,ncKCUv9Lg29bA9fh8gN3Ag,#588CC7
6.64,3.494,rCdhRQq09yIflM0RPXJ8hg,#588CC7
6.64,3.477,KgN06q4wT_WzRKSPvgLNVw,#588CC7
6.642,3.465,iVeGCeRQQyTNoXWqEIVAZQ,#588CC7
6.641,3.497,U6HL4MPVceEsbpVUanAMfw,#588CC7
6.642,3.499,-2V3Nmh9-wHSyyKBMLts4w,#588CC7
6.644,3.47,kb4qGfwsSwgfEYVUINOxew,#588CC7
6.643,3.467,ijEyZbs-6-SzJAKV60y-tA,#588CC7
6.644,3.487,EhDNM8OmP5hMHES5zwWaiA,#588CC7
6.645,3.49,CVTeomCF0hj02pvqhUPExQ,#588CC7
6.645,3.473,GXMT72l-3ESxboMdYg3Tuw,#588CC7
6.647,3.478,nBtw7CKk5i0V8dOwcv6_yg,#588CC7
6.646,3.492,T1eQX6cjz3NQQ9fsfxPGvw,#588CC7
6.647,3.495,MA5Az9ZJv6RyWURO007yVA,#588CC7
6.648,3.497,jWNrzJ7yGF0OEIYiHzcSog,#588CC7
6.649,3.483,yk8ERQUoIzOTmppsNFajiQ,#588CC7
6.65,3.485,La4ggvSpmkxYLY9io3ySDg,#588CC7
6.423,3.521,QRf6XuF1AXnxX2nLbTSmkw,#588CC7
6.424,3.523,N4Pmkx9F3oxHa7pnYyJ4DQ,#588CC7
6.425,3.524,XRIvcP77-vQHhgPWs_JB5Q,#588CC7
6.426,3.526,xD8LQHIPkuTHb5skUcgOeA,#588CC7
6.426,3.508,DZgDOsIlMbQAq7gn27twNA,#588CC7
6.427,3.527,QZYlhuL2jBUz1MEfO378_w,#588CC7
6.428,3.529,p2j2g5muDW43dcr_NcKwQA,#588CC7
6.428,3.512,oSI0PDvriuv_EE_j27Hbig,#588CC7
6.43,3.515,_E4NIs9s6gbM0eSc9IeiHw,#588CC7
6.429,3.53,6js9Vy7NxCFqQ-amNBhQdw,#588CC7
6.429,3.513,70kvmVstmJaEodal1EhQ4g,#588CC7
6.431,3.516,Xs-1A_AHbYq7yhWu4ht7rw,#588CC7
6.432,3.501,DBBmlWOL3b5_pHadNrNXXw,#588CC7
6.432,3.518,Fu3NZ9qqKPVsu0Tp0w9PfA,#588CC7
6.432,3.535,4piZKjfKi_wAAAQrBktrkQ,#588CC7
6.434,3.504,rNTgizIk6pZqUSzkOmUWww,#588CC7
6.433,3.519,PUuAREtgYq7_geK6uukrpA,#588CC7
6.433,3.537,zdMvpteIfJYAAAQrBktrnw,#588CC7
6.434,3.521,5CVgju2cnaF8ipjIjwJrfg,#588CC7
6.435,3.505,AUWRC7QMDsVgrmeIXeoHZg,#588CC7
6.433,3.502,RoHYLNDZKXRX_rN-0JhI-w,#588CC7
6.435,3.522,kXjWEszV7AeOG_LmWj7Tvg,#588CC7
6.436,3.524,oKSK63KX81g6atPY2BjVwg,#588CC7
6.436,3.507,CAoSF0NJSE0wb2dLRUlDQWdJQzR3czcxOWdF,#588CC7
6.437,3.508,AMl9gtUqIhwNjUDPbus9Xg,#588CC7
6.437,3.526,P-uuGYCMmecb4gDFRTzuZA,#588CC7
6.437,3.543,xo2_wQf26OVVBKqll5_RvQ,#588CC7
6.438,3.51,iFZ-D2idtFI-oFm_unbxtA,#588CC7
6.438,3.527,S4SDRedurmkA1YFxTiTPgw,#588CC7
6.439,3.512,4kQVQ95-er7vWWENdDMgoA,#588CC7
6.44,3.513,ZSrMf27xBgkxfCTNOTBQTA,#588CC7
6.441,3.515,N_r4svEMe7OeVnvoMAnY2g,#588CC7
6.441,3.532,Tl5ZBPWPwIFV1wqxaVh1zQ,#588CC7
6.442,3.516,GdB459aThxfyJYvG-Z5ZSw,#588CC7
6.44,3.53,0-uv7Mue_qZeJ-vKIjQSZw,#588CC7
6.442,3.533,XvAKqnA67zAczE6B_SwQcg,#588CC7
6.443,3.535,L9t8NhwfdKe3dO8TM65QTQ,#588CC7
6.444,3.502,3OHESzUkHGP5tQNYivjhiQ,#588CC7
6.443,3.518,HETJWv_yA_-oKZuAJCd9FA,#588CC7
6.444,3.519,GbODfjmkFidpAI_UF8LNeQ,#588CC7
6.444,3.536,FgjMLv4FNC9hTtsfjIEXTw,#588CC7
6.445,3.521,RsV1_vepOIwBjqeGUxtgSA,#588CC7
6.445,3.538,-tBkt3diAjnI0uJZ4_nYXw,#588CC7
6.446,3.522,uhIrGPjPhcPV61PGlpM8Uw,#588CC7
6.446,3.54,XHgmJKSYBdR9NNQQkT3s_w,#588CC7
6.447,3.524,wDFxrItzCj9nVZjSWRwhyQ,#588CC7
6.447,3.541,65O_wrI1E5mXKMgg3KwJbw,#588CC7
6.448,3.525,CmgU8OQs6shuRDeIT-u8uA,#588CC7
6.448,3.508,jnKULnHJZV0_KqM0e-0TVg,#588CC7
6.448,3.543,jX1Aot33eGBwge8WkT-wcQ,#588CC7
6.57,3.5,8EOgTytJ4FkdGUfUDvQTOQ,#588CC7
6.571,3.501,zHj7BzU1tRAxRMREB_0LJg,#588CC7
6.581,3.5,SjZ3v0zB0BhdsJ407AUMjw,#588CC7
6.582,3.501,ieN4CJ4mrmzr27fBCJfEyA,#588CC7
6.583,3.503,mx06I9SJDcD2AcmZ_3XwhQ,#588CC7
6.587,3.509,sd-t9Ks_LR7tSqlUe5Ccdw,#588CC7
6.586,3.508,TQfwQ5rWjdvb4c141UKsEA,#588CC7
6.588,3.511,k5RVDeYxRyqlT1X-MJSQ_A,#588CC7
6.589,3.512,AFoybTrJun3JzAo3IFZVVg,#588CC7
6.59,3.514,mV3wGtdpVw-D453iFmPEfQ,#588CC7
6.591,3.515,MHaKD1am_CU4umeY8bg1zw,#588CC7
6.592,3.5,FlKtqQjDTvPSwwFXWn_PzQ,#588CC7
6.593,3.501,1LJPlAaMEI-O7nZ7fTXFQg,#588CC7
6.592,3.517,nLVz25GkYWsDOCQI1sAMEw,#588CC7
6.593,3.518,Y6LGTdL1ZcZV3OqBg2v8oQ,#588CC7
6.593,3.536,EcifP93i2GpGgqQLci3VKQ,#588CC7
6.594,3.52,gig9g3aFPQD-Q0Q6wqJhnw,#588CC7
6.594,3.503,M9oZO6UDh6bgwsVwp5sv7w,#588CC7
6.595,3.504,Z0-1jAppeYhIC-f1F423Bw,#588CC7
6.595,3.521,VXyjgI87MNnSvoC0Zkf58Q,#588CC7
6.596,3.506,fdb9SATAcAAwN9cv2Ctigg,#588CC7
6.597,3.507,Ke0Jn-NRfDSB27HbKcMK3Q,#588CC7
6.598,3.509,2KytJBLUzTWxmMBM5IXQJg,#588CC7
6.599,3.511,V0bmFlxWt3Ye0owdfBdEcA,#588CC7
6.601,3.531,CAoSF0NJSE0wb2dLRUlDQWdJRHE0WmJlbndF,#588CC7
6.602,3.515,s5Zz3wAvIvPpZkbfiaeELQ,#588CC7
6.604,3.501,BQENwmUDMi28UT2P4sdT0Q,#588CC7
6.603,3.5,oJLtOpEH0mtiJmb_zvBhMA,#588CC7
6.603,3.517,sg-Sr69RXTgTM77n9wuy4A,#588CC7
6.604,3.518,gMZYzjai808SZmWFEYDHUA,#588CC7
6.605,3.503,FBKfp2oqcLYQzWIHS5a-Iw,#588CC7
6.606,3.504,xIxX0iCLxK9XHAHUsyguTg,#588CC7
6.607,3.506,2_cb803Cc1mFOVm_9Vw2oQ,#588CC7
6.608,3.507,cuUTguLATIgfO9OPcg71wg,#588CC7
6.608,3.524,9pT8ovYStr9Sq1WYpWA3jg,#588CC7
6.609,3.509,gtuErSUCQhOH4QA51xyOgw,#588CC7
6.61,3.51,iBQM-FO_Dv-tOp20txRNtg,#588CC7
6.609,3.526,EieNqs_pHjWYI1t9E4-3TQ,#588CC7
6.611,3.512,9LmrmWCYlA1L9wh1BCJ5Aw,#588CC7
6.61,3.528,zcKZnfstZKfqBmST0eqPBg,#588CC7
6.611,3.529,POuYbl1SZiT8sAPut-y-UA,#588CC7
6.612,3.514,Jja65I-m4NRxQ0hSmTriSA,#588CC7
6.613,3.515,aawD3zeKzkWh9HZ8uhlGww,#588CC7
6.614,3.517,5BcmhXCQ5pQP5lgZ6oFnfg,#588CC7
6.615,3.501,9nQXP6D30yDG91yNiCCOGg,#588CC7
6.615,3.518,tXhMOG8tMJG5-rxu8Evhhg,#588CC7
6.616,3.503,LpQGv8f82ZJjk3eXnpZ5mg,#588CC7
6.616,3.52,s-GxyjYk8tVp-QjPBeCqBw,#588CC7
6.617,3.521,zWe0KBs_Mze_HdhAcPG8PQ,#588CC7
6.617,3.504,Y3Xc7SFLapTMoce5ptjqBQ,#588CC7
6.618,3.506,3XQ62X2bAuxcGCXGY00hRA,#588CC7
6.618,3.523,WPLLSqsjSwaYlE_qONK_8w,#588CC7
6.62,3.509,PZioFaScHSNTwzffdzXXhg,#588CC7
6.619,3.507,cjoZLXv6VGmwTC1C9OoZlA,#588CC7
6.619,3.524,YBrW9nS5wwctZ9GfrYEhcg,#588CC7
6.62,3.526,9wAMZ4B3gpDCPD1f-lcu5A,#588CC7
6.621,3.51,jb0iGr66ghUu0w70x0N-Cg,#588CC7
6.622,3.512,eei8DLE2dqTWZCCvZqsTXw,#588CC7
6.622,3.529,XR4Zy2VjKOkVPbfyE2z--g,#588CC7
6.623,3.513,gLFbrR78WBBdPGV2Wbd-Sw,#588CC7
6.624,3.515,cJNK7_kMFazYaju6B_ESag,#588CC7
6.626,3.501,9gEfwAomBkdo1W3WArirQA,#588CC7
6.627,3.502,AMnbSr2R7n0wapPt0GwFLw,#588CC7
6.628,3.504,MD9mrj9NiznfIE_qTSB-oA,#588CC7
6.629,3.506,eiM7BLPSpjUEysKqyOCnAQ,#588CC7
6.63,3.507,0iFeWBJmFNcJM7ovcHzzNw,#588CC7
6.631,3.509,PCOS4TIx4KzGlziZOBd1nA,#588CC7
6.631,3.526,qVP2bDJYXZwddGa4rbH17A,#588CC7
6.631,3.543,5SmGnuj6wsiAHiblsKtdsQ,#588CC7
6.63,3.524,8SABVhVV2CXURbWhhs9LkQ,#588CC7
6.632,3.51,KDpLdE_e9oqLOnSlkVeAQQ,#588CC7
6.633,3.512,tcEcJHlLadtdObsvPWbnrA,#588CC7
6.637,3.518,QqtXQerIZUIvQrL9hv7yzQ,#588CC7
6.636,3.516,J3mRrLmEHTh-zUVfm6Dr3Q,#588CC7
6.637,3.501,WJS1ZRUB_D6aTs36qVGGQg,#588CC7
6.638,3.502,9exWMukrnDy5I9cbLOcRgg,#588CC7
6.64,3.505,FNm3y-riKuuWSAxs505FCA,#588CC7
6.641,3.507,Hho9CbGKaN4eHM6PbROqig,#588CC7
6.642,3.509,h59NiqQ0AzdBs64U7fh8ug,#588CC7
6.643,3.51,P9NjZZT6pduQfQ0GOU03SA,#588CC7
6.644,3.512,rVlTgJPuEeG-J3WhW0qH9A,#588CC7
6.645,3.513,x0CXEI7asWieROakPRyZkw,#588CC7
6.646,3.515,44qwcuWMdrDB-_MQ6f9HEQ,#588CC7
6.647,3.516,iqiFKKNgQkJQp_o3Tl8iBw,#588CC7
6.648,3.501,Zbxq0g6Y50XqyKPv8cf6MA,#588CC7
6.648,3.518,ypLMr-q4MXzaa3sVpA9bBQ,#588CC7
6.649,3.502,f4_RNddKhxNkYNPRDASktA,#588CC7
6.649,3.519,t9cVW9OlxEAGcCisYsVhJg,#588CC7
6.65,3.504,-_XOfIERER0RGyjYbKEmGw,#588CC7
6.65,3.521,bIDALCVEZypVFm_JICybkw,#588CC7
6.651,3.505,NUyTH38of5qb8LqK8kW-tQ,#588CC7
6.651,3.523,5ZGnY2fdLYA0eEdKom1_pg,#588CC7
6.653,3.526,0S6y77FA5rmOu2yim4dwyg,#588CC7
6.654,3.527,OJndEUCx2PlCqUyR06OSFg,#588CC7
6.655,3.512,TZaKaBxHfvsnPg4j0ZMXag,#588CC7
6.655,3.529,hizdA-t0edzLnlMWtGX-ww,#588CC7
6.656,3.513,BdFbQZ83LEvS5gAAleBnjw,#588CC7
6.656,3.53,z9tVetaWXU1dL7Kg8H_ZOA,#588CC7
6.657,3.515,vu-6cq4_qv7LBXGahevV7w,#588CC7
6.658,3.516,A26S6H1SbstjWQvEJZnb8A,#588CC7
6.659,3.518,PvDIvPmYbwGBo1bV2wqpuQ,#588CC7
6.66,3.519,3o52004k9Q7t-V63ML7nYg,#588CC7
6.661,3.521,KERvgV6DvoFhOOv12U5OIg,#588CC7
6.662,3.522,qLF81ZD_mw_VSO-sV2LrIg,#588CC7
6.663,3.524,7bJuLPp2QDC4rL8wjIvY4w,#588CC7
6.664,3.526,VP8bMH3wh0bWi_9CG6rPZA,#588CC7
6.668,3.515,Gc4WMliOm7IoDC1maKAgPw,#588CC7
6.669,3.533,v_8l-K8yg7ubv7A7VbPWeQ,#588CC7
6.67,3.535,TDja1FWVOVYBGbKKj_S_Fg,#588CC7
6.671,3.536,B957yOUgbxHHERw7zjc2Og,#588CC7
6.672,3.538,7QWhTsbHUkLU2zCK-nRtKw,#588CC7
6.673,3.522,feOeEuDtvEz-VV2v9hpaJA,#588CC7
6.673,3.54,AZyRhby-lgF5o4wPgGqAXA,#588CC7
6.675,3.543,IKjyjYdw6kXjJtCLSxxtWw,#588CC7
6.676,3.544,hS3ePxO90AIQqWJtjwbd6g,#588CC7
6.679,3.532,mma_lpaEQfwSVlmFgxd8HA,#588CC7
6.68,3.533,eCHKv_85i-GHs5m6C_KhJg,#588CC7
6.68,3.516,OqbYjZ2_DdTXuE-bwftmvw,#588CC7
6.685,3.507,NPIY9NTA4UB-mvWVpmRs4A,#588CC7
6.689,3.513,h-VZKel-bR3aialAIXZEIg,#588CC7
6.699,3.511,TVauOerX6S453UBLAMgGSA,#588CC7
6.419,3.573,CAoSFkNJSE0wb2dLRUlDQWdJRHl1djdxZWc.,#588CC7
6.424,3.559,FrO9PrmN6ke4BVKDVB53_A,#588CC7
6.425,3.559,Gee9ZL562kx26CU1VAaPQA,#588CC7
6.426,3.577,Fq1YKvOvnFDrKkYjUXrEwA,#588CC7
6.426,3.56,Cq2IkxDyrMXyzdB0mvyKhw,#588CC7
6.426,3.594,Zk-Sc4bRvqbv8dYm0Hd7fQ,#588CC7
6.427,3.595,NPKcaONSipid6pZXbKtwGQ,#588CC7
6.427,3.578,5JLsOxjKN8cFjnEXZHsFHw,#588CC7
6.427,3.56,hYYOrPuczoYzheUEfhw_ng,#588CC7
6.428,3.578,s-pYEnIHbWzwM0-uxJ_ORQ,#588CC7
6.428,3.595,KxWDqL77Rf4k2EOvGRDnzw,#588CC7
6.429,3.596,Q8FiBzYvY1IsyagRNZqqzA,#588CC7
6.429,3.579,DekJAGFg2PRLf4dRQfZI8g,#588CC7
6.432,3.563,sj2Om7Vxc3SLUVrzFpwuvw,#588CC7
6.433,3.564,_5btAzy3GRdSikztw1kZ9Q,#588CC7
6.438,3.584,WU-8GShxiGMEfrGRgsgF8w,#588CC7
6.439,3.584,7PWTdUCQeHDMrKNg22Lfdw,#588CC7
6.44,3.568,4cXdrF-lUo-cwWg9PYx5Wg,#588CC7
6.44,3.585,4j-5AazXKOaP5ktk8yIahg,#588CC7
6.442,3.552,jpc0iN3Q75p1X-7ONLj0DQ,#588CC7
6.441,3.568,p5ATl2Cjbr5PPe3S-1v7EA,#588CC7
6.442,3.569,BvLVwROipMMRiyPkRffF3g,#588CC7
6.443,3.552,Tl3fSfaOPEulMpnohEmxpw,#588CC7
6.443,3.569,pONnqgrhkQfXV4XSjwQeHw,#588CC7
6.444,3.57,j5BJ56Om9K9LtEHymVUWNg,#588CC7
6.444,3.553,eAeuZbfylg2uhVYsljakDw,#588CC7
6.444,3.587,LnmJ25atdi7KgZLK8kVD7w,#588CC7
6.446,3.554,pMWtm6Cd5SXwX7xPBw6tdA,#588CC7
6.445,3.588,YdusJkiUhpn-zbqKyAX_Eg,#588CC7
6.445,3.553,BY4wueG6rH0vQx0GMFk5SA,#588CC7
6.445,3.57,7m67yi9ogmbexHHuwKqmEQ,#588CC7
6.446,3.571,uaG2r_Mgly8LeFVe0Rj0VQ,#588CC7
6.447,3.554,fWAPpEyWBrq3ymj-roNmAQ,#588CC7
6.448,3.555,8YI8P_AQww16kLAtJ-24ow,#588CC7
6.448,3.572,FprY7ZsPwALyVX9QY9acbQ,#588CC7
6.447,3.572,ElHcXj17W8m0Ov7p9lwQQw,#588CC7
6.449,3.555,J7XpUWwu2sQ1k24JB1EX6w,#588CC7
6.447,3.589,UyXNUjJtx9KPmpxS3UURsQ,#588CC7
6.449,3.573,t6qA5dppbiIFFF4QUfPd7Q,#588CC7
6.45,3.573,G6FaSvbNYHMGmMcmz6jsIw,#588CC7
6.45,3.556,nJdZgQberuAeaI9vtyAisQ,#588CC7
6.452,3.574,mSAJ_ixjGO5g7mO8Nu1xHw,#588CC7
6.451,3.557,YgUB7YeDExevLOhvNWdSCg,#588CC7
6.452,3.557,esZ3qkTuJwVgoQAO94QnhA,#588CC7
6.45,3.59,KwvAt_jjs_wNSH6By3SwBw,#588CC7
6.451,3.574,EbhPbK1CpV77VUPc3hkDhA,#588CC7
6.453,3.575,Fd7n2A4BQE70R35jXbVkSg,#588CC7
6.453,3.558,VyTuJ_edWaFcEYsOvFa7pQ,#588CC7
6.454,3.575,Gvl6eszn2RTA5RxJKcJ6MQ,#588CC7
6.455,3.576,ivlthKJtOS76wBrz9uS8oQ,#588CC7
6.456,3.577,yJNJIj2kZz7XskKVIBRJKg,#588CC7
6.458,3.578,D4tKbY2dkQ_VOcGqmvTYlg,#588CC7
6.457,3.577,yL4GassJjSvRwVxIS4ZH8A,#588CC7
6.459,3.578,9GwX6XEgIx_YubGHMliVsw,#588CC7
6.46,3.579,jgsIAuYlAepUntBqSNKHJA,#588CC7
6.461,3.562,sL6GF2ouxmP1UxMOgc5H7A,#588CC7
6.461,3.579,ItOkhy--TExp3kCvoZMMMg,#588CC7
6.462,3.563,aW4iIGph-qvSKHsQY1apYw,#588CC7
6.462,3.58,15cR13Gd7hcx8D9UyF-H_w,#588CC7
6.462,3.597,jBwh5QY_j__RUOyMbHmMzw,#588CC7
6.461,3.596,7CCmhQCUoDaqgy6pyjneJA,#588CC7
6.464,3.581,AQcU2FxCdX3b284ImGn01w,#588CC7
6.466,3.582,KxQ3G1hMlWK-oArBqzy1cA,#588CC7
6.465,3.582,IdMPpDxqpOvK6gBmdHK7cg,#588CC7
6.466,3.599,tukYfV-SiIXNDkMRaByOSw,#588CC7
6.467,3.565,ZzlA1wdYRmM6JSzZT3_wiA,#588CC7
6.468,3.566,J3PYaTQAEdUNGWHMEbUpzA,#588CC7
6.469,3.567,_uVCiEN5qxRkw8rPcUzrfA,#588CC7
6.469,3.584,XCmy4TjGCIB1ugNl_kUa5w,#588CC7
6.47,3.567,CAoSFkNJSE0wb2dLRUlDQWdJRDQzdldEU2c.,#588CC7
6.47,3.584,OyyBxGmC6kkFmQmr75vn-Q,#588CC7
6.471,3.585,pR6S_W8FLJ9Zz11DL-wbDQ,#588CC7
6.471,3.568,elTZrHve1L14E_vMDuPsXw,#588CC7
6.472,3.585,lyXOLykUT4bw3JzArzC5_g,#588CC7
6.472,3.568,_O2MKnIFNopQJgNNJ-zc6Q,#588CC7
6.473,3.569,17k3eATf758Sx39WQKYWiw,#588CC7
6.473,3.586,CriItNNegY-pNDdR5lsT3g,#588CC7
6.474,3.569,52v4iTeXGYzg_t3H9eluZA,#588CC7
6.474,3.586,3sEwiEqb0IxNTgslIKiuOQ,#588CC7
6.475,3.587,CQisBBrmTwExZJoVFGmAfA,#588CC7
6.475,3.57,Gg3b84Z7EjP8jM3SMZGI5A,#588CC7
6.476,3.588,Q_qqIGnU0ztAr9r662TUmg,#588CC7
6.477,3.571,Gh1en5UAcKLpMTX-yTVeHw,#588CC7
6.477,3.588,PXblJSF4i8fJ2KyQCl_Y5A,#588CC7
6.478,3.589,Y0nijHvl8uc4aPC6yOxlww,#588CC7
6.479,3.589,Ts0uCQ7LqMgyuNg7HwPf9g,#588CC7
6.48,3.59,Tg36pwa5pSs62h22A36MPw,#588CC7
6.481,3.573,Hhrgm_3I-YGJtuB5ot9XjA,#588CC7
6.481,3.59,lOgM3EJYjVLPhSbxFxB1Cg,#588CC7
6.482,3.591,_mbLwCCHzg_7a0mE4Oehgw,#588CC7
6.482,3.574,5WTzCHJyVLB6GTYWuF3SHg,#588CC7
6.483,3.574,d-fo-QxpbNzS7G-00Iif6g,#588CC7
6.483,3.591,koAf9q_TzK6Ky6yMFRL0LQ,#588CC7
6.484,3.592,gFF-YvQHXcBmR4vWFmW9lQ,#588CC7
6.484,3.575,51ZAgDMXf2FWq96eyHKq5w,#588CC7
6.485,3.575,-BsmSlK5CeeBiaialmzTKg,#588CC7
6.485,3.593,Z5iwinInPhrmevWCnrMsXg,#588CC7
6.486,3.576,xWyaGw7XLTjwuUX9dnxFjg,#588CC7
6.486,3.593,TO2XhZTEmI4OWabk9CIZnw,#588CC7
6.487,3.594,kSWGq-9MSDWj4sWZk-E2jw,#588CC7
6.488,3.594,kwzwKtQya8AcmbGM-yyusQ,#588CC7
6.489,3.595,Pjskm8Et8ugD0YuXTCaCyg,#588CC7
6.49,3.595,uZ8u37K3Ddw8zPBmOQihBw,#588CC7
6.491,3.596,faBxLkM3k2EpUk42GtNAwQ,#588CC7
6.492,3.596,6Uiu3Bm3MDcdH0COiR7wxg,#588CC7
6.493,3.597,M4I1Sx99rk5f81Yi76l92w,#588CC7
6.496,3.599,I346AtifFxS6x2kf89yrkg,#588CC7
6.497,3.599,PFh42WXZM7SH194i43cujg,#588CC7
6.498,3.583,BLN0_TwIXUG6Vq9nKSquRQ,#588CC7
6.499,3.583,5cwWj0EiwND4HHoLAiYxYg,#588CC7
6.5,3.584,_WZDFCpa9WCokR_36jgYJg,#588CC7
6.501,3.584,CVbaupn3SuFvhekEsOCvSg,#588CC7
6.503,3.585,RE8J8crcO0Ep7HWPUTCsJQ,#588CC7
6.504,3.586,KqZjvaJgfS5wdnjqlKAyaw,#588CC7
6.507,3.588,zMrx2T-2deHyhet_MDvYYw,#588CC7
6.567,3.586,QftKiVBlMy7QRvZiSiokGw,#588CC7
6.568,3.587,NYIFibOuJRfmbRCbiGsO9w,#588CC7
6.569,3.587,jhO3NoQXwcQDGXiI7dQE3g,#588CC7
6.57,3.588,N4s83wT3DOFEvFJuxRfZSg,#588CC7
6.571,3.589,Z4ZwUUn42FMNaI-FAP3gGw,#588CC7
6.572,3.572,L5n3_3G0Kvq8hNhlrS_4Ig,#588CC7
6.572,3.589,XdNa9BJGoGseO-qwdYNnhQ,#588CC7
6.573,3.59,Hf1Pn5oCdPRSUBQXt4JKtw,#588CC7
6.574,3.59,DXUlCZBZnjriOS6qSp24Rg,#588CC7
6.575,3.591,pzYYHe5L3kR3EBfXd0BpXA,#588CC7
6.576,3.591,5apwNXVti3Vm446UkmAS-A,#588CC7
6.577,3.592,tkBtJzxG5Q2A5rYJOvqnYA,#588CC7
6.578,3.592,3rSKqVt8DmmT7l6AQXYs-A,#588CC7
6.579,3.593,2QuG4j7PSKoPpYNIGvYgcQ,#588CC7
6.58,3.594,NozBLImvhYKAN9dBhP2Ocw,#588CC7
6.581,3.594,dBNYWh2Lk5zE3Uuu4lel2g,#588CC7
6.582,3.595,0QqvOsnBFrUhme2EeykQJg,#588CC7
6.583,3.595,pqMirSSIzPLTIHtOGSYE7Q,#588CC7
6.585,3.596,aT1tCFKca22vvNAXn5PW6A,#588CC7
6.585,3.579,nOnFE0HSqhIdT8E4xlT0vQ,#588CC7
6.584,3.596,yV5ZcbRu6IvNXUgo6UMYWw,#588CC7
6.587,3.58,qRVI6Z4BdMZIGAKK-FGEnA,#588CC7
6.588,3.581,rhMY1bspMueZe_Alg7l4ZA,#588CC7
6.588,3.598,7oDa2LMwIB-a9EKDkE1KUA,#588CC7
6.589,3.564,c78_8BQcaXy-YFniWadMYA,#588CC7
6.589,3.599,TgoiUqreFE2UaLGZFmrAjA,#588CC7
6.589,3.581,jo5eyKlVDQe0EtH5fkAFxA,#588CC7
6.59,3.599,he-GuSXgui9Y0e6G9SxBEA,#588CC7
6.592,3.566,PKO5hbv2YXMdAXmFLcv6Jw,#588CC7
6.593,3.566,N2mtKtNxa90yjiTq--DeYw,#588CC7
6.596,3.585,AE_3mZb-qJ2vVp-bprSJcA,#588CC7
6.595,3.585,5m_XEFfYLqDKxhX-zfXEsA,#588CC7
6.597,3.586,g2Gc8TCqqLJ-xNWwheHH-w,#588CC7
6.598,3.569,OG5SzbCRX4Oivo8pSiLR2A,#588CC7
6.599,3.587,IuMjzBG8523nNKrjjW_zWQ,#588CC7
6.601,3.571,u6Y7rpdTTpkZYywMzpZKqg,#588CC7
6.6,3.587,051uLWO4FK96ypSAo_iODw,#588CC7
6.6,3.57,AYqzTxMP1Lz_elH8tqPmAQ,#588CC7
6.601,3.588,NYocmEzLHYoaU8xNfA_GgQ,#588CC7
6.602,3.571,5AYQzOHyOju89fcAPTsdUg,#588CC7
6.602,3.589,bgDf3WSSoQAIF1b_p3ku2Q,#588CC7
6.604,3.59,10DEmVLY4ESGZzGiAkQO-Q,#588CC7
6.603,3.572,dTdpNfN7XMKSz21m8SGdCQ,#588CC7
6.603,3.589,-dw8hJrwoJ7-4QVWfNOuNg,#588CC7
6.604,3.572,T7IoFkRZS_eO88nS87juYA,#588CC7
6.605,3.59,m_8anXny0ZhBVVn8JbFP4g,#588CC7
6.606,3.591,BvRUg8Y4FbUxKZrs5jx1ew,#588CC7
6.607,3.591,O5LO7zHDO79lETKEVfSlaw,#588CC7
6.608,3.575,uiBhjwaT9uAcI4aK2wsa6g,#588CC7
6.608,3.592,BE5AlosyPxYwQYP3VBf9IA,#588CC7
6.609,3.592,c979cVCSMTP_flWUtDrdZA,#588CC7
6.609,3.575,wPZb_bYLH7gfIfPECpFkvQ,#588CC7
6.611,3.576,Mo_lboP8hoFLwXNhPU_YRQ,#588CC7
6.61,3.593,upq83d45NWulHNyev-GZoA,#588CC7
6.61,3.576,fICbg62rDvjjOxNI-0rcCA,#588CC7
6.611,3.594,xSyeuAI0DCVdjwxrYcsO-g,#588CC7
6.612,3.577,uFv8PRT8gNvEpj2Idv_LPA,#588CC7
6.612,3.594,TjV7y7aUSFa9xa5NyU2Olw,#588CC7
6.613,3.577,MNbxyFQc6ImwkMqhKPYDDg,#588CC7
6.618,3.563,O1oxd7sZo_AB4Nsp9t6sKw,#588CC7
6.619,3.598,h7TBRxfUiKYEplPi_jdf8Q,#588CC7
6.62,3.599,dtgnt3vVJm1nW9B_CRxCFw,#588CC7
6.621,3.599,mITU6003naXJLXcB-C3ofA,#588CC7
6.622,3.6,I38HcoDQmYJ1EnnRyJJMjw,#588CC7
6.625,3.55,LwrI9Zb3cAeV8hMl-LeZeA,#588CC7
6.626,3.55,Va98Ano67i2vkXq_u5Jwxw,#588CC7
6.646,3.561,_PB_epXKH7NZEbuX1hlnoA,#588CC7
6.647,3.562,FCkpKCDpS4rt5VyrDSmP6Q,#588CC7
6.648,3.58,MXtBdBVH__NDaCW86GWJ5g,#588CC7
6.649,3.58,tpwozDEGfCKIBW3AnGMNTw,#588CC7
6.65,3.581,-A54cXQPwQZYh0_k794U-Q,#588CC7
6.651,3.581,Ztb1tHU0fNQ9Zwg-6uROAQ,#588CC7
6.652,3.599,4Iw6LcCLDU9MCxzy3LB6AA,#588CC7
6.658,3.585,_sGV8IB4X3pASm_dyh51Lw,#588CC7
6.66,3.586,QF1JULc0hzOW0QZEeO61_g,#588CC7
6.659,3.586,cs2agsyC6-Zp9qAQxD0KGg,#588CC7
6.677,3.132,KehIa1R8Jt1h2XnSxUfTmg,#588CC7
6.678,3.133,7bY_FzpzycSMqcteRyp1Mw,#588CC7
6.679,3.135,1XdriQRCTNeRq6pOYMGBUA,#588CC7
6.68,3.136,tGfpX1lfhwAiO6gdpuEJlg,#588CC7
6.695,3.142,fUwaoEPaQs2sLxZsW_Jwhw,#588CC7
6.5,3.176,wSxoRSGY2pFNwHUkMxqmbQ,#588CC7
6.5,3.193,9oMsZJeXWd5wrL13FNWUbQ,#588CC7
6.501,3.161,78ZuZp0pCvyZHdP_7JIOYQ,#588CC7
6.501,3.195,A8AxLtQvYhZCFZ8e8zaXeQ,#588CC7
6.502,3.162,yYy3X9o0btk3sgnpIdlv3Q,#588CC7
6.502,3.179,7MdcFrpnLDiOWdxq9121gg,#588CC7
6.503,3.164,qVi8vVQmC9qchTdefK7Hrw,#588CC7
6.501,3.178,Ev44YCG--fcnWw35_7cKIw,#588CC7
6.502,3.197,p0dKnlg5O1WfpIK026OA-Q,#588CC7
6.503,3.181,sDnFrLDhyG6-NopuCm9O5A,#588CC7
6.503,3.198,w719rPBGwfKHqzhRzjHkgA,#588CC7
6.504,3.165,R2qBeh70K64jEJi81vFX4A,#588CC7
6.504,3.182,k922uX9K7ya4r7z8IInx4Q,#588CC7
6.505,3.167,sVtGs8wUXH0BH0opHkOZYw,#588CC7
6.505,3.184,JFrLb-40A8GnaAHeF8CO4Q,#588CC7
6.506,3.186,UwAWBST2uUgJuJwW_DFJbg,#588CC7
6.506,3.168,gZTBdM6tP-Q8JIVLqWuEog,#588CC7
6.507,3.17,encI7I8RdauEVFsC7pGvoQ,#588CC7
6.507,3.187,ahhQQqz7iVsNQR9r7dbVnQ,#588CC7
6.508,3.172,fjB1VrsCZBkv1odxGw30Hw,#588CC7
6.508,3.189,qa3xlzzkRu79WPjc9dBfdg,#588CC7
6.509,3.19,0UpqDAZ-Ufafrpn1rV6YBg,#588CC7
6.509,3.173,XJWwKqRsKr7iY52UdiFHxA,#588CC7
6.51,3.192,lOL34LkllJzxyAhM55z-6g,#588CC7
6.511,3.193,NYaMXqwXyySoxdEsM1xi5w,#588CC7
6.512,3.195,LXZe9y4hAJVoxJaUGW0Low,#588CC7
6.514,3.198,zUAOS_p8ft1PtDFRvP5lwQ,#588CC7
6.439,3.235,kaPQiERR1LfKLaMoIErAPw,#588CC7
6.44,3.237,pstdu4mLiYYhhdNsoKBMgQ,#588CC7
6.441,3.223,GVe9iSEmiJgimfbeoTlyhg,#588CC7
6.442,3.225,wQcnfBYlErjNanBOjNy7zQ,#588CC7
6.443,3.228,3qqjXjFqxcqguORpIJrAgg,#588CC7
6.444,3.23,p2PsRDJ-vMpOoJrUphoL0A,#588CC7
6.445,3.216,sgdcdyR6j2kpwEyXktEN7w,#588CC7
6.445,3.233,3DMLZcY1_Qnv7V8qqArhzA,#588CC7
6.446,3.218,O-njgOmtsQR0uo0iIRkJpw,#588CC7
6.447,3.221,ivG86shrVoKquJH8PHHX6A,#588CC7
6.447,3.238,wgCSg6JTPZpdxw49Z5jeRg,#588CC7
6.446,3.236,cE7bXFN33CTTg9QVJLSa0A,#588CC7
6.448,3.223,cWyGIOjuBfv41yUBtdzKnA,#588CC7
6.448,3.241,P163OERHxzSMIi_ubQ9LVA,#588CC7
6.449,3.226,Ijyw_HvgoUtF8mGaoz5GdQ,#588CC7
6.6,3.229,XqKO-xZ9lkNYqodTLjqtKw,#588CC7
6.6,3.246,q8_o3VvM68ARkPtyuZ2_xA,#588CC7
6.601,3.231,xF90W2b_YcuQyl2iqO8QBQ,#588CC7
6.601,3.248,IBg4H9gGKsn9lQAMXxrf8w,#588CC7
6.602,3.234,0GAQlSAbH-xULuq_THaYZw,#588CC7
6.603,3.236,7lG0uJgp1T_045biWyc0Jg,#588CC7
6.604,3.239,ApR2tuemmeEniByLTYr7FA,#588CC7
6.606,3.244,hfUB7CIoOVkxAghQfAec8A,#588CC7
6.607,3.246,v9yuqPMNiEDdTc0jdHCEZQ,#588CC7
6.608,3.249,1UNfRoM8iewsFuNeyJen-A,#588CC7
6.611,3.239,5_DfkJU6K10Mw6hvBKmUVQ,#588CC7
6.613,3.245,szh1k4ykT76rLHCSNAO_AA,#588CC7
6.612,3.242,OTpXvcfnLdQBtpWBp4-hBg,#588CC7
6.614,3.247,-MClgS9tcPnmcTw-glDcDA,#588CC7
6.619,3.243,bsaJqbbnFlqJMEGJglqq-g,#588CC7
6.62,3.245,n29K91FX6JeFU45vZ_0v0Q,#588CC7
6.621,3.248,VtGtW8Fivs-cj2CJhrtPYQ,#588CC7
6.625,3.241,Wu29mrRmNDeGF3uBHJN3gw,#588CC7
6.626,3.243,t9mKufU6SHLFxi5hEv4kpw,#588CC7
6.627,3.246,2Eivcr3y7RDkGL4aOUCNUA,#588CC7
6.628,3.249,Zulqc2vOyxNBHYsEixxsig,#588CC7
6.632,3.242,gLAtEgNdPgv1DHzcjQ20Ag,#588CC7
6.633,3.244,cXc1eioMP8nAQ_ubhPFY4A,#588CC7
6.634,3.247,97j80R3miseGJCHbTJgBLQ,#588CC7
6.635,3.249,jXkpwk5Ei7Z1GymqaI9yJQ,#588CC7
6.639,3.208,7Etjkw9FxdbT1QrIqPtw2w,#588CC7
6.639,3.242,90Q_hrThz_jd2bLplkdoMg,#588CC7
6.64,3.245,nXPFTG3mCLjVvd09z6zaTA,#588CC7
6.641,3.247,FNS0KREQH3V70Pv5VP-8ug,#588CC7
6.646,3.243,c439-Tjzgn7gC0foxQHUAw,#588CC7
6.647,3.245,EPLfF56duX2_h1ypvLaS7A,#588CC7
6.648,3.248,83DMnKguCfJe0KtByyOLXQ,#588CC7
6.648,3.214,ij94UkI0jS9HWUBhWJVYSQ,#588CC7
6.652,3.241,cWmo8dLWU3EhRtBSUAvfoA,#588CC7
6.653,3.244,FtpkCoepTYVbPxcJnwFIkQ,#588CC7
6.654,3.246,8MCQ4KhjODvQsMZftv7mLA,#588CC7
6.655,3.249,AQXy8kjkDEWTqk8_-oiipQ,#588CC7
6.659,3.242,ZPzHxx-Msij2AsfVm2flDA,#588CC7
6.66,3.244,9ZNNskNsTn-3STgMVVb5xw,#588CC7
6.661,3.247,dOWJeKpesmhlmk3bHixx9w,#588CC7
6.662,3.249,VwqhQjuJmrSvDW9iXg8-dA,#588CC7
6.665,3.223,1Ml5DyOjTakF_b1rTYV6VQ,#588CC7
6.668,3.248,ct3qSxhpvRt1vlbg8QV7BA,#588CC7
6.672,3.223,9t0arbA6nfL_mWznood67Q,#588CC7
6.681,3.229,VGwMBQEDtR09YlQ9p8Q9Ig,#588CC7
6.683,3.234,7MH-I0aLWdfQild-kdSjnw,#588CC7
6.684,3.237,JwG_54QAO9w1uZDIiR8IOA,#588CC7
6.688,3.23,5LjyydEqx9j55wdafeZ12g,#588CC7
6.69,3.235,fu197YpxF7nlAG1At8QucA,#588CC7
6.691,3.22,SO86AvSlhmuVvK9_6wnZQA,#588CC7
6.691,3.238,lc6D9UjqwKrVPAPAUAPEdw,#588CC7
6.692,3.24,U1ZYIWxmGNNxj6q9WXJCyw,#588CC7
6.695,3.213,VQygqqTs3tgujoKqoMas_A,#588CC7
6.695,3.231,3t2RB1IU8MuqHNLsoEFGpw,#588CC7
6.696,3.233,5Zre70euR_uQVFRltonTkQ,#588CC7
6.697,3.236,Ua7WUZ0WvfVyFhKu1EKE0w,#588CC7
6.698,3.238,_Pwz8f6cyXp8Pm8ZwwzI7g,#588CC7
6.431,3.255,n79PVfobj8yrO9lovbDveA,#588CC7
6.432,3.256,piBAC1XWdjLqguFAzV-OiA,#588CC7
6.434,3.276,OvddBjJw0e8w2y7e9qtxeg,#588CC7
6.434,3.259,FjvT2GNWTzi4QLL-KJGTZw,#588CC7
6.433,3.258,FH89uQJ8xWG9RM2kDLpxag,#588CC7
6.435,3.261,xBvirKBLRVhefjYcFkxU3g,#588CC7
6.435,3.278,M_C5GwBknJ-FJ8kUcZAWVQ,#588CC7
6.436,3.262,f3oB8qs8Gfe5YE5Zq2y0iA,#588CC7
6.437,3.264,qSOEsOmu0W2B1l8MREqRQw,#588CC7
6.436,3.28,y6vVBXOSOsNgUoWovbNtFw,#588CC7
6.438,3.265,TU1fIXMdk_GwmMm9k8zP4A,#588CC7
6.437,3.281,93LJxhmcKTNOpz33DoZuwQ,#588CC7
6.439,3.25,-_pXXd3YB7mbRb9GAmDbxg,#588CC7
6.439,3.267,mAF0DbFO3uaFQxknbJ2pgQ,#588CC7
6.44,3.251,rS2sYNtRSpeMZ4S67G5OYA,#588CC7
6.44,3.269,yxpciwA6cy_vx8ABj_ry_Q,#588CC7
6.441,3.253,R96E52q5x713I388DNdExg,#588CC7
6.441,3.27,diWppLpax_IOsrkKSNvdeg,#588CC7
6.442,3.272,UG_WiwzIKn1j2Czxa4-fAA,#588CC7
6.442,3.254,qy3v3-TJPB5XbGjt9e3PZg,#588CC7
6.443,3.256,0pCrVPCBhlsus_sxoW2VFw,#588CC7
6.444,3.258,N_DxLyYAqO8S9YyDyXOvYg,#588CC7
6.445,3.259,BUP0Bngl0TWfVkP910aK8Q,#588CC7
6.444,3.275,7NtEhWAJDrGpgvOKSAh3ew,#588CC7
6.446,3.261,OSPpACSvGr4yP6beZ6y6KQ,#588CC7
6.446,3.278,cbkEeNHtvjNPLQffW6IXlw,#588CC7
6.447,3.262,0djAzcJgwb8KwErwSjq-DQ,#588CC7
6.5,3.25,NnqXmAYfQiZVefXiWVbR3Q,#588CC7
6.5,3.284,Lcg_IKnfLKqZvZhWAk1nSg,#588CC7
6.501,3.251,SqyViplxQr2kOsgT4kJbTA,#588CC7
6.501,3.268,4pamTGn-ORa-lQ-Rc7AhNA,#588CC7
6.502,3.27,0MOUWjVVIMf-RuSguXEV3A,#588CC7
6.501,3.286,eGBCKRDbXTJQDJeEfqymWg,#588CC7
6.503,3.254,U8PyyGjghRsSB7FLxs5HYw,#588CC7
6.504,3.256,b-g7TP3sCU_h8MkokApa1w,#588CC7
6.504,3.273,rjrXUFkumL0RJ9N0OdRsag,#588CC7
6.505,3.257,QEWxEZc5NVyiSse9nPq5BA,#588CC7
6.505,3.275,VL0godQzULdQ7LeomJMDJw,#588CC7
6.506,3.259,6wfZAbR244PwGcUHLj8VsQ,#588CC7
6.505,3.292,xhnRQCIjJ5A4glR0WBBhjQ,#588CC7
6.506,3.276,kf1h_IrCFupW-Nlsy64aTg,#588CC7
6.506,3.293,mj8d8XQrRbWgHpbfZD5QsA,#588CC7
6.507,3.261,e_BspKLvyJ-W9eR0rsMbSw,#588CC7
6.507,3.278,wGRZ2nLI4PrhNNeKbPyviw,#588CC7
6.507,3.295,Hut6lr7ZO8HDiWspAftgTQ,#588CC7
6.508,3.262,isRMnd-hZ17Iw6YXYY7QXA,#588CC7
6.508,3.279,PwIk_xH3B50sM9VoisOGig,#588CC7
6.509,3.264,xavr6U_vQviGRywudpljIg,#588CC7
6.509,3.281,R_VOKmRy3yT8iwA6cBxdSw,#588CC7
6.508,3.297,-5myvMOk7nGtidFdZV6kuw,#588CC7
6.509,3.298,D1jK3z8U7kBUSCaGDtkoNg,#588CC7
6.51,3.265,wUJXeuR1efEyw8kDxi3fjA,#588CC7
6.51,3.282,rDaeUAVI0U29SUHK07b18A,#588CC7
6.511,3.25,lW_PA-5tQeRbwOcT_-DbWA,#588CC7
6.511,3.284,mN-EwcbPqp2OgEDgM-owuQ,#588CC7
6.512,3.251,Pz9nQ5xqJBZ_cPpLpFV0uQ,#588CC7
6.513,3.253,_I8w1ANgENFsHBh4th-96A,#588CC7
6.513,3.27,7DViMUMBjsiCmAdbEqcjOA,#588CC7
6.514,3.254,L54Bjxya2aCGFg1flCcDYQ,#588CC7
6.516,3.275,OGuB7x0fX15C47jWHey1-g,#588CC7
6.515,3.29,DYgpWvmk_kKkhqzy09oSQw,#588CC7
6.514,3.271,0d14MM8SPfLRy_bJuU7PEw,#588CC7
6.515,3.273,YlfIPxlQ0ROkeJrzhWy0Rg,#588CC7
6.516,3.257,Ky_XW2yEf3HFWXGNzkjQhA,#588CC7
6.514,3.289,-yDrNWsyEJfNgeMN6Kfxag,#588CC7
6.515,3.256,d-QyVinACj9hsrr4JUKuUQ,#588CC7
6.516,3.292,ZIBx7Ob872Kt0j_Tj2BvcQ,#588CC7
6.517,3.259,-hHOeoULI9LdsN8Aw1mW_Q,#588CC7
6.517,3.276,vs2k8c9Tyak_zoh8tMZPEQ,#588CC7
6.517,3.293,XTqXdKLgvmJpQB8Rlku3Ug,#588CC7
6.518,3.295,-YU0UN8uHOK_41s24Wg-0A,#588CC7
6.518,3.26,ymokVEkKL9gw7-2eO8UPCA,#588CC7
6.519,3.262,VQakXeGEOn07DlSbt6FtDw,#588CC7
6.519,3.296,QguIhQOGehrA8iUiwNL-zw,#588CC7
6.519,3.279,WZz5rdfTurLVRh9qtTA9LQ,#588CC7
6.518,3.278,H-cWmllWIDEn5GfrIt1pQA,#588CC7
6.52,3.264,ogsoIMAAd3Q_Pq_Od_Rehg,#588CC7
6.52,3.298,3y50nRBM_QCQDS8ojj6Uyg,#588CC7
6.522,3.25,mwc3J5eoAdGINcNgnbdB2g,#588CC7
6.523,3.268,qASvd1oPIc5c9WqXSlQWcA,#588CC7
6.521,3.265,OJdUKURGibENzGysXOpHYA,#588CC7
6.523,3.251,IVeVArqX6oSEH66Z4xngCg,#588CC7
6.522,3.267,nXREPSsc3F4I9F7Syd2L1Q,#588CC7
6.524,3.253,Fy7ZBrOMqXO1wGbnj4_K_A,#588CC7
6.524,3.27,EGbGa-6KB-V9Efh5Ky56Ug,#588CC7
6.524,3.287,3rIYvoUQqUWJZSbAOlBxYw,#588CC7
6.525,3.254,mhRf1SaVKETpEPBRsndylA,#588CC7
6.525,3.271,pshW8L3CgDvfftvTU8ecvg,#588CC7
6.526,3.256,8nwfG7ynSnOlqz5ODgHe7g,#588CC7
6.527,3.257,9G820ZiAHGw2AnFWJqgttQ,#588CC7
6.527,3.292,aNuqW8k-DhqPgIhIDpCPtQ,#588CC7
6.528,3.276,YooZtKCGVLZBKljfBmu02w,#588CC7
6.528,3.259,8V3koNisKeTq6B3pXuPHjA,#588CC7
6.528,3.293,fwhTkVMG_7NugoCmYV6lMA,#588CC7
6.53,3.262,p9L77N7zldRt294zjomS9w,#588CC7
6.529,3.278,xKXYwAa52lb5kDa5K3cmWA,#588CC7
6.529,3.26,pO1aYxMgK-0SDCUNPO0sTQ,#588CC7
6.529,3.295,twKgVBj0I4fS9mJBD8-P_Q,#588CC7
6.53,3.296,_1D19OUY4kL65fXgKZaeAg,#588CC7
6.53,3.279,40GOZGN6F_n5MeFraSE2bg,#588CC7
6.531,3.298,kqJiktuGtNInNSSIzZxVhg,#588CC7
6.531,3.281,L1Zpqcdw8g8eniqVQgQO8A,#588CC7
6.531,3.263,XxjaGUlJVzAy52RNEUqZ8w,#588CC7
6.532,3.299,RCLscEU47VaKjpqIxCaang,#588CC7
6.533,3.267,2moXzPBVbbjN6J7bbMRw5w,#588CC7
6.533,3.284,iYnctjJTCV-gi79Nu3Jrng,#588CC7
6.532,3.282,mnMnH4BzcQJkNSD9kquGFA,#588CC7
6.534,3.251,8FgPgRf9WekgD0hqSKe7PQ,#588CC7
6.532,3.265,5LDHbnpaHHiOTU2uGUPRHg,#588CC7
6.535,3.253,SxfOiqXwxKyY6f9-J6GKew,#588CC7
6.534,3.285,3A6Sx5veaH4KJNKt2rUHUg,#588CC7
6.534,3.268,PbHYtfG-eJsbWp2g2-WUuw,#588CC7
6.535,3.27,573_EDmjWBmwB9lGJUaHIQ,#588CC7
6.535,3.287,WPMLXKb0gM37vM168YUwBQ,#588CC7
6.537,3.273,JaX1SGR7HWUdM_2_CVl6AQ,#588CC7
6.536,3.271,1zkqvJ_5W8bwlodKE2j9vw,#588CC7
6.536,3.254,3Tu5_bGBP1ylOdjbZQkMag,#588CC7
6.538,3.274,h0tmdiYal8-S0n6GtW6f2A,#588CC7
6.538,3.292,-E3KctsBzpG9szC9gaa4cQ,#588CC7
6.538,3.257,IshWcMOLMztkP2IYsuP3oQ,#588CC7
6.539,3.259,zTGi9tqKZfxIJHyuVo5hdw,#588CC7
6.539,3.276,n1GWAtwfZ7ygHepFGrYPig,#588CC7
6.54,3.26,O29NU14FCT9ZMT7NARnT0Q,#588CC7
6.54,3.277,Nb3h8yF193QRmPzOq24IRw,#588CC7
6.539,3.293,vzqC44RlCrqj_VqtNJ-nNw,#588CC7
6.54,3.295,zbwW1H157SVO7KCv-UGakw,#588CC7
6.541,3.262,YyG1ZIgTIrorU37DgXvSVg,#588CC7
6.541,3.296,3uMaZ1A0jxH_ASNJRC0I1w,#588CC7
6.541,3.279,tenstpL-mP3NL3l8jRNrbw,#588CC7
6.542,3.263,Fqp1q56nCXsOBjJAYNn3yQ,#588CC7
6.542,3.281,8RyxGBzFfk28bvwG0cxgkQ,#588CC7
6.543,3.265,xc31hm0IoLdu1G225u6pZw,#588CC7
6.542,3.298,A5XLFmYW7xAw5_H64L-z7Q,#588CC7
6.543,3.282,uTraOL1Mc3YCcqYjNQrIcQ,#588CC7
6.544,3.284,SAopRNiiQnJnocJIVcSZTw,#588CC7
6.543,3.299,xrIBjfUZf3k2T6rA-5gQqg,#588CC7
6.545,3.251,MjqUYXcS6tjRjLPWZc1MWw,#588CC7
6.544,3.266,CXYd-cUFVLKxwJIKEalCPg,#588CC7
6.545,3.268,FKEclyMZXCMt55NtoxpBmg,#588CC7
6.546,3.287,9VibyDa3oL8zbI7XFOT3JQ,#588CC7
6.546,3.27,n5Zd4k82q8wAdpJ76Ln_Lg,#588CC7
6.546,3.252,b8YFHo1v2Tyh4AyMyR1A4Q,#588CC7
6.547,3.254,ir31Ib6vW_KVrQdyY-D0OA,#588CC7
6.548,3.256,c2Zb7mtqu2nO1ksi8UVJvw,#588CC7
6.547,3.288,gv6w37rju1usJ_qDE1CzGQ,#588CC7
6.548,3.273,STwcJXalwPvTYP9HfDjzuw,#588CC7
6.548,3.29,VEAeHEY2nGpDAO9sQNXNGw,#588CC7
6.547,3.271,0lQRKujvv1gipYlmpw_5CQ,#588CC7
6.549,3.274,r3eGAJ3VBd8bOjJo-z3CRA,#588CC7
6.651,3.276,MftI7Yfz-QZpYwjKOzncMA,#588CC7
6.549,3.291,vToN-tTIb-3qAeo63X7l0g,#588CC7
6.651,3.259,2DIvrL0onxm3ljVl6kwusg,#588CC7
6.549,3.257,bWXPBvfdw-PrtKmh5Ly8TQ,#588CC7
6.652,3.26,EEDWDc0o5ZGwGjaDwSIc2w,#588CC7
6.652,3.277,8_ucTWxlj60ulIzlb7XUwg,#588CC7
6.653,3.262,wyPOuxgVi42RPzCrym3EGg,#588CC7
6.652,3.295,Blrv664QIVFCe_oqmP89_w,#588CC7
6.651,3.293,RY5rqZAGBFTS6jGK1FL_-g,#588CC7
6.653,3.279,VCrr5mAc5eNk0Ecgk1MeHg,#588CC7
6.654,3.263,X106bZ4NyDp0bA72rsHiig,#588CC7
6.654,3.28,85HkvS5FAFjDh5_GQJRg4g,#588CC7
6.654,3.298,8JgS_3rFzfoATwSGmlLdmw,#588CC7
6.655,3.265,EiTC2UgpTsAS-zHcjtkRBA,#588CC7
6.655,3.282,9kxSW-AYj-PH7FTmpWdsPg,#588CC7
6.655,3.299,xdprOyRjHbK8XTG2y14Aqg,#588CC7
6.656,3.266,wLfrZQjStSjlBd3MkMjEWg,#588CC7
6.656,3.284,g_lUlQizp4ttiMI_0Y8uvw,#588CC7
6.657,3.285,Wo6wqLnaNr63IQuWRbe34w,#588CC7
6.657,3.251,DFmuNCtCR328kjnMKHvO3A,#588CC7
6.657,3.268,grj7BgXE62d1goNhyBeEWQ,#588CC7
6.658,3.252,GTQLsl-oaAbm1URCvuZHuA,#588CC7
6.658,3.27,i-Kx-0lG01r2tOep_k6lIw,#588CC7
6.658,3.287,uvo2-hVENyNnV7eW_AGCeg,#588CC7
6.66,3.255,uaqZQ1tS25rnFgYHNfupbA,#588CC7
6.659,3.288,UnihUWhB6CfB3hvX9AerMA,#588CC7
6.659,3.254,mDaHn-4XrYj-_d6diIVSfQ,#588CC7
6.659,3.271,9FH4EAoKMXr9N6L51rv-YQ,#588CC7
6.66,3.273,gGSeTv-7fqFV2wm6sN9eeA,#588CC7
6.661,3.257,PRv3vlbUTU0-poNM6nVSDA,#588CC7
6.661,3.274,c-mGItyKeWve7AxLSs-vOQ,#588CC7
6.66,3.29,hVkesOLssopMKHwFwm1RLQ,#588CC7
6.661,3.291,_Eu1ImwH2Nn6eOoMilvZ0g,#588CC7
6.662,3.293,ZtLeIZd5r4J4f146ba68xw,#588CC7
6.662,3.259,kMtVFiPFQyS7v5J-cwHB6g,#588CC7
6.662,3.276,QdyjHKtFkGabq9X4oIpA5A,#588CC7
6.663,3.277,kq3WOK5HiZzktQuQ56ANzg,#588CC7
6.663,3.294,iIFjr6tmrnoqJoLrn8dbIQ,#588CC7
6.664,3.296,59ILwpY47hgW80C6Atfz-A,#588CC7
6.663,3.26,7byYqSJOiN4N4-iTPe6tXg,#588CC7
6.664,3.262,UW7i6opmMTpv1aClR5ACLg,#588CC7
6.664,3.279,IecxWP_mFgWsp2JzHZoVBA,#588CC7
6.665,3.263,eh8QQylCtYzg1JQQF7RiIQ,#588CC7
6.666,3.265,yXs5Di_udk1L9Gbxh9n4DA,#588CC7
6.665,3.28,JSPW8tYsSn-XLd7LDCHdUg,#588CC7
6.667,3.283,UdLDs7agFsKc4mTvB4ViPQ,#588CC7
6.667,3.266,K3FwAdvw4HH-HXq2LWBk4g,#588CC7
6.666,3.299,Uwy19gLlNUFAMWeexTezew,#588CC7
6.665,3.298,c096i8SafpiXeIlZSUeNRA,#588CC7
6.666,3.282,RZHC9e_0XwWyWzKPUIDWpQ,#588CC7
6.668,3.251,9KPf_SJ2img67UApqoplNA,#588CC7
6.668,3.268,7iOTZRtQsd9-bXcYr_H3tA,#588CC7
6.669,3.269,R3Z1n3zs5AMVllCoBjygCQ,#588CC7
6.668,3.285,x_sfdVtI_AuXL0iGSM8Psg,#588CC7
6.669,3.287,FTjVXlXIg2Q4zfID62zGLQ,#588CC7
6.671,3.255,kYLcf76WkkEPeon7mvB_sg,#588CC7
6.67,3.254,PfX-7_kP67cBSdgicJ6Hag,#588CC7
6.669,3.252,JVJvxpBN_tzzLY_lqxPmgw,#588CC7
6.67,3.288,BLy5ar7gscK4BsVkDDiLUw,#588CC7
6.67,3.271,I6qM2Gwg5_yctTdKcGc0Qw,#588CC7
6.671,3.273,MWlRvmkHNoFj0n-dLQWT5A,#588CC7
6.671,3.29,GO_iGZCPfE0MKxBqXXGyLQ,#588CC7
6.673,3.276,cSgV6ynZzvkNCsbeqrG8uA,#588CC7
6.672,3.257,M3e6mJYFmGU_XTb85u7oxw,#588CC7
6.672,3.291,YD7YDH74LViEUN-dPYtHUg,#588CC7
6.672,3.274,pZ3DlQxfREsrDVKmHMZtag,#588CC7
6.674,3.26,Ht4bchMyBVvvp-FsmJ2axQ,#588CC7
6.673,3.258,Sc0dRP85zdAg_plUiJPy5w,#588CC7
6.673,3.293,2G1EfaMNgItQWEDla8jhMA,#588CC7
6.674,3.277,5jzMDbjxPFAzPkfTHl_gNQ,#588CC7
6.674,3.294,Hlg8Uij4mNQ_AmQ-DIAuCQ,#588CC7
6.675,3.262,RNy949q9iACoxX_X4Uh2fQ,#588CC7
6.675,3.279,QpmclmiCocHrjMmw8GTA-A,#588CC7
6.676,3.263,f7agk5HTPt_cySAWonYzyw,#588CC7
6.675,3.296,-_3_t5LkzJqJiDoFsOAgPg,#588CC7
6.676,3.28,KiWWOWF-2LozCYOI8Cu1GA,#588CC7
6.677,3.265,ijvIIr0g-p42uoptF2oyAA,#588CC7
6.677,3.282,LG3wVSGf_Gjk5iFayDIR2g,#588CC7
6.676,3.297,tRPKXEFtABU5b7HlyELbEw,#588CC7
6.677,3.299,RAIFiwwtt17gREoqTLIUWQ,#588CC7
6.678,3.266,l9HsJQdUA8XvyVg_RsFlkQ,#588CC7
6.678,3.283,XhUS79dDUSSdQzlbeFiM7Q,#588CC7
6.679,3.251,ReryqZb8iud0IaewYbzdPw,#588CC7
6.679,3.268,S4SHVnz7mf1EGWX2tC-LJA,#588CC7
6.68,3.252,dsD0sVztXTuXeZjUmY9OjQ,#588CC7
6.679,3.285,BAgdhr-FG2cUMnHMaoKxaA,#588CC7
6.681,3.288,_LdV5CL4IDieEraZd-pqWg,#588CC7
6.68,3.286,1Zik08CRgQ53-dGxBkg5NA,#588CC7
6.681,3.271,AyTGhNX5-mxPKCFbpAFn9A,#588CC7
6.68,3.269,CakqZyhxq_qCTJklJ6Qghg,#588CC7
6.682,3.29,zWNtC9w4FSo-CUOWasDzhQ,#588CC7
6.683,3.274,iL9RjEZj_6k5hHk8vVV0Ow,#588CC7
6.682,3.272,ziXyXyxfkv17hht9Ynbwew,#588CC7
6.683,3.291,-JrD4eu0xvxGshJaglW8bQ,#588CC7
6.684,3.258,Wi-_bIP6w3DLMgMNikZBAw,#588CC7
6.684,3.293,NeVj-Sf2j3zpYBTHHX7Xpg,#588CC7
6.685,3.277,TRmEPpKP-yPxddzK2x8zow,#588CC7
6.685,3.26,NI1QcgLOHKWib9OSBJ-auw,#588CC7
6.684,3.276,nYO2Nl7_jpQrl-2PIQ4ZwQ,#588CC7
6.685,3.294,qOxDrF3o-LCekhO6d5MEJw,#588CC7
6.686,3.261,a1Jhc35VZADXxPXHxaNJcw,#588CC7
6.686,3.279,S0gc5prPitaAFWpXwW4IKg,#588CC7
6.687,3.28,J8dWBLmahdirlrT14w9DTA,#588CC7
6.687,3.263,9vCzziJeGEihKF8BpHVbfg,#588CC7
6.686,3.296,U1ffwq5wRz0fc3p1ZaYF4Q,#588CC7
6.687,3.297,CFrEA70uXaPGRNzUE9gZyg,#588CC7
6.688,3.299,Bw4yx09ASe1Yfiqx5KkmGQ,#588CC7
6.688,3.265,X6Qrz3im2nhbpm5SaBP58A,#588CC7
6.688,3.282,qIw6KpkgWzICQkUQaHAe8A,#588CC7
6.689,3.283,aKJ8lWBY56e6vkg92dt63w,#588CC7
6.69,3.268,aBpalAVQlWUX3QlpiHVWOQ,#588CC7
6.69,3.285,LN1LXtcpX8UQJER4sWq6nw,#588CC7
6.689,3.266,xmXUy--BuAuRlM1LuZKHzw,#588CC7
6.691,3.269,lcDbosszU0CTfG1LvogCOQ,#588CC7
6.691,3.286,4JX-H0pYw0_pFZycJAbKkw,#588CC7
6.692,3.254,zg_zkX0BinLl9hsbzN7sDg,#588CC7
6.692,3.271,SXb1ufF3ZJHPg1iM_sSbMg,#588CC7
6.692,3.288,LXhLMIDJdXjDxWguYz8KZA,#588CC7
6.694,3.257,hWMUte3JoTvVktG2TMRt1Q,#588CC7
6.693,3.289,tX8bTDuTNZ_aXFZD7wGv3g,#588CC7
6.693,3.272,wfE5BwixYyHn8gAjwUkU8A,#588CC7
6.694,3.274,_MVUuWRDp9pWjJqoIihNIQ,#588CC7
6.693,3.255,GS-fqOJA3l8pvyufgDBn5A,#588CC7
6.695,3.275,b0GtsAL5-y6xJ4-eetPpRQ,#588CC7
6.695,3.258,EITW2AG4PA8VzypROh59vw,#588CC7
6.694,3.291,0QKpMVKz5rvaO7Dhr5Kbww,#588CC7
6.695,3.293,qsmMtJzkbVQA5FVLPkUoCA,#588CC7
6.696,3.277,rTYy0SN7pxcxe80-RuUgfg,#588CC7
6.697,3.279,A8XEV398Wu7Hk_E79apnYQ,#588CC7
6.696,3.294,Qldm0JDPS-Jo837hVbEN5Q,#588CC7
6.697,3.296,KBvChyrlQzbSz7mDfZDctw,#588CC7
6.697,3.261,fPM_-hCBSGP1zzEJAudBFQ,#588CC7
6.698,3.263,qZ6DMMWUKHrAHmoH5V1GkA,#588CC7
6.698,3.28,28ahoY5HBRPt49qk4dVkAA,#588CC7
6.698,3.297,TEB7G6stxPtAs4JFjnxsdA,#588CC7
6.699,3.264,tQwO-ZxVfhwX_z9CMT6iog,#588CC7
6.699,3.282,TSwU69TybH4tnzUbd2S2LQ,#588CC7
6.699,3.299,IJR1qeddrkgRVmHMdxFLZw,#588CC7
6.435,3.336,qjKfX62tJ9r_ZWAnUgDUNg,#588CC7
6.436,3.338,NOO5-5ZENG-DOIuw3EWV3Q,#588CC7
6.437,3.339,ISKm2mR6-45fHABnIRkGkw,#588CC7
6.439,3.308,lJhUNdgwuWYUwn9A0nc99A,#588CC7
6.439,3.342,PgJ_6OO5YIdOADeh0Q-QMg,#588CC7
6.44,3.309,32W4WMU_MBH6nEnWpq_JKQ,#588CC7
6.438,3.341,dZj0CqEhEDAvdgXMCc7TQQ,#588CC7
6.44,3.344,bxmx9Heana_n-Jh2c9xuQw,#588CC7
6.441,3.328,QPjHJ8ec_1JyCKgGYYUHCg,#588CC7
6.442,3.312,_BroXit8eXZDp4wY_faIvQ,#588CC7
6.441,3.345,VSOU62nX3HclBEEmbwQ7Bg,#588CC7
6.442,3.33,P43ykTp9tAYu4dtcsPUl8w,#588CC7
6.443,3.331,A1zBANqMDu5XVyDp3FTIZg,#588CC7
6.443,3.314,4aQKQaroyUyzLoHUprfafw,#588CC7
6.442,3.347,prwjGZchYdNQZe-9ElM_AQ,#588CC7
6.441,3.311,DikL4W-95mafCY-8GUxpcw,#588CC7
6.443,3.348,Bs9NGVqjawe9HSxIfseIwA,#588CC7
6.444,3.333,MSNQpGNTi4ZnWq-5t-lcsQ,#588CC7
6.445,3.334,zIOwU4pjGpvBt8FOkB_I3w,#588CC7
6.446,3.319,tlES_zxOiQGg55Py_NTebA,#588CC7
6.447,3.32,QeQEKPLpFFSVaY9fsBgZYA,#588CC7
6.446,3.336,Ui5loUl8xdw6nA5-Qsnwxg,#588CC7
6.446,3.302,MgMzFRZY9XiHncLz9EMIsQ,#588CC7
6.447,3.337,fRrmiICJ50bu8IdPCw7v2Q,#588CC7
6.447,3.303,qlWzadeitO7dahZgmwrVRA,#588CC7
6.448,3.305,mZqJBVChRgPS4yD-tn5G1w,#588CC7
6.448,3.322,qGD8qkU9iDtaMR_2xp3EJw,#588CC7
6.449,3.306,BgW_x6VB0mM6_KztUwXIXQ,#588CC7
6.448,3.339,WnXy4Odi7qU284e86F_frg,#588CC7
6.449,3.323,Vpuer6DnRu8QsbsjeFugzQ,#588CC7
6.449,3.341,yGaCat3LzXIWK5JQ2kCDHw,#588CC7
6.651,3.325,1v3_WpmWzIzyieHhNftotw,#588CC7
6.651,3.342,GnmV9HZXbZOlMI3cjHkP7A,#588CC7
6.653,3.326,dyuajWwxNooJ1NPiF_eFAQ,#588CC7
6.653,3.343,skgP-gA6lWwlcNzAY3v7JA,#588CC7
6.652,3.343,JJ-PA-0dnoINrcKECZFvuA,#588CC7
6.654,3.309,T28KCDYLh4dgj5CDKNLHDQ,#588CC7
6.653,3.309,mqofCeHeEzSgkck5ALUovQ,#588CC7
6.654,3.344,xtKzm_Hil3NsokJGDy8r6w,#588CC7
6.655,3.31,7pRN6Xj3dtR2Y7vkcAK7Ng,#588CC7
6.654,3.327,CWsXlFO3iFnX35YHgxZz-w,#588CC7
6.655,3.327,yxtHXn5579KIY-jX9OlXkw,#588CC7
6.655,3.344,Wmm8flYhGBnfVpHKsKJjzQ,#588CC7
6.656,3.328,19tWqAzlqwywNXMc8GX9Eg,#588CC7
6.656,3.311,UrOq8awxlueB0coHz18s1g,#588CC7
6.657,3.311,GwkoFalm3SeT0eGz0cq30Q,#588CC7
6.658,3.329,wkBSKlXqZpnq_IBwSLFRyg,#588CC7
6.658,3.312,lRnsZe2cdz2cUrz_igp41w,#588CC7
6.659,3.312,vSnHVNidnh8AzO31VlrK-A,#588CC7
6.659,3.329,fAOK39hwzLSsAdKe17tsgA,#588CC7
6.66,3.313,oncgXJZbWzwZk5f5EtRnPg,#588CC7
6.66,3.33,wxti-XOXR5R79XZjOBhvqQ,#588CC7
6.661,3.33,dG2YIZh3MJpP840W4dh1sw,#588CC7
6.661,3.313,68skPeprGMEfoivVUH1F-g,#588CC7
6.662,3.314,_nzwel-BQ3yqUUsx1c6R7A,#588CC7
6.662,3.331,3xRxA5xYiF9X8J6_TyJeNA,#588CC7
6.663,3.314,ODtyOIHtTF-F5IUJAbHWeA,#588CC7
6.664,3.349,bJH68iY0P_cszLlxaJvAdQ,#588CC7
6.665,3.333,4V5nTgCeXUS44l_fi5ygag,#588CC7
6.663,3.349,y6pFF0Ghat2PYJXqTtT--Q,#588CC7
6.664,3.315,nG4tQq3zacHAlaXP8dQShQ,#588CC7
6.665,3.315,6HUwK3iJg_B2z-s13fEGvA,#588CC7
6.666,3.316,OqkSkKtcxtROhxnhSp0LKw,#588CC7
6.666,3.35,NGK2bz3qbnRoZUOMPJ9Tpg,#588CC7
6.665,3.35,DkYOXcj0171nzWX57NDDGQ,#588CC7
6.666,3.333,YyhRVll3RLBWJNsjqJ1rLQ,#588CC7
6.667,3.317,Y9KOVpG-LtSQEetWdqXD5Q,#588CC7
6.668,3.317,6HiQq2fJLuAoMRRAQN3goA,#588CC7
6.668,3.334,oORVVY0Hd7M5wkQTUywgNg,#588CC7
6.667,3.334,3g04STi-814JVs9ww_84Sg,#588CC7
6.669,3.301,XxadsQu9jA6jlhE4BCR_Ug,#588CC7
6.668,3.3,BGsu2z82pbLU5RfXgPfBZA,#588CC7
6.669,3.318,8hbkRR7DX0fCpXRE4r_g6w,#588CC7
6.669,3.335,nqJiq7oFRt45yHwA_2BDqA,#588CC7
6.67,3.301,lVg-oPyr1hq5iNqySZM_3A,#588CC7
6.67,3.318,l9ja-LT6qSr2bu_g2RzSkw,#588CC7
6.67,3.335,fHbJZ7wYdooo8RWS4EyhbQ,#588CC7
6.671,3.319,SmGv0rernDEH0U9AAxnIdQ,#588CC7
6.672,3.302,bo8QT1NGQ1Ff-xwMr08hvA,#588CC7
6.671,3.336,cy-q7U_fHOMZ51cBH_jPRg,#588CC7
6.671,3.302,qztxuIJx73z0ACpPNVM1UA,#588CC7
6.672,3.319,sX3zDKDS3oHqkLp68oS-3Q,#588CC7
6.672,3.337,AkgrMoqPm1NgbBxRBZH2fQ,#588CC7
6.673,3.303,BKJD-2jQ9-RG9naPhaj1zQ,#588CC7
6.673,3.337,YuUVH3Pv5tfgJabGBS6GAg,#588CC7
6.673,3.32,1t3I9YYovx4CFMe8H8980Q,#588CC7
6.674,3.303,g_ay1KzG1cYbdqjPw6SmeA,#588CC7
6.674,3.32,m3FUduvLF5Ga1vEJIsjkhg,#588CC7
6.675,3.304,i5_uehOGtmsHhzhPtM0v-g,#588CC7
6.675,3.321,TKLrHqWMmFTd46N-2YWk-w,#588CC7
6.676,3.304,j3JLKky5NGj96Sk3Qknl6Q,#588CC7
6.676,3.322,MCN3SGJuIzIfJYitVwRO_Q,#588CC7
6.677,3.305,oHEfb-EoKTTVd3Z4uLlmAA,#588CC7
6.677,3.322,2UdcNpi8crTJBLIymNbzUw,#588CC7
6.678,3.305,AZKpLzj42jN7iI2QyvJwrg,#588CC7
6.679,3.306,1Q3QDc6Bac8zm-qxVbTS9A,#588CC7
6.68,3.307,9daOgIBMJ1wzrWDz_R4j6Q,#588CC7
6.679,3.323,qdSIuAhXNTkDWWJIYQ_9-A,#588CC7
6.68,3.324,SKecSs_hbAnpg3DLNXQZuw,#588CC7
6.681,3.324,g-FvpcvYIR-O4JvIncDGnQ,#588CC7
6.681,3.307,QVa3L6bFcQWmB8IdldhIMQ,#588CC7
6.682,3.308,Uzzi-XlapL9HUCc5aVBfdw,#588CC7
6.682,3.325,2daXNoVN4lLS-hb_oNEwFA,#588CC7
6.683,3.308,iF-QAyx3ZsThIhrFYG9byA,#588CC7
6.684,3.326,uXIOdMwqSBIpOnBwt_7HLA,#588CC7
6.684,3.309,7bU3FNBWB4tPp1CEf6dK3Q,#588CC7
6.685,3.327,-Y5HMRdKafwc6ZieiMTTXA,#588CC7
6.685,3.309,Ad_3XK7nOS3Se31jh9agFw,#588CC7
6.686,3.31,nWn3FCxi2XoNTUhjV8hUTg,#588CC7
6.686,3.327,jLbnJAebWwKASSEgSvKhgQ,#588CC7
6.687,3.31,_A7iXvMIPMYV8X9AyH9rHg,#588CC7
6.687,3.328,fq-FxeVF7HErelqmCLrOig,#588CC7
6.688,3.311,SST5a3Cv899KBFEmbKiV4w,#588CC7
6.688,3.328,S9HaF1nVd_CdhgMRclIMng,#588CC7
6.689,3.329,enJZJuWRVykEZnrSgYJRmw,#588CC7
6.69,3.329,RmRT95z6kXPayI_rVtlqsQ,#588CC7
6.691,3.33,YFo0j3QdiEJ6u2DiVpnm9w,#588CC7
6.692,3.33,Ke5-C0JMkptwspwn0hVpwg,#588CC7
6.694,3.332,uPwSznRfVO2vSLhAFHyy7g,#588CC7
6.694,3.349,tyX34yqOeDCXMsYAcKt3IA,#588CC7
6.693,3.348,wogTsmxaf5wHdoLLXciF0Q,#588CC7
6.695,3.332,jepCLJrIdQ5KDI_va1K5AQ,#588CC7
6.696,3.333,PYer2fFR-d1JA_Z07muZlQ,#588CC7
6.697,3.333,VVBrpPjOCP3vZPD_PGGuGQ,#588CC7
6.698,3.334,lZuf42hICkUBLG9VjNTrLg,#588CC7
6.698,3.317,71bnvjLKq4CBSMwtMXASLQ,#588CC7
6.699,3.317,0rdMZcXuMMY6IwqDpBPXmw,#588CC7
6.699,3.3,Ssax-tCBRcN9DkxIMdSDbw,#588CC7
6.651,3.351,rO9nA31cXZkcCeKJhfd5qA,#588CC7
6.697,3.316,cblVGZcIBms60-1fQM0jig,#588CC7
6.699,3.334,dRAy0GMxgkJdkSQOvEt87g,#588CC7
6.651,3.369,ozCCfo7jrESPH9ACa_srWA,#588CC7
6.652,3.354,BKGLidb6vj5cppsNQpf5Xw,#588CC7
6.653,3.357,tJfV1R1RvXWizjY0qwzW5A,#588CC7
6.652,3.371,l9ymsr7K01UlZJ7MEytQ4Q,#588CC7
6.654,3.394,koXGarD9ZK6ghzxVmwdg1w,#588CC7
6.655,3.362,jW3uIleb-ImDDlwky_raQw,#588CC7
6.655,3.396,pMLfMSoxC1mi4Z2cHrfYpQ,#588CC7
6.656,3.399,Znx0124EKoTE7Jf-1fjPng,#588CC7
6.659,3.355,mnk9t0IuD2cbW3ZNbVYtRw,#588CC7
6.66,3.357,kdQN2QPpxTEnMKSopTyB3w,#588CC7
6.661,3.36,7UnEhnbE83q67MzHVwhA5A,#588CC7
6.665,3.353,DoeaqRnKkSHV0tFUDS-YCA,#588CC7
6.666,3.355,FjTY1K-0CGaIwmJ_JD4vwA,#588CC7
6.671,3.351,81bX2ndMGjl44DWh06e_NA,#588CC7
6.676,3.364,uoADaM-legoYRavEf_WRVQ,#588CC7
6.677,3.366,sHtUTLdIXY_De7FI_ACLHA,#588CC7
6.698,3.414,TSQXCYN0nBwTjaRK56JxzA,#588CC7
6.699,3.415,yuBnPC2-faFGmL8_EWPlXQ,#588CC7
6.651,3.491,grxYlYAK9DpJDXf65hDfxQ,#588CC7
6.651,3.474,gMHa8KYVpyA-5RGVGRwK3A,#588CC7
6.652,3.476,leG-ZbOB_SefqpEvhhlFbg,#588CC7
6.652,3.493,DGQ8-tcQNx-4KCl03xjeog,#588CC7
6.653,3.479,B-yffR9-8VJjEfDkbgpKAQ,#588CC7
6.654,3.481,7L2TWtfv-mcztoZJWOUIIg,#588CC7
6.655,3.484,3W2qfpLTv4g40RWJ91VYZQ,#588CC7
6.656,3.486,Pvaz7wfgyQ2YScW0Zut9_w,#588CC7
6.657,3.489,zkTr8AU1y7LL42grSaiaMA,#588CC7
6.658,3.474,frzzZgrlFzAPT7Cijx4aLA,#588CC7
6.658,3.491,3p9jekv8jiX3_KKkdNnBgw,#588CC7
6.659,3.477,qTaEc_rff6vtD4HnChtwOA,#588CC7
6.665,3.475,7VAIBUpxFo8whxXoVVKDYA,#588CC7
6.666,3.478,pFOVxA3Wx_lzd0VYDdXQVg,#588CC7
6.667,3.463,BBy2bhLGul0UN-vJTEfp0A,#588CC7
6.671,3.49,gwQTAiLb_wUcQ-hIZt8PyA,#588CC7
6.674,3.464,X1Ov1DzeiigyINgUXzPCrQ,#588CC7
6.677,3.488,RrxZKtfiF0JpBhVpsF8pQw,#588CC7
6.686,3.494,wNi-C89bQz4JbiSGFoFdFw,#588CC7
6.688,3.465,ycUB070n7GHvpC9UB87P3A,#588CC7
6.689,3.468,rEvcxmS0ZbCH1o2BTx3I1w,#588CC7
6.692,3.492,oICG1RB_1TS1nZh2166QzA,#588CC7
6.694,3.48,A8rEZKgfW9v-2Am6RXJUMg,#588CC7
6.696,3.485,z-ItSYL50hyoUbJTlPi7Cg,#588CC7
6.45,3.545,87wZ0Ysl9tHgUZyxnTz0BQ,#588CC7
6.452,3.531,qmaOUIXTPyyaf0iElL5O8Q,#588CC7
6.453,3.515,nyRIl0_Ea7lOPBMcAklt0Q,#588CC7
6.454,3.516,6zwFUQ7axYZQcbIzYDNJ3g,#588CC7
6.456,3.52,qsFf_8xvUydzOJoRurkLYg,#588CC7
6.462,3.546,ZfnGals1Um2lyzjjkPOKhw,#588CC7
6.463,3.548,KTBJ9oooKlKcLhKP7J-SFg,#588CC7
6.464,3.532,PdGWjCPV9yBm1-G5wmgW8A,#588CC7
6.464,3.549,ga8iIVwC5LreQ-CUP-l38w,#588CC7
6.465,3.534,GXjIyAnUgIlX9ajSiyipdQ,#588CC7
6.466,3.535,nJ6jBpck75NSq9X8Tcb4MA,#588CC7
6.467,3.537,iVhlcrbmsXvZTqgddZf7JQ,#588CC7
6.468,3.538,Nk9GIka5k-g4oEPXJJtvcA,#588CC7
6.469,3.505,CAoSF0NJSE0wb2dLRUlDQWdJRGNrNUdULUFF,#588CC7
6.469,3.54,CAoSFkNJSE0wb2dLRUlDQWdJQzRxOHFnZEE.,#588CC7
6.426,3.627,VEAs6pEVCgGnivgFh8S13w,#588CC7
6.427,3.612,r3jJEyfr-wo-IahdeJGF9A,#588CC7
6.443,3.601,m1XA_YsVEMX8nI7Uo_bkdw,#588CC7
6.445,3.606,5bcJ8-9cGGqnp9EzRl7jEQ,#588CC7
6.446,3.609,zPJLatZ1GWCs2zqPh80rDQ,#588CC7
6.447,3.612,VeTT8rqsJHoElI9fAm9Vxg,#588CC7
6.447,3.646,CAoSF0NJSE0wb2dLRUlDQWdJQ3FvZFRucGdF,#588CC7
6.45,3.602,ygANXsLrEHNwZDDZoz_Szg,#588CC7
6.451,3.605,uK5wcJqxlh-XF0oxyvNJWQ,#588CC7
6.452,3.607,f_yquNAJMqkKwgvar62snQ,#588CC7
6.453,3.61,Eiisyj3lFe5epF0C5bmpaw,#588CC7
6.454,3.612,dayHMPb6LnMMrj3aPMqL2g,#588CC7
6.453,3.627,30WTgiIUVelxoqXMFRdUig,#588CC7
6.455,3.615,aueIooIP9SnOdJQoEYZyrA,#588CC7
6.457,3.603,HmsC7RhaS17ge8AHWNigdg,#588CC7
6.457,3.637,imt5odjtxrvhKK5IGUW08g,#588CC7
6.458,3.64,bKHH7Px08lJ0b0972JFqFw,#588CC7
6.459,3.608,IxZnGUEBFQdC8HuGjRaVVQ,#588CC7
6.459,3.642,1d3ld7DskkRvwmDKV3Y2Zg,#588CC7
6.46,3.61,XkhERbvg_Uv9cbkKy3EGnw,#588CC7
6.46,3.628,WvcN3iNcpLfMkCMoSHdfjw,#588CC7
6.461,3.63,ZKgeBEyGes0VJ2vxiiAIKA,#588CC7
6.462,3.633,6BWNCZsoMp7xDnSoz9UI_A,#588CC7
6.463,3.601,Cb2iA9IaLs8JW9QC2EdFpA,#588CC7
6.463,3.635,2NgufJWttFG-LkhfWgdBAw,#588CC7
6.464,3.621,KZBdw0b1dkLOWUXlAWEN1g,#588CC7
6.465,3.623,YMN5ZK0NDPclicmCdK-Gew,#588CC7
6.465,3.64,bJlGsqMpiCi1-XvmFJgrwg,#588CC7
6.467,3.628,sMdkXEOOCAq8NtNwJLLZKQ,#588CC7
6.466,3.626,Mt9jxWHkQdufWZ-zpDLDcQ,#588CC7
6.468,3.631,SPAQgl-c-CWdFicciSuOqQ,#588CC7
6.469,3.616,C2qkx8IWd0Sw9zTXIFmeoQ,#588CC7
6.469,3.633,j5ZI0vXHSX6RVQavY4A4KQ,#588CC7
6.47,3.619,qUJs70hU12ptAecXSCC7Bw,#588CC7
6.47,3.636,Jt-Qp17tiGbPqj44c5wVvQ,#588CC7
6.471,3.639,eTqdkII5MN7rwUiQW-UgYA,#588CC7
6.472,3.607,kEZsfdXWvALmt6jNMGb_1w,#588CC7
6.473,3.609,mZZkDy9aRf3WxiNkQ63EaA,#588CC7
6.473,3.626,u53HxgP8giBmPgpNH-SSSw,#588CC7
6.474,3.629,CGJnsrtk0cvVMsPsADIfQw,#588CC7
6.475,3.649,sB8q592XA3d3VOB8i6NaSA,#588CC7
6.475,3.614,77vPyTSzKXn8AK9S9itP7w,#588CC7
6.475,3.632,CXUg6LF5hYpJ80q1kBwk9Q,#588CC7
6.476,3.617,YHuZY-hp98mxatT0PePYfQ,#588CC7
6.476,3.634,UOFb6QmQC9RZYShEmt27_Q,#588CC7
6.478,3.605,BeAi8uCHKvz6odZDRtTKGw,#588CC7
6.478,3.622,fcCJKokl_qk5_Yk8A9cydA,#588CC7
6.479,3.625,aZzqNBw6L1QTBxKk6BntBQ,#588CC7
6.479,3.607,PPixcF11m0bozp3iL8v2Ww,#588CC7
6.48,3.61,IgaghORS07__bshCk6S6Zw,#588CC7
6.487,3.611,Tkk0MfZ_t6uI-AmIeP7yhw,#588CC7
6.49,3.601,zd8zrIN0VpQVdLlsajS8mA,#588CC7
6.504,3.62,hMoTYYV6zmkQtih0-BeKEQ,#588CC7
6.504,3.602,xOnZbCehWlafAspPjuisGA,#588CC7
6.564,3.601,pXYoAaCYa2iJePgrkaFH8g,#588CC7
6.573,3.624,fo2bfSAE4kkGybPC0E1kRg,#588CC7
6.574,3.627,HrtRITAdN0IDlRjKlBk4kg,#588CC7
6.574,3.609,Xexpq7rDEowBxI3RNhzFow,#588CC7
6.576,3.632,nlW0b1w_x5j1F8SNibbgWg,#588CC7
6.575,3.629,Oq-or7nPGnUf5uWY_0Yhpw,#588CC7
6.577,3.634,z2mlqScPJ-hNW1XQGaN0fA,#588CC7
6.579,3.605,lkdctOnT3bCKCAKG1k-qXA,#588CC7
6.579,3.622,-43Kc3TtUh5h2L3HzWNpnA,#588CC7
6.58,3.625,VeYLwD75cD1yiF80m4ZGUQ,#588CC7
6.581,3.627,hP-mNpdSne7Q83J72aVveA,#588CC7
6.582,3.63,o5ZNF4iaLvKtG2Jiw9kf2Q,#588CC7
6.583,3.632,D_kNgPkO4s3o1W8kqtTuIg,#588CC7
6.584,3.601,UIBZXEmcz3TRqU7WnNyNUA,#588CC7
6.584,3.635,JkY89z5qMg0fDVRe-J7gkA,#588CC7
6.585,3.603,57_OX_1Q_HvOePfSugZayQ,#588CC7
6.585,3.62,lMwrU37-s3t-Iki4EKHPgw,#588CC7
6.586,3.623,optaHoWInyq2SvPZH9cahg,#588CC7
6.586,3.606,Ei7LaAjhD8WB9nMxZ-Vrig,#588CC7
6.587,3.608,qhpJqTklffhQRHcVpeLGUg,#588CC7
6.587,3.625,pUC83lOfgDVf9arwMFD3sw,#588CC7
6.588,3.628,mOkw15nrVtpe8O9aJoIl3Q,#588CC7
6.588,3.645,fFw2CXTwWQduklcpMk5dJQ,#588CC7
6.591,3.618,04U4GFHn9RFQNeJnhfc8DQ,#588CC7
6.592,3.621,ZJAgsVnBn_8KrM15lD1TfA,#588CC7
6.593,3.624,4W9Fmfb75VC0B7M8f7NHLg,#588CC7
6.593,3.606,YCmzEQrpyO4LFoLkR2X79A,#588CC7
6.593,3.641,U5jd_6tHhMsx5YCD6F77Pg,#588CC7
6.594,3.626,SzrKRCaACXdsxFnuXjgv6Q,#588CC7
6.594,3.609,717WhPIr9khwF9HGKdmt2g,#588CC7
6.595,3.629,qxeG8xTXfZaRmstRxAsQBA,#588CC7
6.596,3.614,BUliCjHyfq2C6KBCWeQNgg,#588CC7
6.596,3.631,HwwVNsVQuwiIBHyE_CzBHw,#588CC7
6.597,3.617,-_BxoJ1WhaLUjois7Qu-wA,#588CC7
6.599,3.604,OTbZaILCkTxX3qagNGFktw,#588CC7
6.598,3.619,RhR557WDdIW-fGqN-Jd4zA,#588CC7
6.599,3.622,fjslp-eLfx3Jc4qdRGaz8Q,#588CC7
6.6,3.607,9WT8p0zImCaVRMIq5trVGg,#588CC7
6.6,3.624,yaDFGf0OVYeMfy2SD6M7Mg,#588CC7
6.603,3.615,5UTCWUUOtQBdgVXqWloOyw,#588CC7
6.602,3.612,RwdfsnurjIv_fvzqvRJJUg,#588CC7
6.605,3.603,UTxyEMoIfCGSLisg3hi60g,#588CC7
6.605,3.62,LT_d_GXQB2FidKsm55Sr9A,#588CC7
6.604,3.617,J9pJSys1aCJgh39nPbWg9A,#588CC7
6.606,3.605,9y5BL7yuFiRtIKoJtd_VKg,#588CC7
6.611,3.601,VpRxMAmAoFec_XcfRtHnEw,#588CC7
6.612,3.603,T6ndcvqa9grXGRfRWD8XMw,#588CC7
6.615,3.611,Re4-9koJPPD9zO12Qr5t6A,#588CC7
6.616,3.613,mkjVIZv88mFvoQF0oSkYbg,#588CC7
6.617,3.616,0X7B0OV_txM4C_U-7EXvWg,#588CC7
6.619,3.604,xdG-1Fckb7kUl9zBPKZW2Q,#588CC7
6.62,3.607,r28wC2pA3IvED7ux7dFqAA,#588CC7
6.621,3.609,KFfCOp6ZFAWp_JVmmTPj0Q,#588CC7
6.624,3.617,TKwIIc2OqCv1I_LfCaJW-A,#588CC7
6.627,3.607,Tagsp5XKzofk7Tg2b8_CSw,#588CC7
6.645,3.619,X2sfQCNZa2g4hJ68cPywCg,#588CC7
6.645,3.602,viJ8E-2CxnNpkkXhMIxMMQ,#588CC7
6.652,3.619,lkqIvv_iU57rHEVL8nkN8A,#588CC7
6.658,3.618,AAKEW_W6g5Ll3LvWp2S_rg,#588CC7
6.66,3.623,swXZqClHbTAZsrqqhZ4VxA,#588CC7
6.662,3.628,smdZj8um6VKlYsc5bJpTig,#588CC7
6.661,3.625,GEOnubC2A9jl1_e-SE-s6Q,#588CC7
6.663,3.613,lL1v_uA_oibM7zRCt96FrQ,#588CC7
6.663,3.63,r2Ii31kVgDDBHkk7SipiHg,#588CC7
6.664,3.616,taZDlpK3B42NynTqLsydfg,#588CC7
6.666,3.638,qDTZcDW-CC3V8Nlhj_Zgog,#588CC7
6.667,3.641,t9mXxSk_Pvk5xOiq0-IPzQ,#588CC7
6.443,3.671,muIXtYXD9ytHVtqcfi721w,#588CC7
6.444,3.671,stf-GZCw4MFW16SZXSmKFg,#588CC7
6.445,3.672,H1uPr4piqP1KC0rRNcr6tg,#588CC7
6.446,3.672,sSz2CF0LR4tPJPJefZjDYA,#588CC7
6.447,3.673,2o-uZ0k5eeDWPtub_lz6bw,#588CC7
6.449,3.674,o3hO-ea6PsdCLUCVm8GfGA,#588CC7
6.451,3.658,vleKTJ90wqZv8j7YOjdBZg,#588CC7
6.452,3.658,hEWy4aUnARc1HEWiReeCpg,#588CC7
6.45,3.675,PITLlRqzME_mz9yuhxyqjg,#588CC7
6.451,3.675,Z9eUP8Vdn5QxsO0KW4622w,#588CC7
6.453,3.659,iTrfkwA8GD6nknYEFc9RwQ,#588CC7
6.454,3.66,pwlUUZgxEvFCJfikOaGJqw,#588CC7
6.454,3.677,Sqb6XWoaB9mNo5wcCG0B6w,#588CC7
6.455,3.66,DyCp2_x7o-e1sUFxbQ98LA,#588CC7
6.455,3.677,CQf_WYoRcj4dwNOopNIPyg,#588CC7
6.457,3.678,7hFopRJdgoPhz2odtE4coQ,#588CC7
6.459,3.662,MD6I37wuJkFmPCyQyLN9pA,#588CC7
6.458,3.679,SiAKq4DjJO5b3qpQF3Y_3Q,#588CC7
6.459,3.679,wqwAFeL8vX_wTCElNxpAfA,#588CC7
6.46,3.663,BaKoDVmPJb78S5W6pp836A,#588CC7
6.46,3.68,gCtmxI7odXs5SL-69M4RBQ,#588CC7
6.46,3.697,sgABxWAK22KnVwUwCTtjew,#588CC7
6.461,3.663,o0LfgvfkrJQyn8PqkT4Jtg,#588CC7
6.461,3.681,hk2aT1J9mD8NoD2513bEnQ,#588CC7
6.462,3.681,uMwV5jaTERwNxVQiYS9aPA,#588CC7
6.462,3.664,epgR2Hf4-Vb2-8J8r3tzHg,#588CC7
6.463,3.665,OpGKn8Oy-Fhzr7z_VaTm4g,#588CC7
6.463,3.682,_05fBQiWI5VnPLcPon5YSQ,#588CC7
6.464,3.665,2o2cy4AFG2FW7SoG54okiQ,#588CC7
6.465,3.666,xMj_8Ma2JBpcPSQVuoFEMQ,#588CC7
6.464,3.682,WWmwg8WOdQvTrvBJKD39vg,#588CC7
6.466,3.666,I2bXcjG3orE_KTlL5yi5ng,#588CC7
6.465,3.7,1kH_n_05CDEXTx0_eYOlDA,#588CC7
6.469,3.651,aRi6Tq1gqxiLr5ZX_UMWTQ,#588CC7
6.47,3.651,fkFbneMlmaxqyQ8RGNI2fg,#588CC7
6.472,3.652,M3eM4d-x_5R5uYGRKKA8lQ,#588CC7
6.471,3.652,inYquFK8-qZHRBPZeakakg,#588CC7
6.473,3.653,utsZwNQeMDPehnNyMCfCZQ,#588CC7
6.474,3.653,MjI4EokdTqvtakJK8UO8KA,#588CC7
6.475,3.654,Ho8zKlkd5WYf4lBDxjy8QQ,#588CC7
6.475,3.688,LSK4OJl528rxx4NMcGDOOw,#588CC7
6.476,3.655,dNmB-UVTAn-DCIimC3rBOA,#588CC7
6.477,3.655,5jnnEnoGMGRbRxBdbLUTgQ,#588CC7
6.478,3.656,W8P1NcLBwMNFp4KlTv-F_A,#588CC7
6.479,3.656,bI9rsSGuRv9EWogR_TWGOg,#588CC7
6.479,3.691,mb__FxJam4H2ohxVcJJCEA,#588CC7
6.48,3.657,TZR0IuRdh4rWUIYxLvlKhg,#588CC7
6.48,3.691,LL8th9qrvf6AnHAupVfVvw,#588CC7
6.481,3.692,CezPU8H54Y-xutFommSqjw,#588CC7
6.482,3.692,M7XkX4mfR9wIzk68GYLCFg,#588CC7
6.483,3.693,oG2XmLaErjbkbRNtMzjNcg,#588CC7
6.596,3.652,T-hfuTEqPLZ00N3qKOW-sw,#588CC7
6.651,3.665,PpD8vplsW5A0KThtLfRLjA,#588CC7
6.653,3.667,qckZ1lDKoM0PEHeqlesXHQ,#588CC7
6.654,3.667,lhf3Eu8D059-5asZAEC3Bg,#588CC7
6.655,3.668,VXmVi3TcK6jCxTJkspmdPQ,#588CC7
6.656,3.668,pUp4YApAhUjWTt8P5Sy7bw,#588CC7
6.657,3.669,QmVwU8q6W-XKrrxL4ZQxMg,#588CC7
6.658,3.669,w4iVjDsqJZ8R6dAYQbdcXA,#588CC7
6.658,3.686,vvs-dvEpR7guMq1KaRw6oQ,#588CC7
6.659,3.67,h0BpkgVCmhvptguUEyyVFA,#588CC7
6.66,3.67,4Ru3kdBu_AtsTbZycaLHDA,#588CC7
6.661,3.671,zZtT1XOX4EeXfbjNp3GW_w,#588CC7
6.662,3.672,vtAXRepxrnjYXiOagJSzqA,#588CC7
6.663,3.672,kPTPgecImg479P1hx-M8mw,#588CC7
6.664,3.673,KVtxjD4hR8I0p2FqtyOFQw,#588CC7
6.665,3.673,CK7rnn6StgdwZ4SPzrgc3w,#588CC7
6.666,3.674,Y73RZW2lomEYXN1YCXLPJA,#588CC7
6.667,3.674,pvvg33OB6JsEra5JuZLbrw,#588CC7
6.668,3.675,K-poaf7S4fmk5S8y2-q-Ug,#588CC7
6.669,3.675,mSTzIcs6ivKnMLwi5zQCgg,#588CC7
6.67,3.676,UfZ1XzAweYRyIiAkFRgCXw,#588CC7
6.671,3.676,TIOwDfp7dgPpdvt3qEqEew,#588CC7
6.672,3.677,caji8rEmDC7wd3xvFjQHrw,#588CC7
6.672,3.66,x1Nwx8ITKnPjMzbVdj04zQ,#588CC7
6.673,3.66,04CqHyPLvG6tVRrn4OA28g,#588CC7
6.448,3.719,9RE6CnUt63G48Oso8U_GUA,#588CC7
6.449,3.721,CQmLU-y-uLJB5MRlfaq4mw,#588CC7
6.451,3.709,7ucLmCEBvpgapF91iKi4yA,#588CC7
6.452,3.712,_CqGbtHAmIcntHT75dtoOA,#588CC7
6.453,3.732,cT2hQzEYsNodSu1TTIxgUg,#588CC7
6.454,3.717,qceSDEX6-naO8ts7bjFTzw,#588CC7
6.454,3.734,HSscG-0VLShr1cEy7wrtiw,#588CC7
6.455,3.737,9UL-48pA6lf6rw2P-5fWZQ,#588CC7
6.457,3.725,di9IJVfAwIDgX9a6ybkHnw,#588CC7
6.458,3.71,293FXCP15GzeojyfSsw_rQ,#588CC7
6.458,3.727,VJ-Yfs295gBzJemNQvXpjg,#588CC7
6.459,3.713,E0VR0saWldqAEOlev7gzJQ,#588CC7
6.46,3.715,rVFYoaSlX3a3vSomyu6Y9g,#588CC7
6.461,3.735,r_CXMJFN7bnB1xYWE66TTA,#588CC7
6.462,3.72,7mu3bJ5aF-eT-E864sG1BQ,#588CC7
6.463,3.706,SPXFbAAOR1fPvmQmgNiDtQ,#588CC7
6.463,3.723,j-ORQ5Td84aFOKMw4IyO7Q,#588CC7
6.462,3.737,Txs1OpNrJ_dHlYNVhzNKCw,#588CC7
6.463,3.74,wTon4rb0okXxJCK_iww2zA,#588CC7
6.464,3.708,sgsdVJcHz8_KC5lHIyRCsQ,#588CC7
6.464,3.725,l6eNxv6yxV8p9ZznDrrEfw,#588CC7
6.464,3.742,w-2Y_mOoRHh-HwksMLfjQA,#588CC7
6.465,3.711,VGCRteRdOS-lyLmwkz-Hlw,#588CC7
6.466,3.713,85uE0-KEheV709CwKcRHUg,#588CC7
6.465,3.728,RuNn5DGYOD3bTlTWCpPFHw,#588CC7
6.466,3.748,DmXiipbHXR-Pv0koFOtpJw,#588CC7
6.466,3.73,1zJYZuYIbVLRWof2xA9_eA,#588CC7
6.467,3.733,y_10GHZBWkJT0PsFfXIySQ,#588CC7
6.467,3.716,OkubajptN5TnrUF3wXQTSg,#588CC7
6.465,3.745,Jumxuoa67VoC06oXhh4Pgw,#588CC7
6.468,3.701,ij89qGPbJYpBFPs2gqxajA,#588CC7
6.468,3.718,tjIioPsDyDk--W-EgDaeRA,#588CC7
6.468,3.735,aoctFWV2yYUSSZ6kLxvzaw,#588CC7
6.469,3.704,vFxRjg6N2ddX3S7ifd-Q9Q,#588CC7
6.47,3.706,D_qrBnWkIRRHohD4hXRWKQ,#588CC7
6.47,3.741,cTKkP4KFf6hBMallgC1AJA,#588CC7
6.469,3.738,EAMvYbyROAXveIIQIpdkfQ,#588CC7
6.47,3.723,6Gvj2NRFwHeMelY5EaelVA,#588CC7
6.471,3.709,kk3gsrIoK-Slc-fppObPKQ,#588CC7
6.471,3.726,WNlN7xsCbfu1GjhBPyUtfA,#588CC7
6.471,3.743,6T0mN1LEqtig0R4KkItSuA,#588CC7
6.469,3.721,clEM82CtjHLbEHU1g1wcrw,#588CC7
6.472,3.711,9YOPV-A0FzGZ2FQsLg1prw,#588CC7
6.473,3.714,eb3sHmTKhd6riLpZQWkJjQ,#588CC7
6.473,3.731,72nntLv1dMUZ9jFYfc3U1g,#588CC7
6.473,3.748,nvvLovNTt9-4FmUfivEKCA,#588CC7
6.475,3.719,cqYewnqSSumV_vYfebSV4Q,#588CC7
6.474,3.734,mjdkk3Da_JoMC8I4TQ8gXg,#588CC7
6.474,3.716,j3WXH7tZIszG54xG-KcEgg,#588CC7
6.475,3.702,1PyPMhjQrx5R_TJKAOh5XA,#588CC7
6.475,3.736,5bly-nNpHzNBT82X79n5DQ,#588CC7
6.476,3.704,ivMjKtKzQe8zg-xvT0etmA,#588CC7
6.476,3.722,tajiq5sd4XM25fLwjs81YA,#588CC7
6.477,3.707,-PZgAngI9IfRteBrYi71kA,#588CC7
6.477,3.724,B3lmTrBI8j1ynKc5w0KQYg,#588CC7
6.478,3.709,Kui5FNS8DXmo6FtT0QXA5A,#588CC7
6.478,3.744,Ba2GWSCgyTdrnQ4caOg_sQ,#588CC7
6.478,3.727,KFpR1opJSvA7O9eD1gaTTw,#588CC7
6.479,3.712,xPuEfA8y4A7qulODVND5Dg,#588CC7
6.479,3.746,tHWGqaBDWQaLchjbFscLog,#588CC7
6.479,3.729,ENALs1fxHcDr5cHQ2wcNMA,#588CC7
6.48,3.732,DEeP0viwEsZ3uK0ko1P0Sw,#588CC7
6.48,3.749,y8ONHuWuUkQZGYHl06Dk7g,#588CC7
6.482,3.72,EsKGcgAjw6u_91U5ANQ5Vg,#588CC7
6.482,3.703,UiD3qKTackkouVAwffRmdQ,#588CC7
6.481,3.734,gh9BoUd_R5SiY52GoUgT2g,#588CC7
6.483,3.722,K8Pgs1TiabqXpiZoChrK0g,#588CC7
6.484,3.725,X94EuyOzXSQyCnZwBeTvKQ,#588CC7
6.486,3.73,ZXoy4RUTrcojePhAMCs0Kw,#588CC7
6.648,3.714,XIK-8nGIoHXer-sQNJxkNg,#588CC7
6.648,3.748,JCG33UZg3kPB85yI5iQD_w,#588CC7
6.651,3.704,YVe2XIzvXqIsigLtJmpp8g,#588CC7
6.453,3.798,KCaFD-FOCcVpUpQxRWkj-w,#588CC7
6.454,3.799,3oeaY05WekDtkSGADuzIUg,#588CC7
6.458,3.771,8LZL6R7qMLQJPsxu_8deRQ,#588CC7
6.46,3.774,sDvhnSxEmMF5E2aKOHaHng,#588CC7
6.461,3.759,CAoSF0NJSE0wb2dLRUlDQWdJRHl6YXJqMVFF,#588CC7
6.461,3.776,fAKBqKGa2Yh9VWugJLZzHg,#588CC7
6.462,3.778,5QqNbY6t81Z0RkYneYmaxw,#588CC7
6.462,3.76,CAoSFkNJSE0wb2dLRUlDQWdJRHl6ZXFBWXc.,#588CC7
6.463,3.796,Z0nl5vl4vycuP-BTCt2e3A,#588CC7
6.464,3.798,DvNEJCkF_ZrBuah4kCUVpA,#588CC7
6.466,3.784,Rldp0B1BYpCUxvC3T4MckA,#588CC7
6.465,3.799,0XDLF_lizuPLDTjpf0EKdg,#588CC7
6.465,3.782,ghaYwWnGFI3_i24aVB-UuA,#588CC7
6.468,3.787,SuH3nLZBPVLQZxKFLJgprQ,#588CC7
6.468,3.752,9gnBbXjHWjeGLEraXTnJfQ,#588CC7
6.469,3.754,99ymJYDSSistUl-1_aQevg,#588CC7
6.469,3.788,yj2a02gvafieOsx7i9cEtQ,#588CC7
6.469,3.771,qOTx2HJlDsKeuli6boXb0A,#588CC7
6.47,3.79,F1orQFPwcxyYgpshBCLz6w,#588CC7
6.47,3.773,BrcR0l71SlkAnCHLM80fSg,#588CC7
6.471,3.791,t6_B0O9DiDCl1MH4d3xwsg,#588CC7
6.471,3.774,BuH2wWcc5hERD_JZk0O2jA,#588CC7
6.471,3.757,blYDqDaK7eE7e9ahCRQL3w,#588CC7
6.472,3.776,DBfPbDsNOESeeLsBA96bXA,#588CC7
6.472,3.759,2UIoHeZ0f9VGW8J5BeW1ZA,#588CC7
6.473,3.76,6m4x3AEzdhFPwwjBvKAqPg,#588CC7
6.472,3.793,A-_TcGgGRkRHmkOm_sEI6Q,#588CC7
6.473,3.795,TZQJ_uMoFZcPgisV6_dnOQ,#588CC7
6.473,3.777,r9T-3bmTp8rCWz6RcSy7rA,#588CC7
6.474,3.796,2Od8Os8quJqtFMajU11sRw,#588CC7
6.474,3.779,DC_h1v92295MeEQOuD1SSw,#588CC7
6.475,3.781,LUrL-W2oV_6J4NFtiV5rpw,#588CC7
6.476,3.765,7_xjclxe9BYrZ_tiJJeLQQ,#588CC7
6.476,3.782,ty3kJl-DUduFzK6AKpoELg,#588CC7
6.476,3.799,rFjGbKOKZg1-drfQOC_igg,#588CC7
6.477,3.766,QPA9Oc8MTPHgN2XTtIGZwg,#588CC7
6.478,3.768,4CDtN97S-Ed5gTx9mjiqeg,#588CC7
6.478,3.751,eSxKG2taikrHw09bLw1Qeg,#588CC7
6.48,3.754,8HNE20aLkzI-pS8lUMA7bw,#588CC7
6.479,3.77,RPQqdGmTFLuZqjn5Mmn9_Q,#588CC7
6.48,3.771,QswsvCxr05NBFUAnV2KESA,#588CC7
6.481,3.755,5oYS0Uiz36zcPSHfYvZfaA,#588CC7
6.481,3.773,qwmvzycLafg7alrUIZ2NLg,#588CC7
6.482,3.757,lvXs17nwJ9XZdIxsCssUZw,#588CC7
6.482,3.774,TvPFidoF1p6BSQd2V6SVEg,#588CC7
6.484,3.76,HHutSDY5Tv3jKlfginTVfQ,#588CC7
6.483,3.759,rsbuLWwfqn0Q8g3gr77-LA,#588CC7
6.483,3.776,D0Xj6vxpl3-Ao_pSYinpUw,#588CC7
6.483,3.793,ACaUyhgQnK-NeceXj3oQqQ,#588CC7
6.484,3.777,NefynNddTTzhdrfFF9EnCw,#588CC7
6.485,3.796,APDuM3jSNbelMz3lvHjF-Q,#588CC7
6.485,3.762,0M-9-CmkHRke-smvNK6zkA,#588CC7
6.485,3.779,Vlsmg4x6CmIRS4KeqBsHrw,#588CC7
6.486,3.763,Od_izXbUj-ythBTQuKJ1BQ,#588CC7
6.646,3.771,b3Yqt_c9j-tS5tm_N8WHRQ,#588CC7
6.647,3.756,UtIp7b3IE5YhXCqQfzUWXQ,#588CC7
6.44,3.844,7cKm3eOL-ZDwpuczvMFTgg,#588CC7
6.441,3.845,2SIZnalzEVk3DHtyRDh3vA,#588CC7
6.442,3.845,CK4nICHLd4zK-l5eT8cElA,#588CC7
6.453,3.8,i3qOyKAMCX8Bh4UFH38wzw,#588CC7
6.455,3.801,g46qpbqX5wVMmu7WyIQfOA,#588CC7
6.457,3.802,VANRRg0pLucozBy_85I3Vg,#588CC7
6.461,3.822,iQSIN4EnPs37mHoUJmBzWQ,#588CC7
6.462,3.822,bGNdobZnWjSQWloRKU_4CA,#588CC7
6.462,3.805,XQ5MXCWiGZPs_GVnzgigJA,#588CC7
6.463,3.823,rAu6oNlnJNTjDU_dh5CN0w,#588CC7
6.463,3.806,WORoY5CTxSOKKcHDRRhvHg,#588CC7
6.464,3.806,p2-_sU2R0Cg5qBLsvmoWUA,#588CC7
6.464,3.823,hBsPYHaRr7NokzBYIfIwow,#588CC7
6.465,3.807,Tzkv8T3y3Jh6Y2fh4L6fpg,#588CC7
6.466,3.824,AglTOG9iMzfTogCNPHj1iw,#588CC7
6.467,3.808,i8ufIGBhPgd0GtSCVNdxPQ,#588CC7
6.467,3.825,_SCUCKYOn4HWTfi48_f5UA,#588CC7
6.468,3.808,X3V0O79qLAUxBEhLESIjNg,#588CC7
6.469,3.809,eTK43WLV4DGPzsgzLN3pwQ,#588CC7
6.469,3.826,JbGuCL4NwqRlB6VS3TT5Hg,#588CC7
6.47,3.809,l6FjbclpTrfZ-YhFOGXVEA,#588CC7
6.471,3.81,8pt9E3kA_bwRbuCuSyPZQA,#588CC7
6.471,3.827,g4BR5P9E3cNGY6fzNZjBxg,#588CC7
6.472,3.811,JmkB3ZvqiHw88kr17ru6ag,#588CC7
6.472,3.828,scqCRKO7GMeczGnFQMfuTg,#588CC7
6.473,3.845,GLFvWUvuAhmUSShvGXNdbQ,#588CC7
6.472,3.845,6o-kMgni2G3uYvLjHd_jIQ,#588CC7
6.474,3.812,GVOnIYURI8CmzHZOo_d2YQ,#588CC7
6.473,3.828,qaiQhM9QIFZJ8wNhsv1n8A,#588CC7
6.474,3.829,7xZNMWCwllS_2AdLL3pOwg,#588CC7
6.474,3.846,S-OGQGfxl6cdHXb-sBKs2w,#588CC7
6.475,3.812,mL_ycPTq4X4Q5KlkEANnfw,#588CC7
6.476,3.847,FzlOjXvszIyIbUOgdQx-SQ,#588CC7
6.475,3.847,uTlDuwnSsgL89ZYWWl3ruQ,#588CC7
6.476,3.813,izPuVSZXR1PP5Rfro2G3tw,#588CC7
6.477,3.83,Tfy2qHMJxC8vBJMBN6q6dQ,#588CC7
6.477,3.813,Rd61xEBZGgZSM3-xeDHymg,#588CC7
6.478,3.814,PNcEUCV63dLQNOs0tsztuQ,#588CC7
6.477,3.848,K7IKs68Q2_TBMQvqjpIS9w,#588CC7
6.478,3.831,s9m_ZGvqMsXtGTwVLxpAPw,#588CC7
6.479,3.814,OTMYT9aEFZZR2dm1i8kdbQ,#588CC7
6.48,3.815,cVNCNUkzOy07G1CS7Z50PQ,#588CC7
6.481,3.815,YFRl5K3GFvsrnkCkK_2g3g,#588CC7
6.482,3.816,rjmynEbL65R65rZrpfMw1Q,#588CC7
6.484,3.8,XqPykWjgK3z4OPYpSQhDhQ,#588CC7
6.488,3.802,y4EmUFYMJnB8syn2xurieg,#588CC7
6.49,3.803,CkKl3f8UyTCCWlNCLCWonw,#588CC7
6.489,3.803,BJORpHG64icalluq9jgY3g,#588CC7
6.491,3.804,_t1t8XQe24vAwvjOiDEy1w,#588CC7
6.438,3.872,55Aoxc41KFgVZXKbO8aBwQ,#588CC7
6.439,3.857,19i_4YKk59ipOAQQ5yQgQQ,#588CC7
6.439,3.874,dIKMgCTB_J3xpIGfLsp_0w,#588CC7
6.44,3.86,MWmyolN-smqkqLpJyXzAYg,#588CC7
6.44,3.877,fWdfla-2Hi63NkmtAMsNNw,#588CC7
6.441,3.862,E50s5MjYgdSVA5LCoBVd7g,#588CC7
6.441,3.879,i6K7zEgYsFCqyDqThjIcbQ,#588CC7
6.441,3.896,5pJDgUkRB7NWZrn9xJJGGA,#588CC7
6.442,3.882,cD9q6UuHO-rpRzDCCG1pVA,#588CC7
6.442,3.899,O5_yUKenyPE-gtoa_qgsQg,#588CC7
6.451,3.853,1rc0v2DWP_aEVoq4QoYOKw,#588CC7
6.471,3.853,zP54l14HRN4aZOGYBNCZJg,#588CC7
6.477,3.851,Mo28SG4gTNc4-NR40meuAw,#588CC7
6.481,3.878,aTASzBK4W7rkBPEfA4IHpQ,#588CC7
6.482,3.881,5S1nAJJ5Izwv9-bdOQo2CQ,#588CC7
6.483,3.883,-RVpl4I_Dl0GIADjMyugAg,#588CC7
6.484,3.869,YrkoTDA7K-4TsfTAme6tow,#588CC7
6.483,3.866,uv154S0_DhApNDZl3Rt-qQ,#588CC7
6.485,3.888,qycYHky1dy7tbMdNFa26ow,#588CC7
6.485,3.871,I-WpNscQTMy4izdAB6o65g,#588CC7
6.486,3.891,jntdns0uRLQs9Pmfh0whOQ,#588CC7
6.486,3.874,rdavX6Xzqo_Go4oveklx-A,#588CC7
6.487,3.894,qJTBlZhod-kXVmwSNZcrhQ,#588CC7
6.488,3.862,8bzgsxBGWHVF8C5Guav1WQ,#588CC7
6.488,3.879,jgmWmAQTT6EvfVlT35KAlw,#588CC7
6.489,3.864,ioO7WQ_Gy-ZfJXhuhfok2Q,#588CC7
6.489,3.882,yoVbYq2DIUK7-xyfw7XN_w,#588CC7
6.493,3.892,H_jJAfb00nBFJP5WIxRfqw,#588CC7
6.437,3.921,2-h0o7Jhh2WzGF7M6Pfl9w,#588CC7
6.438,3.921,zZ8h6TQ2v0r1eAHE_AuPNw,#588CC7
6.437,3.938,_UMVAq2U_IHA18nOGAPKTg,#588CC7
6.438,3.904,kKaLwC1PmNnUZPxGAh5ing,#588CC7
6.439,3.939,moj1RYS-6wANwE93b_xOyA,#588CC7
6.439,3.905,X6t7fA44tnw6b8uqCgfX2Q,#588CC7
6.44,3.905,Yj9-v6QLuDCny46snQb1Ig,#588CC7
6.438,3.939,DkxIm6afSXN3ofgDKhvugg,#588CC7
6.439,3.922,4BZBv307keSRtXgCTn0K8w,#588CC7
6.44,3.922,6moNvTvFFLrgm86phsTNPQ,#588CC7
6.441,3.906,I-I36gvMe-a_reL7KrpT_g,#588CC7
6.442,3.906,OpJGu0VQEEc--VCHbvOGvA,#588CC7
6.398,3.394,CAoSF0NJSE0wb2dLRUlDQWdJRDQ5c2psbndF,#588CC7
6.398,3.405,mj-uFQzBZrSJjf13ojGqLA,#588CC7
6.399,3.406,-8hhcbAktSjzhNXyN0iUbg,#588CC7
6.7,3.332,1g-A0ErzZymHmujV6yNVrg,#588CC7
6.701,3.332,vT96PfnYDBodDhZonbn0NA,#588CC7
6.702,3.315,PIiHsPeDd2w5NDVc48ZBNw,#588CC7
6.702,3.333,s6QKTTm8_2UKH7WKdq7DZw,#588CC7
6.703,3.316,Qok0AG3M4RRZHRTJBO0X2g,#588CC7
6.703,3.333,YVx1wu5Em5av4poaj8rhoA,#588CC7
6.704,3.317,SnWliwYLLo63DPlum99Dkw,#588CC7
6.705,3.3,L1tzxvDclrIOligHXuYKYQ,#588CC7
6.706,3.318,BN-oCfEEoslAs3l89u_3Bw,#588CC7
6.705,3.317,xBpVWTecu7hsCbt366xYDA,#588CC7
6.706,3.3,47vDe3MazO_VJTSCFOMwbQ,#588CC7
6.707,3.318,wUmqxfQXrq4OhWLI1ioJ1g,#588CC7
6.707,3.301,WP0QHiVfzCKJD5wp2gsyoA,#588CC7
6.707,3.335,p1wH6WVzGdTmhIGKu2eIgQ,#588CC7
6.708,3.319,XSk_Udqm9xwgtwoZ45MzgA,#588CC7
6.708,3.336,CmPKbyYpm6Vi4EdoJAGaVA,#588CC7
6.709,3.319,wfPzGU-E8jVuFDv88HHtig,#588CC7
6.709,3.337,i8OuWbcviwyyF4iAsoo4Cg,#588CC7
6.71,3.32,8sOau48Ni1Cdq30zWAK-yw,#588CC7
6.71,3.337,8icg-6JnN_R83dmUJw4PIQ,#588CC7
6.711,3.303,RlPtNynpRSoDO4blEIj2Bw,#588CC7
6.711,3.32,iwSAZEcArz8HKRWQUMmzJw,#588CC7
6.712,3.304,LuqsMaIY6RvQMhGE535eMA,#588CC7
6.711,3.338,Z0O0G72_HddGGOvunlTUKw,#588CC7
6.712,3.338,62l2D2dD8VCgb1FnwyjjTw,#588CC7
6.712,3.321,U-qKT_JRTnE6UYhh7l7KQQ,#588CC7
6.713,3.322,W1hXmGGxA8Wph63FNhfwng,#588CC7
6.713,3.304,KSqdf8I_NW0FAGyWzobOpQ,#588CC7
6.714,3.305,sfIBKBVnvMcI84WHzkN_lQ,#588CC7
6.714,3.322,Kpj_GG9zr_ysyzKQbxP-sQ,#588CC7
6.715,3.305,gtLSpd7INg81Gm2u-_HKtQ,#588CC7
6.716,3.306,KhBKPyhy2MZDBYQWnySEGw,#588CC7
6.717,3.307,wxsmxRG4GVR7G8TYQAJ2Ag,#588CC7
6.717,3.324,NqR58GlS9RAHV9sEbmRKVQ,#588CC7
6.718,3.324,uw6mro_UNSAxhUFWO4pt4A,#588CC7
6.719,3.308,EXClY4-KlQ9JaxCE5Sh0iw,#588CC7
6.718,3.307,6Zd6E3loxEN5Kgc6QD7ACw,#588CC7
6.719,3.325,skgBCDtkqc_Xh8SuoB4nUQ,#588CC7
6.72,3.325,Ts0LPvKCus0fF0CaSbwnQA,#588CC7
6.721,3.309,z3sXEjDAlfmtUFHod7hXWQ,#588CC7
6.722,3.309,m4rymO24yHi34ySaSqsUDg,#588CC7
6.721,3.326,jELZhc90zH8C6c7KiI8uMQ,#588CC7
6.722,3.327,gwg0BfkvbtNYCsVvBTJ2fQ,#588CC7
6.723,3.31,JBENhJnBoGQA0iPfSzC07w,#588CC7
6.723,3.327,HFahDGACGXfKbn_VcJxNdg,#588CC7
6.724,3.31,loIEAIm2C680uplfOyED5Q,#588CC7
6.725,3.311,qGqlGLUo87Zqn3oYPccrEQ,#588CC7
6.725,3.328,dSq3Eaty7Mstr9VTTNUNtw,#588CC7
6.724,3.328,WQ484KaJ6KpifaIADNZKag,#588CC7
6.726,3.329,VcfgHoRw86ILHWZ6WuvZBg,#588CC7
6.726,3.312,LMcCx84v6lED_0JKwTfKwQ,#588CC7
6.727,3.312,PutZ-nh9_zb68275S6hHoA,#588CC7
6.727,3.329,ZuHP4xCt7suJmPfLfTF10A,#588CC7
6.728,3.33,rmqCMnr2kaBtqPSkaRZ6gQ,#588CC7
6.729,3.313,1nUEbpGEqBA7-xn7zKEBMQ,#588CC7
6.728,3.313,AzkBh5vlChBWGYuWRcujxw,#588CC7
6.735,3.334,Yw9BQDkt7pUgFTIb8eOXDQ,#588CC7
6.736,3.334,ewOXSXRE6188uqM_-jn3Jg,#588CC7
6.737,3.3,9nxje1FhdNqwCdFkCjXkEQ,#588CC7
6.722,3.398,CAoSF0NJSE0wb2dLRUlDQWdJRDRwNExId3dF,#588CC7
6.729,3.398,uAFeiSt2R4diosqupd8geQ,#588CC7
6.736,3.399,2XLfApEfMvN1bSQeXCGLCA,#588CC7
6.7,3.415,Y1F0hzwP7Psf5T_uLP6wLg,#588CC7
6.701,3.416,f4u-zxrfhLI5aESXyxegKw,#588CC7
6.702,3.416,Xbiq-M9OURQ5paEarf7p1A,#588CC7
6.704,3.4,DUZJ7sAZurwzHTwborEC3g,#588CC7
6.706,3.401,VoJPiRJa0o2K4_G08PHt6w,#588CC7
6.705,3.401,vcS1cNwtqFJGSiPdxRuPjg,#588CC7
6.707,3.402,P3DjCzeBdFuiMJvPuJDgAw,#588CC7
6.714,3.406,xsWxvS8iyjOcsiYrzUOLCQ,#588CC7
6.716,3.407,Uu3gGZ3SySkEVUeU_Unf_w,#588CC7
6.715,3.406,6RryOLA7hFddYAXsGiGCnQ,#588CC7
6.717,3.407,TcCSBuSiBW0kpDJWet1s-A,#588CC7
6.718,3.408,VE6s1YdzZhclbgdocoWWjg,#588CC7
6.72,3.409,pSWvGySu_KWPVrEgqCgSLg,#588CC7
6.719,3.408,7TJtoG82rS84p7ZwG0n0Wg,#588CC7
6.721,3.409,UwnBD4iv1bc0bxRL77Ev6Q,#588CC7
6.723,3.411,3B9MVgMRPu2KYT6cRkYfyQ,#588CC7
6.724,3.411,iZM4P4JIaNd9FZ1mYsrARw,#588CC7
6.722,3.41,wnXX2P7oVLeKsjPpg46kZQ,#588CC7
6.725,3.412,m4JE8sis3Op0VzKEEpPusw,#588CC7
6.726,3.412,frpkZ1LPvrEtf3d5aBbvHw,#588CC7
6.727,3.413,rJRils9jbgVnUDLaZo3ryg,#588CC7
6.728,3.413,orwufLvBm8_8zhLaikYung,#588CC7
6.734,3.417,4zIUcGlBkVdAbcn9kB6-Tg,#588CC7
6.736,3.401,31TUl6uLqp5sNomrNc1SSg,#588CC7
6.735,3.4,GY2O_iUpFD3a_WiiHF1A4w,#588CC7
6.736,3.418,6kdFeYnvWISfmr4y40KX5Q,#588CC7
6.737,3.401,PBdlbP1bIP54nijVoTq1fQ,#588CC7
6.738,3.419,0GDmYL2yF8LYDxWiUcR6yg,#588CC7
6.74,3.42,AaDg5HNEbKn8VBs9B8nSLA,#588CC7
6.741,3.421,GAAljoGFeT_y9c0uG2VPqA,#588CC7
6.742,3.421,bOKLOtZU0HcTHkImXKEGPQ,#588CC7
6.743,3.422,ZunpvUX96mg04QZY5jrlYA,#588CC7
6.744,3.422,tFnobKbE78uyq-nDQZn0IA,#588CC7
6.746,3.423,WflK6j4Ki95vQQsrdEPwig,#588CC7
6.745,3.423,LCxaN6P_E8JUzhRzeS5AvA,#588CC7
